# Blender v2.79 (sub 0) OBJ File: ''
# www.blender.org
mtllib zaborec.mtl
o 1995_fence.002
v 121.286491 2.230715 11.603992
v 121.286491 4.893778 11.603993
v 121.285591 4.893783 -16.757324
v 121.285591 3.374476 -16.757324
v 121.284393 2.230726 -54.431038
v 121.285492 2.230720 -19.718018
v 121.285492 3.493875 -19.718018
v 121.284393 4.893789 -54.431038
v 121.284393 2.230726 -54.431038
v 121.284393 4.893789 -54.431038
v 77.798286 4.893789 -54.437233
v 77.798286 4.893789 -54.437233
v 77.798286 2.230726 -54.437233
v 121.284393 2.230726 -54.431038
v 121.286491 2.230715 11.603992
v 121.285591 2.230720 -16.757324
v 121.285591 3.374476 -16.757324
v 121.285591 3.374476 -16.757324
v 121.285591 4.893783 -16.757324
v 121.286491 4.893778 11.603993
v 121.286491 2.230715 11.603992
v 121.285492 4.893784 -19.718018
v 121.284393 4.893789 -54.431038
v 121.285492 3.493875 -19.718018
v 82.296890 2.230711 39.830437
v 82.296890 4.893774 39.830437
v 112.912109 4.893774 39.829536
v 112.912109 3.374467 39.829536
v 121.284393 2.230715 11.718864
v 120.908417 2.230714 18.875425
v 120.908417 4.600468 18.875425
v 121.284393 4.893778 11.718865
v 121.284393 4.893778 11.718865
v 120.908417 4.893777 18.875425
v 120.908417 4.600468 18.875425
v 112.912109 2.230711 39.829536
v 82.296890 2.230711 39.830437
v 112.912109 3.374467 39.829536
v 112.912109 3.374467 39.829536
v 112.912109 4.893774 39.829536
v 82.296890 4.893774 39.830437
v 82.296890 2.230711 39.830437
v 112.935547 4.893774 39.829441
v 119.152725 4.893774 39.836807
v 119.152725 3.746314 39.836807
v 112.935547 3.493865 39.829441
v 119.152725 2.230711 39.836807
v 119.152725 3.746314 39.836807
v 112.935547 3.493865 39.829441
v 112.935547 2.230711 39.829441
v 120.908417 2.230714 18.875425
v 120.540230 2.230713 26.215088
v 120.540230 4.305676 26.215088
v 120.908417 4.600468 18.875425
v 120.540230 4.893776 26.215088
v 120.540230 4.305676 26.215088
v 120.908417 4.600468 18.875425
v 120.908417 4.893777 18.875425
v 120.908417 4.893777 18.875425
v 120.908417 4.600468 18.875425
v 120.540230 4.305676 26.215088
v 120.540230 4.893776 26.215088
v 120.540230 2.230713 26.215088
v 119.892761 2.230711 33.654297
v 119.892761 3.999691 33.654297
v 120.540230 4.305676 26.215088
v 119.892761 4.893775 33.654297
v 119.892761 3.999691 33.654297
v 120.540230 4.305676 26.215088
v 120.540230 4.893776 26.215088
v 120.540230 4.893776 26.215088
v 120.540230 4.305676 26.215088
v 119.892761 3.999691 33.654297
v 119.892761 4.893775 33.654297
v 119.892761 2.230711 33.654297
v 119.152725 2.230711 39.836807
v 119.152725 3.746314 39.836807
v 119.892761 3.999691 33.654297
v 119.152725 4.893774 39.836807
v 119.152725 3.746314 39.836807
v 119.892761 3.999691 33.654297
v 119.892761 4.893775 33.654297
v 77.649139 2.230726 -54.431038
v 77.649139 4.893789 -54.431038
v 34.163033 4.893789 -54.437233
v 34.163033 4.893789 -54.437233
v 34.163033 2.230726 -54.437233
v 77.649139 2.230726 -54.431038
v 34.122284 4.893789 -54.431038
v 29.472168 4.893789 -54.431759
v 29.472168 2.540061 -54.431759
v 34.122284 2.230726 -54.431038
v 22.397949 2.923974 -54.432652
v -9.363823 4.893789 -54.437233
v -9.363823 2.230726 -54.437233
v 22.397949 2.230726 -54.432652
v 34.122284 2.230726 -54.431038
v 29.472168 2.230726 -54.431759
v 29.472168 2.540061 -54.431759
v -9.363823 4.893789 -54.437233
v 22.397949 4.893789 -54.432652
v 22.397949 2.923974 -54.432652
v -9.363823 4.893789 -54.437233
v 22.397949 2.923974 -54.432652
v 22.397949 2.230726 -54.432652
v -9.363823 2.230726 -54.437233
v -9.503204 2.230726 -54.431038
v -9.503204 4.893789 -54.431038
v -52.989311 4.893789 -54.437233
v -52.989311 4.893789 -54.437233
v -52.989311 2.230726 -54.437233
v -9.503204 2.230726 -54.431038
v -53.134918 2.230726 -54.431038
v -53.134918 4.893789 -54.431038
v -96.621025 4.893789 -54.437233
v -96.621025 4.893789 -54.437233
v -96.621025 2.230726 -54.437233
v -53.134918 2.230726 -54.431038
v -96.738777 2.230726 -54.404266
v -96.738777 4.893789 -54.404266
v -96.744972 4.893782 -10.918157
v -96.738777 2.230726 -54.404266
v -96.744972 2.230719 -10.918158
v -96.744972 4.893782 -10.918157
v -96.738777 2.230719 -10.884977
v -96.738777 4.893782 -10.884976
v -96.742012 4.893778 11.594573
v -96.742012 3.620969 11.594573
v -96.738777 2.230719 -10.884977
v -96.742012 2.230715 11.594572
v -96.742012 3.620969 11.594573
v 37.784435 2.230711 39.830437
v 37.784435 4.893774 39.830437
v 66.145752 4.893774 39.829536
v 66.145752 3.374467 39.829536
v 37.784435 2.230711 39.830437
v 66.145752 2.230711 39.829536
v 66.145752 3.374467 39.829536
v 66.145752 3.374467 39.829536
v 66.145752 4.893774 39.829536
v 37.784435 4.893774 39.830437
v 37.784435 2.230711 39.830437
v 66.169189 4.893774 39.829441
v 72.386368 4.893774 39.836807
v 72.386368 3.746314 39.836807
v 66.169189 3.493865 39.829441
v 72.386368 2.230711 39.836807
v 72.386368 3.746314 39.836807
v 66.169189 3.493865 39.829441
v 66.169189 2.230711 39.829441
v 3.120617 2.230711 39.830437
v 3.120617 4.893774 39.830437
v 31.481934 4.893774 39.829536
v 31.481934 3.374467 39.829536
v 3.120617 2.230711 39.830437
v 31.481934 2.230711 39.829536
v 31.481934 3.374467 39.829536
v 31.481934 3.374467 39.829536
v 31.481934 4.893774 39.829536
v 3.120617 4.893774 39.830437
v 3.120617 2.230711 39.830437
v 31.505371 4.893774 39.829441
v 37.722549 4.893774 39.836807
v 37.722553 3.746314 39.836807
v 31.505371 3.493865 39.829441
v 37.722553 2.230711 39.836807
v 37.722553 3.746314 39.836807
v 31.505371 3.493865 39.829441
v 31.505371 2.230711 39.829441
v -31.587391 2.230711 39.830437
v -31.587391 4.893774 39.830437
v -3.226074 4.893774 39.829536
v -3.226074 3.374467 39.829536
v -31.587391 2.230711 39.830437
v -3.226074 2.230711 39.829536
v -3.226074 3.374467 39.829536
v -3.226074 3.374467 39.829536
v -3.226074 4.893774 39.829536
v -31.587391 4.893774 39.830437
v -31.587391 2.230711 39.830437
v -3.202637 4.893774 39.829441
v 3.014544 4.893774 39.836807
v 3.014545 3.746314 39.836807
v -3.202637 3.493865 39.829441
v 3.014545 2.230711 39.836807
v 3.014545 3.746314 39.836807
v -3.202637 3.493865 39.829441
v -3.202637 2.230711 39.829441
v -43.893555 3.126567 39.829731
v -37.900269 3.374467 39.829536
v -37.900269 2.230711 39.829536
v -43.893555 2.230711 39.829731
v -43.893555 4.893774 39.829731
v -43.893555 3.126567 39.829731
v -37.900269 3.374467 39.829536
v -37.900269 4.893774 39.829536
v -37.876831 4.893774 39.829441
v -31.659651 4.893774 39.836807
v -31.659649 3.746314 39.836807
v -37.876831 3.493865 39.829441
v -37.876831 3.493865 39.829441
v -37.876831 2.230711 39.829441
v -31.659649 2.230711 39.836807
v -31.659649 3.746314 39.836807
v -43.893555 2.230711 39.829731
v -37.900269 2.230711 39.829536
v -37.900269 3.374467 39.829536
v -43.893555 3.126567 39.829731
v 121.356995 2.048384 11.581940
v 121.336082 2.048384 11.531464
v 121.336090 5.048384 11.531465
v 121.336090 5.048384 11.531465
v 121.356995 5.048384 11.581941
v 121.356995 2.048384 11.581940
v 121.336082 2.048384 11.531464
v 121.285606 2.048384 11.510555
v 121.285614 5.048384 11.510556
v 121.285614 5.048384 11.510556
v 121.336090 5.048384 11.531465
v 121.336082 2.048384 11.531464
v 121.285606 2.048384 11.510555
v 121.235130 2.048384 11.531464
v 121.235138 5.048384 11.531465
v 121.235138 5.048384 11.531465
v 121.285614 5.048384 11.510556
v 121.285606 2.048384 11.510555
v 121.235130 2.048384 11.531464
v 121.214226 2.048384 11.581940
v 121.214226 5.048384 11.581941
v 121.214226 5.048384 11.581941
v 121.235138 5.048384 11.531465
v 121.235130 2.048384 11.531464
v 121.214226 2.048384 11.581940
v 121.235130 2.048384 11.632416
v 121.235138 5.048384 11.632417
v 121.235138 5.048384 11.632417
v 121.214226 5.048384 11.581941
v 121.214226 2.048384 11.581940
v 121.235130 2.048384 11.632416
v 121.285606 2.048384 11.653324
v 121.285614 5.048384 11.653329
v 121.285614 5.048384 11.653329
v 121.235138 5.048384 11.632417
v 121.235130 2.048384 11.632416
v 121.285606 2.048384 11.653324
v 121.336082 2.048384 11.632416
v 121.336090 5.048384 11.632417
v 121.336090 5.048384 11.632417
v 121.285614 5.048384 11.653329
v 121.285606 2.048384 11.653324
v 121.336082 2.048384 11.632416
v 121.356995 2.048384 11.581940
v 121.356995 5.048384 11.581941
v 121.356995 5.048384 11.581941
v 121.336090 5.048384 11.632417
v 121.336082 2.048384 11.632416
v 121.336090 5.048384 11.531465
v 121.285614 5.048384 11.510556
v 121.235138 5.048384 11.531465
v 121.235138 5.048384 11.531465
v 121.214226 5.048384 11.581941
v 121.235138 5.048384 11.632417
v 121.235138 5.048384 11.632417
v 121.285614 5.048384 11.653329
v 121.336090 5.048384 11.632417
v 121.235138 5.048384 11.531465
v 121.235138 5.048384 11.632417
v 121.336090 5.048384 11.632417
v 121.336090 5.048384 11.531465
v 121.235138 5.048384 11.531465
v 121.336090 5.048384 11.632417
v 121.356995 5.048384 11.581941
v 121.336090 5.048384 11.531465
v 121.336090 5.048384 11.632417
v 121.356995 2.048395 -54.429520
v 121.336082 2.048395 -54.479996
v 121.336090 5.048395 -54.479996
v 121.336090 5.048395 -54.479996
v 121.356995 5.048395 -54.429520
v 121.356995 2.048395 -54.429520
v 121.336082 2.048395 -54.479996
v 121.285606 2.048395 -54.500904
v 121.285614 5.048395 -54.500908
v 121.285614 5.048395 -54.500908
v 121.336090 5.048395 -54.479996
v 121.336082 2.048395 -54.479996
v 121.285606 2.048395 -54.500904
v 121.235130 2.048395 -54.479996
v 121.235138 5.048395 -54.479996
v 121.235138 5.048395 -54.479996
v 121.285614 5.048395 -54.500908
v 121.285606 2.048395 -54.500904
v 121.235130 2.048395 -54.479996
v 121.214226 2.048395 -54.429520
v 121.214226 5.048395 -54.429520
v 121.214226 5.048395 -54.429520
v 121.235138 5.048395 -54.479996
v 121.235130 2.048395 -54.479996
v 121.214226 2.048395 -54.429520
v 121.235130 2.048395 -54.379044
v 121.235138 5.048395 -54.379044
v 121.235138 5.048395 -54.379044
v 121.214226 5.048395 -54.429520
v 121.214226 2.048395 -54.429520
v 121.235130 2.048395 -54.379044
v 121.285606 2.048395 -54.358135
v 121.285614 5.048395 -54.358135
v 121.285614 5.048395 -54.358135
v 121.235138 5.048395 -54.379044
v 121.235130 2.048395 -54.379044
v 121.285606 2.048395 -54.358135
v 121.336082 2.048395 -54.379044
v 121.336090 5.048395 -54.379044
v 121.336090 5.048395 -54.379044
v 121.285614 5.048395 -54.358135
v 121.285606 2.048395 -54.358135
v 121.336082 2.048395 -54.379044
v 121.356995 2.048395 -54.429520
v 121.356995 5.048395 -54.429520
v 121.356995 5.048395 -54.429520
v 121.336090 5.048395 -54.379044
v 121.336082 2.048395 -54.379044
v 121.336090 5.048395 -54.479996
v 121.285614 5.048395 -54.500908
v 121.235138 5.048395 -54.479996
v 121.235138 5.048395 -54.479996
v 121.214226 5.048395 -54.429520
v 121.235138 5.048395 -54.379044
v 121.235138 5.048395 -54.379044
v 121.285614 5.048395 -54.358135
v 121.336090 5.048395 -54.379044
v 121.235138 5.048395 -54.479996
v 121.235138 5.048395 -54.379044
v 121.336090 5.048395 -54.379044
v 121.336090 5.048395 -54.479996
v 121.235138 5.048395 -54.479996
v 121.336090 5.048395 -54.379044
v 121.356995 5.048395 -54.429520
v 121.336090 5.048395 -54.479996
v 121.336090 5.048395 -54.379044
v 121.356995 2.048391 -32.497475
v 121.336082 2.048391 -32.547947
v 121.336090 5.048391 -32.547951
v 121.336090 5.048391 -32.547951
v 121.356995 5.048391 -32.497475
v 121.356995 2.048391 -32.497475
v 121.336082 2.048391 -32.547947
v 121.285606 2.048391 -32.568855
v 121.285614 5.048391 -32.568855
v 121.285614 5.048391 -32.568855
v 121.336090 5.048391 -32.547951
v 121.336082 2.048391 -32.547947
v 121.285606 2.048391 -32.568855
v 121.235130 2.048391 -32.547947
v 121.235138 5.048391 -32.547951
v 121.235138 5.048391 -32.547951
v 121.285614 5.048391 -32.568855
v 121.285606 2.048391 -32.568855
v 121.235130 2.048391 -32.547947
v 121.214226 2.048391 -32.497475
v 121.214226 5.048391 -32.497475
v 121.214226 5.048391 -32.497475
v 121.235138 5.048391 -32.547951
v 121.235130 2.048391 -32.547947
v 121.214226 2.048391 -32.497475
v 121.235130 2.048391 -32.446999
v 121.235138 5.048391 -32.446999
v 121.235138 5.048391 -32.446999
v 121.214226 5.048391 -32.497475
v 121.214226 2.048391 -32.497475
v 121.235130 2.048391 -32.446999
v 121.285606 2.048391 -32.426090
v 121.285614 5.048391 -32.426090
v 121.285614 5.048391 -32.426090
v 121.235138 5.048391 -32.446999
v 121.235130 2.048391 -32.446999
v 121.285606 2.048391 -32.426090
v 121.336082 2.048391 -32.446999
v 121.336090 5.048391 -32.446999
v 121.336090 5.048391 -32.446999
v 121.285614 5.048391 -32.426090
v 121.285606 2.048391 -32.426090
v 121.336082 2.048391 -32.446999
v 121.356995 2.048391 -32.497475
v 121.356995 5.048391 -32.497475
v 121.356995 5.048391 -32.497475
v 121.336090 5.048391 -32.446999
v 121.336082 2.048391 -32.446999
v 121.336090 5.048391 -32.547951
v 121.285614 5.048391 -32.568855
v 121.235138 5.048391 -32.547951
v 121.235138 5.048391 -32.547951
v 121.214226 5.048391 -32.497475
v 121.235138 5.048391 -32.446999
v 121.235138 5.048391 -32.446999
v 121.285614 5.048391 -32.426090
v 121.336090 5.048391 -32.446999
v 121.235138 5.048391 -32.547951
v 121.235138 5.048391 -32.446999
v 121.336090 5.048391 -32.446999
v 121.336090 5.048391 -32.547951
v 121.235138 5.048391 -32.547951
v 121.336090 5.048391 -32.446999
v 121.356995 5.048391 -32.497475
v 121.336090 5.048391 -32.547951
v 121.336090 5.048391 -32.446999
v 106.364342 2.048395 -54.429520
v 106.343437 2.048395 -54.479996
v 106.343437 5.048395 -54.479996
v 106.343437 5.048395 -54.479996
v 106.364342 5.048395 -54.429520
v 106.364342 2.048395 -54.429520
v 106.343437 2.048395 -54.479996
v 106.292961 2.048395 -54.500904
v 106.292961 5.048395 -54.500908
v 106.292961 5.048395 -54.500908
v 106.343437 5.048395 -54.479996
v 106.343437 2.048395 -54.479996
v 106.292961 2.048395 -54.500904
v 106.242485 2.048395 -54.479996
v 106.242485 5.048395 -54.479996
v 106.242485 5.048395 -54.479996
v 106.292961 5.048395 -54.500908
v 106.292961 2.048395 -54.500904
v 106.242485 2.048395 -54.479996
v 106.221581 2.048395 -54.429520
v 106.221581 5.048395 -54.429520
v 106.221581 5.048395 -54.429520
v 106.242485 5.048395 -54.479996
v 106.242485 2.048395 -54.479996
v 106.221581 2.048395 -54.429520
v 106.242485 2.048395 -54.379044
v 106.242485 5.048395 -54.379044
v 106.242485 5.048395 -54.379044
v 106.221581 5.048395 -54.429520
v 106.221581 2.048395 -54.429520
v 106.242485 2.048395 -54.379044
v 106.292961 2.048395 -54.358135
v 106.292961 5.048395 -54.358135
v 106.292961 5.048395 -54.358135
v 106.242485 5.048395 -54.379044
v 106.242485 2.048395 -54.379044
v 106.292961 2.048395 -54.358135
v 106.343437 2.048395 -54.379044
v 106.343437 5.048395 -54.379044
v 106.343437 5.048395 -54.379044
v 106.292961 5.048395 -54.358135
v 106.292961 2.048395 -54.358135
v 106.343437 2.048395 -54.379044
v 106.364342 2.048395 -54.429520
v 106.364342 5.048395 -54.429520
v 106.364342 5.048395 -54.429520
v 106.343437 5.048395 -54.379044
v 106.343437 2.048395 -54.379044
v 106.343437 5.048395 -54.479996
v 106.292961 5.048395 -54.500908
v 106.242485 5.048395 -54.479996
v 106.242485 5.048395 -54.479996
v 106.221581 5.048395 -54.429520
v 106.242485 5.048395 -54.379044
v 106.242485 5.048395 -54.379044
v 106.292961 5.048395 -54.358135
v 106.343437 5.048395 -54.379044
v 106.242485 5.048395 -54.479996
v 106.242485 5.048395 -54.379044
v 106.343437 5.048395 -54.379044
v 106.343437 5.048395 -54.479996
v 106.242485 5.048395 -54.479996
v 106.343437 5.048395 -54.379044
v 106.364342 5.048395 -54.429520
v 106.343437 5.048395 -54.479996
v 106.343437 5.048395 -54.379044
v 113.860794 2.048395 -54.429520
v 113.839882 2.048395 -54.479996
v 113.839882 5.048395 -54.479996
v 113.839882 5.048395 -54.479996
v 113.860794 5.048395 -54.429520
v 113.860794 2.048395 -54.429520
v 113.839882 2.048395 -54.479996
v 113.789413 2.048395 -54.500904
v 113.789413 5.048395 -54.500908
v 113.789413 5.048395 -54.500908
v 113.839882 5.048395 -54.479996
v 113.839882 2.048395 -54.479996
v 113.789413 2.048395 -54.500904
v 113.738937 2.048395 -54.479996
v 113.738937 5.048395 -54.479996
v 113.738937 5.048395 -54.479996
v 113.789413 5.048395 -54.500908
v 113.789413 2.048395 -54.500904
v 113.738937 2.048395 -54.479996
v 113.718025 2.048395 -54.429520
v 113.718025 5.048395 -54.429520
v 113.718025 5.048395 -54.429520
v 113.738937 5.048395 -54.479996
v 113.738937 2.048395 -54.479996
v 113.718025 2.048395 -54.429520
v 113.738937 2.048395 -54.379044
v 113.738937 5.048395 -54.379044
v 113.738937 5.048395 -54.379044
v 113.718025 5.048395 -54.429520
v 113.718025 2.048395 -54.429520
v 113.738937 2.048395 -54.379044
v 113.789413 2.048395 -54.358135
v 113.789413 5.048395 -54.358135
v 113.789413 5.048395 -54.358135
v 113.738937 5.048395 -54.379044
v 113.738937 2.048395 -54.379044
v 113.789413 2.048395 -54.358135
v 113.839882 2.048395 -54.379044
v 113.839882 5.048395 -54.379044
v 113.839882 5.048395 -54.379044
v 113.789413 5.048395 -54.358135
v 113.789413 2.048395 -54.358135
v 113.839882 2.048395 -54.379044
v 113.860794 2.048395 -54.429520
v 113.860794 5.048395 -54.429520
v 113.860794 5.048395 -54.429520
v 113.839882 5.048395 -54.379044
v 113.839882 2.048395 -54.379044
v 113.839882 5.048395 -54.479996
v 113.789413 5.048395 -54.500908
v 113.738937 5.048395 -54.479996
v 113.738937 5.048395 -54.479996
v 113.718025 5.048395 -54.429520
v 113.738937 5.048395 -54.379044
v 113.738937 5.048395 -54.379044
v 113.789413 5.048395 -54.358135
v 113.839882 5.048395 -54.379044
v 113.738937 5.048395 -54.479996
v 113.738937 5.048395 -54.379044
v 113.839882 5.048395 -54.379044
v 113.839882 5.048395 -54.479996
v 113.738937 5.048395 -54.479996
v 113.839882 5.048395 -54.379044
v 113.860794 5.048395 -54.429520
v 113.839882 5.048395 -54.479996
v 113.839882 5.048395 -54.379044
v 98.873390 2.048395 -54.429520
v 98.852478 2.048395 -54.479996
v 98.852478 5.048395 -54.479996
v 98.852478 5.048395 -54.479996
v 98.873390 5.048395 -54.429520
v 98.873390 2.048395 -54.429520
v 98.852478 2.048395 -54.479996
v 98.802010 2.048395 -54.500904
v 98.802010 5.048395 -54.500908
v 98.802010 5.048395 -54.500908
v 98.852478 5.048395 -54.479996
v 98.852478 2.048395 -54.479996
v 98.802010 2.048395 -54.500904
v 98.751534 2.048395 -54.479996
v 98.751534 5.048395 -54.479996
v 98.751534 5.048395 -54.479996
v 98.802010 5.048395 -54.500908
v 98.802010 2.048395 -54.500904
v 98.751534 2.048395 -54.479996
v 98.730621 2.048395 -54.429520
v 98.730621 5.048395 -54.429520
v 98.730621 5.048395 -54.429520
v 98.751534 5.048395 -54.479996
v 98.751534 2.048395 -54.479996
v 98.730621 2.048395 -54.429520
v 98.751534 2.048395 -54.379044
v 98.751534 5.048395 -54.379044
v 98.751534 5.048395 -54.379044
v 98.730621 5.048395 -54.429520
v 98.730621 2.048395 -54.429520
v 98.751534 2.048395 -54.379044
v 98.802010 2.048395 -54.358135
v 98.802010 5.048395 -54.358135
v 98.802010 5.048395 -54.358135
v 98.751534 5.048395 -54.379044
v 98.751534 2.048395 -54.379044
v 98.802010 2.048395 -54.358135
v 98.852478 2.048395 -54.379044
v 98.852478 5.048395 -54.379044
v 98.852478 5.048395 -54.379044
v 98.802010 5.048395 -54.358135
v 98.802010 2.048395 -54.358135
v 98.852478 2.048395 -54.379044
v 98.873390 2.048395 -54.429520
v 98.873390 5.048395 -54.429520
v 98.873390 5.048395 -54.429520
v 98.852478 5.048395 -54.379044
v 98.852478 2.048395 -54.379044
v 98.852478 5.048395 -54.479996
v 98.802010 5.048395 -54.500908
v 98.751534 5.048395 -54.479996
v 98.751534 5.048395 -54.479996
v 98.730621 5.048395 -54.429520
v 98.751534 5.048395 -54.379044
v 98.751534 5.048395 -54.379044
v 98.802010 5.048395 -54.358135
v 98.852478 5.048395 -54.379044
v 98.751534 5.048395 -54.479996
v 98.751534 5.048395 -54.379044
v 98.852478 5.048395 -54.379044
v 98.852478 5.048395 -54.479996
v 98.751534 5.048395 -54.479996
v 98.852478 5.048395 -54.379044
v 98.873390 5.048395 -54.429520
v 98.852478 5.048395 -54.479996
v 98.852478 5.048395 -54.379044
v 83.837280 2.048395 -54.429520
v 83.816376 2.048395 -54.479996
v 83.816376 5.048395 -54.479996
v 83.816376 5.048395 -54.479996
v 83.837280 5.048395 -54.429520
v 83.837280 2.048395 -54.429520
v 83.816376 2.048395 -54.479996
v 83.765900 2.048395 -54.500904
v 83.765900 5.048395 -54.500908
v 83.765900 5.048395 -54.500908
v 83.816376 5.048395 -54.479996
v 83.816376 2.048395 -54.479996
v 83.765900 2.048395 -54.500904
v 83.715424 2.048395 -54.479996
v 83.715424 5.048395 -54.479996
v 83.715424 5.048395 -54.479996
v 83.765900 5.048395 -54.500908
v 83.765900 2.048395 -54.500904
v 83.715424 2.048395 -54.479996
v 83.694519 2.048395 -54.429520
v 83.694519 5.048395 -54.429520
v 83.694519 5.048395 -54.429520
v 83.715424 5.048395 -54.479996
v 83.715424 2.048395 -54.479996
v 83.694519 2.048395 -54.429520
v 83.715424 2.048395 -54.379044
v 83.715424 5.048395 -54.379044
v 83.715424 5.048395 -54.379044
v 83.694519 5.048395 -54.429520
v 83.694519 2.048395 -54.429520
v 83.715424 2.048395 -54.379044
v 83.765900 2.048395 -54.358135
v 83.765900 5.048395 -54.358135
v 83.765900 5.048395 -54.358135
v 83.715424 5.048395 -54.379044
v 83.715424 2.048395 -54.379044
v 83.765900 2.048395 -54.358135
v 83.816376 2.048395 -54.379044
v 83.816376 5.048395 -54.379044
v 83.816376 5.048395 -54.379044
v 83.765900 5.048395 -54.358135
v 83.765900 2.048395 -54.358135
v 83.816376 2.048395 -54.379044
v 83.837280 2.048395 -54.429520
v 83.837280 5.048395 -54.429520
v 83.837280 5.048395 -54.429520
v 83.816376 5.048395 -54.379044
v 83.816376 2.048395 -54.379044
v 83.816376 5.048395 -54.479996
v 83.765900 5.048395 -54.500908
v 83.715424 5.048395 -54.479996
v 83.715424 5.048395 -54.479996
v 83.694519 5.048395 -54.429520
v 83.715424 5.048395 -54.379044
v 83.715424 5.048395 -54.379044
v 83.765900 5.048395 -54.358135
v 83.816376 5.048395 -54.379044
v 83.715424 5.048395 -54.479996
v 83.715424 5.048395 -54.379044
v 83.816376 5.048395 -54.379044
v 83.816376 5.048395 -54.479996
v 83.715424 5.048395 -54.479996
v 83.816376 5.048395 -54.379044
v 83.837280 5.048395 -54.429520
v 83.816376 5.048395 -54.479996
v 83.816376 5.048395 -54.379044
v 91.333733 2.048395 -54.429520
v 91.312820 2.048395 -54.479996
v 91.312820 5.048395 -54.479996
v 91.312820 5.048395 -54.479996
v 91.333733 5.048395 -54.429520
v 91.333733 2.048395 -54.429520
v 91.312820 2.048395 -54.479996
v 91.262344 2.048395 -54.500904
v 91.262344 5.048395 -54.500908
v 91.262344 5.048395 -54.500908
v 91.312820 5.048395 -54.479996
v 91.312820 2.048395 -54.479996
v 91.262344 2.048395 -54.500904
v 91.211868 2.048395 -54.479996
v 91.211868 5.048395 -54.479996
v 91.211868 5.048395 -54.479996
v 91.262344 5.048395 -54.500908
v 91.262344 2.048395 -54.500904
v 91.211868 2.048395 -54.479996
v 91.190964 2.048395 -54.429520
v 91.190964 5.048395 -54.429520
v 91.190964 5.048395 -54.429520
v 91.211868 5.048395 -54.479996
v 91.211868 2.048395 -54.479996
v 91.190964 2.048395 -54.429520
v 91.211868 2.048395 -54.379044
v 91.211868 5.048395 -54.379044
v 91.211868 5.048395 -54.379044
v 91.190964 5.048395 -54.429520
v 91.190964 2.048395 -54.429520
v 91.211868 2.048395 -54.379044
v 91.262344 2.048395 -54.358135
v 91.262344 5.048395 -54.358135
v 91.262344 5.048395 -54.358135
v 91.211868 5.048395 -54.379044
v 91.211868 2.048395 -54.379044
v 91.262344 2.048395 -54.358135
v 91.312820 2.048395 -54.379044
v 91.312820 5.048395 -54.379044
v 91.312820 5.048395 -54.379044
v 91.262344 5.048395 -54.358135
v 91.262344 2.048395 -54.358135
v 91.312820 2.048395 -54.379044
v 91.333733 2.048395 -54.429520
v 91.333733 5.048395 -54.429520
v 91.333733 5.048395 -54.429520
v 91.312820 5.048395 -54.379044
v 91.312820 2.048395 -54.379044
v 91.312820 5.048395 -54.479996
v 91.262344 5.048395 -54.500908
v 91.211868 5.048395 -54.479996
v 91.211868 5.048395 -54.479996
v 91.190964 5.048395 -54.429520
v 91.211868 5.048395 -54.379044
v 91.211868 5.048395 -54.379044
v 91.262344 5.048395 -54.358135
v 91.312820 5.048395 -54.379044
v 91.211868 5.048395 -54.479996
v 91.211868 5.048395 -54.379044
v 91.312820 5.048395 -54.379044
v 91.312820 5.048395 -54.479996
v 91.211868 5.048395 -54.479996
v 91.312820 5.048395 -54.379044
v 91.333733 5.048395 -54.429520
v 91.312820 5.048395 -54.479996
v 91.312820 5.048395 -54.379044
v 77.870819 2.048395 -54.429520
v 77.849907 2.048395 -54.479996
v 77.849907 5.048395 -54.479996
v 77.849907 5.048395 -54.479996
v 77.870811 5.048395 -54.429520
v 77.870819 2.048395 -54.429520
v 77.849907 2.048395 -54.479996
v 77.799431 2.048395 -54.500904
v 77.799431 5.048395 -54.500908
v 77.799431 5.048395 -54.500908
v 77.849907 5.048395 -54.479996
v 77.849907 2.048395 -54.479996
v 77.799431 2.048395 -54.500904
v 77.748955 2.048395 -54.479996
v 77.748955 5.048395 -54.479996
v 77.748955 5.048395 -54.479996
v 77.799431 5.048395 -54.500908
v 77.799431 2.048395 -54.500904
v 77.748955 2.048395 -54.479996
v 77.728050 2.048395 -54.429520
v 77.728050 5.048395 -54.429520
v 77.728050 5.048395 -54.429520
v 77.748955 5.048395 -54.479996
v 77.748955 2.048395 -54.479996
v 77.728050 2.048395 -54.429520
v 77.748955 2.048395 -54.379044
v 77.748955 5.048395 -54.379044
v 77.748955 5.048395 -54.379044
v 77.728050 5.048395 -54.429520
v 77.728050 2.048395 -54.429520
v 77.748955 2.048395 -54.379044
v 77.799431 2.048395 -54.358135
v 77.799431 5.048395 -54.358135
v 77.799431 5.048395 -54.358135
v 77.748955 5.048395 -54.379044
v 77.748955 2.048395 -54.379044
v 77.799431 2.048395 -54.358135
v 77.849907 2.048395 -54.379044
v 77.849907 5.048395 -54.379044
v 77.849907 5.048395 -54.379044
v 77.799431 5.048395 -54.358135
v 77.799431 2.048395 -54.358135
v 77.849907 2.048395 -54.379044
v 77.870819 2.048395 -54.429520
v 77.870811 5.048395 -54.429520
v 77.870811 5.048395 -54.429520
v 77.849907 5.048395 -54.379044
v 77.849907 2.048395 -54.379044
v 77.849907 5.048395 -54.479996
v 77.799431 5.048395 -54.500908
v 77.748955 5.048395 -54.479996
v 77.748955 5.048395 -54.479996
v 77.728050 5.048395 -54.429520
v 77.748955 5.048395 -54.379044
v 77.748955 5.048395 -54.379044
v 77.799431 5.048395 -54.358135
v 77.849907 5.048395 -54.379044
v 77.748955 5.048395 -54.479996
v 77.748955 5.048395 -54.379044
v 77.849907 5.048395 -54.379044
v 77.849907 5.048395 -54.479996
v 77.748955 5.048395 -54.479996
v 77.849907 5.048395 -54.379044
v 77.870811 5.048395 -54.429520
v 77.849907 5.048395 -54.479996
v 77.849907 5.048395 -54.379044
v 121.356995 2.048394 -47.275467
v 121.336082 2.048394 -47.325943
v 121.336090 5.048394 -47.325943
v 121.336090 5.048394 -47.325943
v 121.356995 5.048394 -47.275467
v 121.356995 2.048394 -47.275467
v 121.336082 2.048394 -47.325943
v 121.285606 2.048394 -47.346848
v 121.285614 5.048394 -47.346848
v 121.285614 5.048394 -47.346848
v 121.336090 5.048394 -47.325943
v 121.336082 2.048394 -47.325943
v 121.285606 2.048394 -47.346848
v 121.235130 2.048394 -47.325943
v 121.235138 5.048394 -47.325943
v 121.235138 5.048394 -47.325943
v 121.285614 5.048394 -47.346848
v 121.285606 2.048394 -47.346848
v 121.235130 2.048394 -47.325943
v 121.214226 2.048394 -47.275467
v 121.214226 5.048394 -47.275467
v 121.214226 5.048394 -47.275467
v 121.235138 5.048394 -47.325943
v 121.235130 2.048394 -47.325943
v 121.214226 2.048394 -47.275467
v 121.235130 2.048394 -47.224991
v 121.235138 5.048394 -47.224991
v 121.235138 5.048394 -47.224991
v 121.214226 5.048394 -47.275467
v 121.214226 2.048394 -47.275467
v 121.235130 2.048394 -47.224991
v 121.285606 2.048394 -47.204082
v 121.285614 5.048394 -47.204082
v 121.285614 5.048394 -47.204082
v 121.235138 5.048394 -47.224991
v 121.235130 2.048394 -47.224991
v 121.285606 2.048394 -47.204082
v 121.336082 2.048394 -47.224991
v 121.336090 5.048394 -47.224991
v 121.336090 5.048394 -47.224991
v 121.285614 5.048394 -47.204082
v 121.285606 2.048394 -47.204082
v 121.336082 2.048394 -47.224991
v 121.356995 2.048394 -47.275467
v 121.356995 5.048394 -47.275467
v 121.356995 5.048394 -47.275467
v 121.336090 5.048394 -47.224991
v 121.336082 2.048394 -47.224991
v 121.336090 5.048394 -47.325943
v 121.285614 5.048394 -47.346848
v 121.235138 5.048394 -47.325943
v 121.235138 5.048394 -47.325943
v 121.214226 5.048394 -47.275467
v 121.235138 5.048394 -47.224991
v 121.235138 5.048394 -47.224991
v 121.285614 5.048394 -47.204082
v 121.336090 5.048394 -47.224991
v 121.235138 5.048394 -47.325943
v 121.235138 5.048394 -47.224991
v 121.336090 5.048394 -47.224991
v 121.336090 5.048394 -47.325943
v 121.235138 5.048394 -47.325943
v 121.336090 5.048394 -47.224991
v 121.356995 5.048394 -47.275467
v 121.336090 5.048394 -47.325943
v 121.336090 5.048394 -47.224991
v 121.356995 2.048390 -25.223692
v 121.336082 2.048390 -25.274166
v 121.336090 5.048390 -25.274166
v 121.336090 5.048390 -25.274166
v 121.356995 5.048390 -25.223692
v 121.356995 2.048390 -25.223692
v 121.336082 2.048390 -25.274166
v 121.285606 2.048390 -25.295074
v 121.285614 5.048390 -25.295074
v 121.285614 5.048390 -25.295074
v 121.336090 5.048390 -25.274166
v 121.336082 2.048390 -25.274166
v 121.285606 2.048390 -25.295074
v 121.235130 2.048390 -25.274166
v 121.235138 5.048390 -25.274166
v 121.235138 5.048390 -25.274166
v 121.285614 5.048390 -25.295074
v 121.285606 2.048390 -25.295074
v 121.235130 2.048390 -25.274166
v 121.214226 2.048390 -25.223692
v 121.214226 5.048390 -25.223692
v 121.214226 5.048390 -25.223692
v 121.235138 5.048390 -25.274166
v 121.235130 2.048390 -25.274166
v 121.214226 2.048390 -25.223692
v 121.235130 2.048390 -25.173216
v 121.235138 5.048390 -25.173216
v 121.235138 5.048390 -25.173216
v 121.214226 5.048390 -25.223692
v 121.214226 2.048390 -25.223692
v 121.235130 2.048390 -25.173216
v 121.285606 2.048390 -25.152308
v 121.285614 5.048390 -25.152308
v 121.285614 5.048390 -25.152308
v 121.235138 5.048390 -25.173216
v 121.235130 2.048390 -25.173216
v 121.285606 2.048390 -25.152308
v 121.336082 2.048390 -25.173216
v 121.336090 5.048390 -25.173216
v 121.336090 5.048390 -25.173216
v 121.285614 5.048390 -25.152308
v 121.285606 2.048390 -25.152308
v 121.336082 2.048390 -25.173216
v 121.356995 2.048390 -25.223692
v 121.356995 5.048390 -25.223692
v 121.356995 5.048390 -25.223692
v 121.336090 5.048390 -25.173216
v 121.336082 2.048390 -25.173216
v 121.336090 5.048390 -25.274166
v 121.285614 5.048390 -25.295074
v 121.235138 5.048390 -25.274166
v 121.235138 5.048390 -25.274166
v 121.214226 5.048390 -25.223692
v 121.235138 5.048390 -25.173216
v 121.235138 5.048390 -25.173216
v 121.285614 5.048390 -25.152308
v 121.336090 5.048390 -25.173216
v 121.235138 5.048390 -25.274166
v 121.235138 5.048390 -25.173216
v 121.336090 5.048390 -25.173216
v 121.336090 5.048390 -25.274166
v 121.235138 5.048390 -25.274166
v 121.336090 5.048390 -25.173216
v 121.356995 5.048390 -25.223692
v 121.336090 5.048390 -25.274166
v 121.336090 5.048390 -25.173216
v 121.356995 2.048393 -40.060333
v 121.336082 2.048393 -40.110809
v 121.336090 5.048393 -40.110813
v 121.336090 5.048393 -40.110813
v 121.356995 5.048393 -40.060337
v 121.356995 2.048393 -40.060333
v 121.336082 2.048393 -40.110809
v 121.285606 2.048393 -40.131718
v 121.285614 5.048393 -40.131718
v 121.285614 5.048393 -40.131718
v 121.336090 5.048393 -40.110813
v 121.336082 2.048393 -40.110809
v 121.285606 2.048393 -40.131718
v 121.235130 2.048393 -40.110809
v 121.235138 5.048393 -40.110813
v 121.235138 5.048393 -40.110813
v 121.285614 5.048393 -40.131718
v 121.285606 2.048393 -40.131718
v 121.235130 2.048393 -40.110809
v 121.214226 2.048393 -40.060333
v 121.214226 5.048393 -40.060337
v 121.214226 5.048393 -40.060337
v 121.235138 5.048393 -40.110813
v 121.235130 2.048393 -40.110809
v 121.214226 2.048393 -40.060333
v 121.235130 2.048393 -40.009857
v 121.235138 5.048393 -40.009861
v 121.235138 5.048393 -40.009861
v 121.214226 5.048393 -40.060337
v 121.214226 2.048393 -40.060333
v 121.235130 2.048393 -40.009857
v 121.285606 2.048393 -39.988953
v 121.285614 5.048393 -39.988953
v 121.285614 5.048393 -39.988953
v 121.235138 5.048393 -40.009861
v 121.235130 2.048393 -40.009857
v 121.285606 2.048393 -39.988953
v 121.336082 2.048393 -40.009857
v 121.336090 5.048393 -40.009861
v 121.336090 5.048393 -40.009861
v 121.285614 5.048393 -39.988953
v 121.285606 2.048393 -39.988953
v 121.336082 2.048393 -40.009857
v 121.356995 2.048393 -40.060333
v 121.356995 5.048393 -40.060337
v 121.356995 5.048393 -40.060337
v 121.336090 5.048393 -40.009861
v 121.336082 2.048393 -40.009857
v 121.336090 5.048393 -40.110813
v 121.285614 5.048393 -40.131718
v 121.235138 5.048393 -40.110813
v 121.235138 5.048393 -40.110813
v 121.214226 5.048393 -40.060337
v 121.235138 5.048393 -40.009861
v 121.235138 5.048393 -40.009861
v 121.285614 5.048393 -39.988953
v 121.336090 5.048393 -40.009861
v 121.235138 5.048393 -40.110813
v 121.235138 5.048393 -40.009861
v 121.336090 5.048393 -40.009861
v 121.336090 5.048393 -40.110813
v 121.235138 5.048393 -40.110813
v 121.336090 5.048393 -40.009861
v 121.356995 5.048393 -40.060337
v 121.336090 5.048393 -40.110813
v 121.336090 5.048393 -40.009861
v 121.356995 2.048389 -16.748934
v 121.336082 2.048389 -16.799410
v 121.336090 5.048389 -16.799410
v 121.336090 5.048389 -16.799410
v 121.356995 5.048389 -16.748934
v 121.356995 2.048389 -16.748934
v 121.336082 2.048389 -16.799410
v 121.285606 2.048389 -16.820316
v 121.285614 5.048389 -16.820316
v 121.285614 5.048389 -16.820316
v 121.336090 5.048389 -16.799410
v 121.336082 2.048389 -16.799410
v 121.285606 2.048389 -16.820316
v 121.235130 2.048389 -16.799410
v 121.235138 5.048389 -16.799410
v 121.235138 5.048389 -16.799410
v 121.285614 5.048389 -16.820316
v 121.285606 2.048389 -16.820316
v 121.235130 2.048389 -16.799410
v 121.214226 2.048389 -16.748934
v 121.214226 5.048389 -16.748934
v 121.214226 5.048389 -16.748934
v 121.235138 5.048389 -16.799410
v 121.235130 2.048389 -16.799410
v 121.214226 2.048389 -16.748934
v 121.235130 2.048389 -16.698458
v 121.235138 5.048389 -16.698458
v 121.235138 5.048389 -16.698458
v 121.214226 5.048389 -16.748934
v 121.214226 2.048389 -16.748934
v 121.235130 2.048389 -16.698458
v 121.285606 2.048389 -16.677551
v 121.285614 5.048389 -16.677551
v 121.285614 5.048389 -16.677551
v 121.235138 5.048389 -16.698458
v 121.235130 2.048389 -16.698458
v 121.285606 2.048389 -16.677551
v 121.336082 2.048389 -16.698458
v 121.336090 5.048389 -16.698458
v 121.336090 5.048389 -16.698458
v 121.285614 5.048389 -16.677551
v 121.285606 2.048389 -16.677551
v 121.336082 2.048389 -16.698458
v 121.356995 2.048389 -16.748934
v 121.356995 5.048389 -16.748934
v 121.356995 5.048389 -16.748934
v 121.336090 5.048389 -16.698458
v 121.336082 2.048389 -16.698458
v 121.336090 5.048389 -16.799410
v 121.285614 5.048389 -16.820316
v 121.235138 5.048389 -16.799410
v 121.235138 5.048389 -16.799410
v 121.214226 5.048389 -16.748934
v 121.235138 5.048389 -16.698458
v 121.235138 5.048389 -16.698458
v 121.285614 5.048389 -16.677551
v 121.336090 5.048389 -16.698458
v 121.235138 5.048389 -16.799410
v 121.235138 5.048389 -16.698458
v 121.336090 5.048389 -16.698458
v 121.336090 5.048389 -16.799410
v 121.235138 5.048389 -16.799410
v 121.336090 5.048389 -16.698458
v 121.356995 5.048389 -16.748934
v 121.336090 5.048389 -16.799410
v 121.336090 5.048389 -16.698458
v 121.356995 2.048388 -10.796020
v 121.336082 2.048388 -10.846495
v 121.336090 5.048388 -10.846494
v 121.336090 5.048388 -10.846494
v 121.356995 5.048388 -10.796018
v 121.356995 2.048388 -10.796020
v 121.336082 2.048388 -10.846495
v 121.285606 2.048388 -10.867403
v 121.285614 5.048388 -10.867402
v 121.285614 5.048388 -10.867402
v 121.336090 5.048388 -10.846494
v 121.336082 2.048388 -10.846495
v 121.285606 2.048388 -10.867403
v 121.235130 2.048388 -10.846495
v 121.235138 5.048388 -10.846494
v 121.235138 5.048388 -10.846494
v 121.285614 5.048388 -10.867402
v 121.285606 2.048388 -10.867403
v 121.235130 2.048388 -10.846495
v 121.214226 2.048388 -10.796020
v 121.214226 5.048388 -10.796018
v 121.214226 5.048388 -10.796018
v 121.235138 5.048388 -10.846494
v 121.235130 2.048388 -10.846495
v 121.214226 2.048388 -10.796020
v 121.235130 2.048388 -10.745544
v 121.235138 5.048388 -10.745543
v 121.235138 5.048388 -10.745543
v 121.214226 5.048388 -10.796018
v 121.214226 2.048388 -10.796020
v 121.235130 2.048388 -10.745544
v 121.285606 2.048388 -10.724636
v 121.285614 5.048388 -10.724635
v 121.285614 5.048388 -10.724635
v 121.235138 5.048388 -10.745543
v 121.235130 2.048388 -10.745544
v 121.285606 2.048388 -10.724636
v 121.336082 2.048388 -10.745544
v 121.336090 5.048388 -10.745543
v 121.336090 5.048388 -10.745543
v 121.285614 5.048388 -10.724635
v 121.285606 2.048388 -10.724636
v 121.336082 2.048388 -10.745544
v 121.356995 2.048388 -10.796020
v 121.356995 5.048388 -10.796018
v 121.356995 5.048388 -10.796018
v 121.336090 5.048388 -10.745543
v 121.336082 2.048388 -10.745544
v 121.336090 5.048388 -10.846494
v 121.285614 5.048388 -10.867402
v 121.235138 5.048388 -10.846494
v 121.235138 5.048388 -10.846494
v 121.214226 5.048388 -10.796018
v 121.235138 5.048388 -10.745543
v 121.235138 5.048388 -10.745543
v 121.285614 5.048388 -10.724635
v 121.336090 5.048388 -10.745543
v 121.235138 5.048388 -10.846494
v 121.235138 5.048388 -10.745543
v 121.336090 5.048388 -10.745543
v 121.336090 5.048388 -10.846494
v 121.235138 5.048388 -10.846494
v 121.336090 5.048388 -10.745543
v 121.356995 5.048388 -10.796018
v 121.336090 5.048388 -10.846494
v 121.336090 5.048388 -10.745543
v 121.356995 2.048387 -3.455711
v 121.336082 2.048387 -3.506187
v 121.336090 5.048387 -3.506186
v 121.336090 5.048387 -3.506186
v 121.356995 5.048387 -3.455710
v 121.356995 2.048387 -3.455711
v 121.336082 2.048387 -3.506187
v 121.285606 2.048387 -3.527094
v 121.285614 5.048387 -3.527093
v 121.285614 5.048387 -3.527093
v 121.336090 5.048387 -3.506186
v 121.336082 2.048387 -3.506187
v 121.285606 2.048387 -3.527094
v 121.235130 2.048387 -3.506187
v 121.235138 5.048387 -3.506186
v 121.235138 5.048387 -3.506186
v 121.285614 5.048387 -3.527093
v 121.285606 2.048387 -3.527094
v 121.235130 2.048387 -3.506187
v 121.214226 2.048387 -3.455711
v 121.214226 5.048387 -3.455710
v 121.214226 5.048387 -3.455710
v 121.235138 5.048387 -3.506186
v 121.235130 2.048387 -3.506187
v 121.214226 2.048387 -3.455711
v 121.235130 2.048387 -3.405235
v 121.235138 5.048387 -3.405234
v 121.235138 5.048387 -3.405234
v 121.214226 5.048387 -3.455710
v 121.214226 2.048387 -3.455711
v 121.235130 2.048387 -3.405235
v 121.285606 2.048387 -3.384329
v 121.285614 5.048387 -3.384326
v 121.285614 5.048387 -3.384326
v 121.235138 5.048387 -3.405234
v 121.235130 2.048387 -3.405235
v 121.285606 2.048387 -3.384329
v 121.336082 2.048387 -3.405235
v 121.336090 5.048387 -3.405234
v 121.336090 5.048387 -3.405234
v 121.285614 5.048387 -3.384326
v 121.285606 2.048387 -3.384329
v 121.336082 2.048387 -3.405235
v 121.356995 2.048387 -3.455711
v 121.356995 5.048387 -3.455710
v 121.356995 5.048387 -3.455710
v 121.336090 5.048387 -3.405234
v 121.336082 2.048387 -3.405235
v 121.336090 5.048387 -3.506186
v 121.285614 5.048387 -3.527093
v 121.235138 5.048387 -3.506186
v 121.235138 5.048387 -3.506186
v 121.214226 5.048387 -3.455710
v 121.235138 5.048387 -3.405234
v 121.235138 5.048387 -3.405234
v 121.285614 5.048387 -3.384326
v 121.336090 5.048387 -3.405234
v 121.235138 5.048387 -3.506186
v 121.235138 5.048387 -3.405234
v 121.336090 5.048387 -3.405234
v 121.336090 5.048387 -3.506186
v 121.235138 5.048387 -3.506186
v 121.336090 5.048387 -3.405234
v 121.356995 5.048387 -3.455710
v 121.336090 5.048387 -3.506186
v 121.336090 5.048387 -3.405234
v 121.356995 2.048385 3.805580
v 121.336082 2.048385 3.755104
v 121.336090 5.048386 3.755105
v 121.336090 5.048386 3.755105
v 121.356995 5.048386 3.805581
v 121.356995 2.048385 3.805580
v 121.336082 2.048385 3.755104
v 121.285606 2.048385 3.734198
v 121.285614 5.048386 3.734199
v 121.285614 5.048386 3.734199
v 121.336090 5.048386 3.755105
v 121.336082 2.048385 3.755104
v 121.285606 2.048385 3.734198
v 121.235130 2.048385 3.755104
v 121.235138 5.048386 3.755105
v 121.235138 5.048386 3.755105
v 121.285614 5.048386 3.734199
v 121.285606 2.048385 3.734198
v 121.235130 2.048385 3.755104
v 121.214226 2.048385 3.805580
v 121.214226 5.048386 3.805581
v 121.214226 5.048386 3.805581
v 121.235138 5.048386 3.755105
v 121.235130 2.048385 3.755104
v 121.214226 2.048385 3.805580
v 121.235130 2.048385 3.856056
v 121.235138 5.048386 3.856057
v 121.235138 5.048386 3.856057
v 121.214226 5.048386 3.805581
v 121.214226 2.048385 3.805580
v 121.235130 2.048385 3.856056
v 121.285606 2.048385 3.876963
v 121.285614 5.048386 3.876966
v 121.285614 5.048386 3.876966
v 121.235138 5.048386 3.856057
v 121.235130 2.048385 3.856056
v 121.285606 2.048385 3.876963
v 121.336082 2.048385 3.856056
v 121.336090 5.048386 3.856057
v 121.336090 5.048386 3.856057
v 121.285614 5.048386 3.876966
v 121.285606 2.048385 3.876963
v 121.336082 2.048385 3.856056
v 121.356995 2.048385 3.805580
v 121.356995 5.048386 3.805581
v 121.356995 5.048386 3.805581
v 121.336090 5.048386 3.856057
v 121.336082 2.048385 3.856056
v 121.336090 5.048386 3.755105
v 121.285614 5.048386 3.734199
v 121.235138 5.048386 3.755105
v 121.235138 5.048386 3.755105
v 121.214226 5.048386 3.805581
v 121.235138 5.048386 3.856057
v 121.235138 5.048386 3.856057
v 121.285614 5.048386 3.876966
v 121.336090 5.048386 3.856057
v 121.235138 5.048386 3.755105
v 121.235138 5.048386 3.856057
v 121.336090 5.048386 3.856057
v 121.336090 5.048386 3.755105
v 121.235138 5.048386 3.755105
v 121.336090 5.048386 3.856057
v 121.356995 5.048386 3.805581
v 121.336090 5.048386 3.755105
v 121.336090 5.048386 3.856057
v 77.816895 4.913270 -54.417900
v 77.816895 4.873107 -54.417900
v 121.266525 4.873107 -54.417900
v 121.266525 4.873107 -54.417900
v 121.266525 4.913270 -54.417900
v 77.816895 4.913270 -54.417900
v 77.816895 4.873107 -54.417900
v 77.776459 4.873107 -54.458336
v 121.306961 4.873107 -54.458336
v 121.306961 4.873107 -54.458336
v 121.266525 4.873107 -54.417900
v 77.816895 4.873107 -54.417900
v 77.776459 4.873107 -54.458336
v 77.776459 4.913270 -54.458336
v 121.306961 4.913270 -54.458336
v 121.306961 4.913270 -54.458336
v 121.306961 4.873107 -54.458336
v 77.776459 4.873107 -54.458336
v 77.776459 4.913270 -54.458336
v 77.816895 4.913270 -54.417900
v 121.266525 4.913270 -54.417900
v 121.266525 4.913270 -54.417900
v 121.306961 4.913270 -54.458336
v 77.776459 4.913270 -54.458336
v 121.266525 4.873107 -54.417900
v 121.266525 4.873106 -51.476273
v 121.266525 4.913270 -51.476273
v 121.266525 4.913270 -51.476273
v 121.266525 4.913270 -54.417900
v 121.266525 4.873107 -54.417900
v 121.266525 4.873107 -54.417900
v 121.306961 4.873107 -54.458336
v 121.306961 4.873106 -51.476273
v 121.306961 4.873106 -51.476273
v 121.266525 4.873106 -51.476273
v 121.266525 4.873107 -54.417900
v 121.306961 4.913270 -54.458336
v 121.306961 4.913270 -51.476273
v 121.306961 4.873106 -51.476273
v 121.306961 4.873106 -51.476273
v 121.306961 4.873107 -54.458336
v 121.306961 4.913270 -54.458336
v 121.266525 4.913270 -54.417900
v 121.266525 4.913270 -51.476273
v 121.306961 4.913270 -51.476273
v 121.306961 4.913270 -51.476273
v 121.306961 4.913270 -54.458336
v 121.266525 4.913270 -54.417900
v 121.266525 4.913260 8.656627
v 121.266525 4.913264 -16.757324
v 121.266525 4.890075 -16.757326
v 121.266525 4.873096 8.656625
v 121.266525 4.873106 -51.476273
v 121.266525 4.873101 -19.718018
v 121.266525 4.892053 -19.718018
v 121.266525 4.913270 -51.476273
v 121.266525 4.873101 -16.757326
v 121.289871 4.873101 -16.757326
v 121.306961 4.873096 8.656625
v 121.266525 4.873096 8.656625
v 121.306961 4.873106 -51.476273
v 121.306961 4.873101 -19.718018
v 121.287880 4.873101 -19.718018
v 121.266525 4.873106 -51.476273
v 121.306961 4.913260 8.656625
v 121.306961 4.873096 8.656625
v 121.306961 4.873101 -16.757324
v 121.306961 4.896290 -16.757324
v 121.306961 4.913270 -51.476273
v 121.306961 4.913264 -19.718018
v 121.306961 4.894313 -19.718018
v 121.306961 4.873106 -51.476273
v 121.306961 4.913264 -16.757324
v 121.283615 4.913264 -16.757324
v 121.266525 4.913260 8.656627
v 121.306961 4.913260 8.656625
v 121.266525 4.913270 -51.476273
v 121.266525 4.913264 -19.718018
v 121.285606 4.913264 -19.718018
v 121.306961 4.913270 -51.476273
v 121.266525 4.873096 11.584485
v 121.266525 4.913259 11.584485
v 121.266525 4.913260 8.656627
v 121.266525 4.913260 8.656627
v 121.266525 4.873096 8.656625
v 121.266525 4.873096 11.584485
v 121.306961 4.873096 8.656625
v 121.306953 4.873096 11.624917
v 121.266525 4.873096 11.584485
v 121.266525 4.873096 11.584485
v 121.266525 4.873096 8.656625
v 121.306961 4.873096 8.656625
v 121.306953 4.913259 11.624917
v 121.306953 4.873096 11.624917
v 121.306961 4.873096 8.656625
v 121.306961 4.873096 8.656625
v 121.306961 4.913260 8.656625
v 121.306953 4.913259 11.624917
v 121.266525 4.913259 11.584485
v 121.306953 4.913259 11.624917
v 121.306961 4.913260 8.656625
v 121.306961 4.913260 8.656625
v 121.266525 4.913260 8.656627
v 121.266525 4.913259 11.584485
v 77.816895 2.250930 -54.417900
v 77.816895 2.210766 -54.417900
v 121.266525 2.210766 -54.417900
v 121.266525 2.210766 -54.417900
v 121.266525 2.250930 -54.417900
v 77.816895 2.250930 -54.417900
v 77.816895 2.210766 -54.417900
v 77.776459 2.210766 -54.458336
v 121.306961 2.210766 -54.458336
v 121.306961 2.210766 -54.458336
v 121.266525 2.210766 -54.417900
v 77.816895 2.210766 -54.417900
v 77.776459 2.210766 -54.458336
v 77.776459 2.250930 -54.458336
v 121.306961 2.250930 -54.458336
v 121.306961 2.250930 -54.458336
v 121.306961 2.210766 -54.458336
v 77.776459 2.210766 -54.458336
v 77.776459 2.250930 -54.458336
v 77.816895 2.250930 -54.417900
v 121.266525 2.250930 -54.417900
v 121.266525 2.250930 -54.417900
v 121.306961 2.250930 -54.458336
v 77.776459 2.250930 -54.458336
v 121.266525 2.210766 -54.417900
v 121.266525 2.210765 -51.476273
v 121.266525 2.250929 -51.476273
v 121.266525 2.250929 -51.476273
v 121.266525 2.250930 -54.417900
v 121.266525 2.210766 -54.417900
v 121.266525 2.210766 -54.417900
v 121.306961 2.210766 -54.458336
v 121.306961 2.210765 -51.476273
v 121.306961 2.210765 -51.476273
v 121.266525 2.210765 -51.476273
v 121.266525 2.210766 -54.417900
v 121.306961 2.250930 -54.458336
v 121.306961 2.250929 -51.476273
v 121.306961 2.210765 -51.476273
v 121.306961 2.210765 -51.476273
v 121.306961 2.210766 -54.458336
v 121.306961 2.250930 -54.458336
v 121.266525 2.250930 -54.417900
v 121.266525 2.250929 -51.476273
v 121.306961 2.250929 -51.476273
v 121.306961 2.250929 -51.476273
v 121.306961 2.250930 -54.458336
v 121.266525 2.250930 -54.417900
v 121.266525 2.250920 8.656626
v 121.266525 2.250924 -16.757324
v 121.266525 2.227735 -16.757326
v 121.266525 2.210756 8.656624
v 121.266525 2.210765 -51.476273
v 121.266525 2.210760 -19.718018
v 121.266525 2.229712 -19.718018
v 121.266525 2.250929 -51.476273
v 121.266525 2.210760 -16.757326
v 121.289871 2.210760 -16.757326
v 121.306961 2.210756 8.656624
v 121.266525 2.210756 8.656624
v 121.306961 2.210765 -51.476273
v 121.306961 2.210760 -19.718018
v 121.287880 2.210760 -19.718018
v 121.266525 2.210765 -51.476273
v 121.306961 2.250920 8.656624
v 121.306961 2.210756 8.656624
v 121.306961 2.210760 -16.757324
v 121.306961 2.233950 -16.757324
v 121.306961 2.250929 -51.476273
v 121.306961 2.250924 -19.718018
v 121.306961 2.231972 -19.718018
v 121.306961 2.210765 -51.476273
v 121.266525 2.250920 8.656626
v 121.306961 2.250920 8.656624
v 121.306961 2.250924 -16.757324
v 121.283615 2.250924 -16.757324
v 121.266525 2.250929 -51.476273
v 121.266525 2.250924 -19.718018
v 121.285606 2.250924 -19.718018
v 121.306961 2.250929 -51.476273
v 121.266525 2.210755 11.584484
v 121.266525 2.250919 11.584484
v 121.266525 2.250920 8.656626
v 121.266525 2.250920 8.656626
v 121.266525 2.210756 8.656624
v 121.266525 2.210755 11.584484
v 121.306961 2.210756 8.656624
v 121.306953 2.210755 11.624916
v 121.266525 2.210755 11.584484
v 121.266525 2.210755 11.584484
v 121.266525 2.210756 8.656624
v 121.306961 2.210756 8.656624
v 121.306953 2.250919 11.624916
v 121.306953 2.210755 11.624916
v 121.306961 2.210756 8.656624
v 121.306961 2.210756 8.656624
v 121.306961 2.250920 8.656624
v 121.306953 2.250919 11.624916
v 121.266525 2.250919 11.584484
v 121.306953 2.250919 11.624916
v 121.306961 2.250920 8.656624
v 121.306961 2.250920 8.656624
v 121.266525 2.250920 8.656626
v 121.266525 2.250919 11.584484
v 121.266525 4.873101 -16.757326
v 121.266525 4.873096 8.656625
v 121.266525 4.890075 -16.757326
v 121.306961 4.873101 -16.757324
v 121.306961 4.873096 8.656625
v 121.289871 4.873101 -16.757326
v 121.306961 4.913264 -16.757324
v 121.306961 4.913260 8.656625
v 121.306961 4.896290 -16.757324
v 121.266525 4.913264 -16.757324
v 121.266525 4.913260 8.656627
v 121.283615 4.913264 -16.757324
v 121.266525 2.210760 -16.757326
v 121.266525 2.210756 8.656624
v 121.266525 2.227735 -16.757326
v 121.306961 2.210760 -16.757324
v 121.306961 2.210756 8.656624
v 121.289871 2.210760 -16.757326
v 121.306961 2.250924 -16.757324
v 121.306961 2.250920 8.656624
v 121.306961 2.233950 -16.757324
v 121.266525 2.250924 -16.757324
v 121.266525 2.250920 8.656626
v 121.283615 2.250924 -16.757324
v 121.266525 4.913264 -19.718018
v 121.266525 4.913270 -51.476273
v 121.266525 4.892053 -19.718018
v 121.266525 4.873101 -19.718018
v 121.266525 4.873106 -51.476273
v 121.287880 4.873101 -19.718018
v 121.306961 4.873101 -19.718018
v 121.306961 4.873106 -51.476273
v 121.306961 4.894313 -19.718018
v 121.306961 4.913264 -19.718018
v 121.306961 4.913270 -51.476273
v 121.285606 4.913264 -19.718018
v 121.266525 2.250924 -19.718018
v 121.266525 2.250929 -51.476273
v 121.266525 2.229712 -19.718018
v 121.266525 2.210760 -19.718018
v 121.266525 2.210765 -51.476273
v 121.287880 2.210760 -19.718018
v 121.306961 2.210760 -19.718018
v 121.306961 2.210765 -51.476273
v 121.306961 2.231972 -19.718018
v 121.306961 2.250924 -19.718018
v 121.306961 2.250929 -51.476273
v 121.285606 2.250924 -19.718018
v 121.356995 2.048389 -19.730408
v 121.336082 2.048389 -19.780884
v 121.336090 5.048389 -19.780884
v 121.336090 5.048389 -19.780884
v 121.356995 5.048389 -19.730408
v 121.356995 2.048389 -19.730408
v 121.336082 2.048389 -19.780884
v 121.285606 2.048389 -19.801792
v 121.285614 5.048389 -19.801792
v 121.285614 5.048389 -19.801792
v 121.336090 5.048389 -19.780884
v 121.336082 2.048389 -19.780884
v 121.285606 2.048389 -19.801792
v 121.235130 2.048389 -19.780884
v 121.235138 5.048389 -19.780884
v 121.235138 5.048389 -19.780884
v 121.285614 5.048389 -19.801792
v 121.285606 2.048389 -19.801792
v 121.235130 2.048389 -19.780884
v 121.214226 2.048389 -19.730408
v 121.214226 5.048389 -19.730408
v 121.214226 5.048389 -19.730408
v 121.235138 5.048389 -19.780884
v 121.235130 2.048389 -19.780884
v 121.214226 2.048389 -19.730408
v 121.235130 2.048389 -19.679932
v 121.235138 5.048389 -19.679932
v 121.235138 5.048389 -19.679932
v 121.214226 5.048389 -19.730408
v 121.214226 2.048389 -19.730408
v 121.235130 2.048389 -19.679932
v 121.285606 2.048389 -19.659025
v 121.285614 5.048389 -19.659025
v 121.285614 5.048389 -19.659025
v 121.235138 5.048389 -19.679932
v 121.235130 2.048389 -19.679932
v 121.285606 2.048389 -19.659025
v 121.336082 2.048389 -19.679932
v 121.336090 5.048389 -19.679932
v 121.336090 5.048389 -19.679932
v 121.285614 5.048389 -19.659025
v 121.285606 2.048389 -19.659025
v 121.336082 2.048389 -19.679932
v 121.356995 2.048389 -19.730408
v 121.356995 5.048389 -19.730408
v 121.356995 5.048389 -19.730408
v 121.336090 5.048389 -19.679932
v 121.336082 2.048389 -19.679932
v 121.336090 5.048389 -19.780884
v 121.285614 5.048389 -19.801792
v 121.235138 5.048389 -19.780884
v 121.235138 5.048389 -19.780884
v 121.214226 5.048389 -19.730408
v 121.235138 5.048389 -19.679932
v 121.235138 5.048389 -19.679932
v 121.285614 5.048389 -19.659025
v 121.336090 5.048389 -19.679932
v 121.235138 5.048389 -19.780884
v 121.235138 5.048389 -19.679932
v 121.336090 5.048389 -19.679932
v 121.336090 5.048389 -19.780884
v 121.235138 5.048389 -19.780884
v 121.336090 5.048389 -19.679932
v 121.356995 5.048389 -19.730408
v 121.336090 5.048389 -19.780884
v 121.336090 5.048389 -19.679932
v 82.318939 2.048380 39.900936
v 82.369415 2.048380 39.880028
v 82.369415 5.048379 39.880032
v 82.369415 5.048379 39.880032
v 82.318939 5.048379 39.900936
v 82.318939 2.048380 39.900936
v 82.369415 2.048380 39.880028
v 82.390320 2.048380 39.829552
v 82.390320 5.048379 39.829556
v 82.390320 5.048379 39.829556
v 82.369415 5.048379 39.880032
v 82.369415 2.048380 39.880028
v 82.390320 2.048380 39.829552
v 82.369415 2.048380 39.779076
v 82.369415 5.048379 39.779079
v 82.369415 5.048379 39.779079
v 82.390320 5.048379 39.829556
v 82.390320 2.048380 39.829552
v 82.369415 2.048380 39.779076
v 82.318939 2.048380 39.758171
v 82.318939 5.048379 39.758171
v 82.318939 5.048379 39.758171
v 82.369415 5.048379 39.779079
v 82.369415 2.048380 39.779076
v 82.318939 2.048380 39.758171
v 82.268463 2.048380 39.779076
v 82.268463 5.048379 39.779079
v 82.268463 5.048379 39.779079
v 82.318939 5.048379 39.758171
v 82.318939 2.048380 39.758171
v 82.268463 2.048380 39.779076
v 82.247559 2.048380 39.829552
v 82.247551 5.048379 39.829556
v 82.247551 5.048379 39.829556
v 82.268463 5.048379 39.779079
v 82.268463 2.048380 39.779076
v 82.247559 2.048380 39.829552
v 82.268463 2.048380 39.880028
v 82.268463 5.048379 39.880032
v 82.268463 5.048379 39.880032
v 82.247551 5.048379 39.829556
v 82.247559 2.048380 39.829552
v 82.268463 2.048380 39.880028
v 82.318939 2.048380 39.900936
v 82.318939 5.048379 39.900936
v 82.318939 5.048379 39.900936
v 82.268463 5.048379 39.880032
v 82.268463 2.048380 39.880028
v 82.369415 5.048379 39.880032
v 82.390320 5.048379 39.829556
v 82.369415 5.048379 39.779079
v 82.369415 5.048379 39.779079
v 82.318939 5.048379 39.758171
v 82.268463 5.048379 39.779079
v 82.268463 5.048379 39.779079
v 82.247551 5.048379 39.829556
v 82.268463 5.048379 39.880032
v 82.369415 5.048379 39.779079
v 82.268463 5.048379 39.779079
v 82.268463 5.048379 39.880032
v 82.369415 5.048379 39.880032
v 82.369415 5.048379 39.779079
v 82.268463 5.048379 39.880032
v 82.318939 5.048379 39.900936
v 82.369415 5.048379 39.880032
v 82.268463 5.048379 39.880032
v 121.356995 2.048384 11.720383
v 121.336082 2.048384 11.669907
v 121.336090 5.048384 11.669908
v 121.336090 5.048384 11.669908
v 121.356995 5.048384 11.720384
v 121.356995 2.048384 11.720383
v 121.336082 2.048384 11.669907
v 121.285606 2.048384 11.648998
v 121.285614 5.048384 11.648995
v 121.285614 5.048384 11.648995
v 121.336090 5.048384 11.669908
v 121.336082 2.048384 11.669907
v 121.285606 2.048384 11.648998
v 121.235130 2.048384 11.669907
v 121.235138 5.048384 11.669908
v 121.235138 5.048384 11.669908
v 121.285614 5.048384 11.648995
v 121.285606 2.048384 11.648998
v 121.235130 2.048384 11.669907
v 121.214226 2.048384 11.720383
v 121.214226 5.048384 11.720384
v 121.214226 5.048384 11.720384
v 121.235138 5.048384 11.669908
v 121.235130 2.048384 11.669907
v 121.214226 2.048384 11.720383
v 121.235130 2.048384 11.770859
v 121.235138 5.048384 11.770860
v 121.235138 5.048384 11.770860
v 121.214226 5.048384 11.720384
v 121.214226 2.048384 11.720383
v 121.235130 2.048384 11.770859
v 121.285606 2.048384 11.791767
v 121.285614 5.048384 11.791768
v 121.285614 5.048384 11.791768
v 121.235138 5.048384 11.770860
v 121.235130 2.048384 11.770859
v 121.285606 2.048384 11.791767
v 121.336082 2.048384 11.770859
v 121.336090 5.048384 11.770860
v 121.336090 5.048384 11.770860
v 121.285614 5.048384 11.791768
v 121.285606 2.048384 11.791767
v 121.336082 2.048384 11.770859
v 121.356995 2.048384 11.720383
v 121.356995 5.048384 11.720384
v 121.356995 5.048384 11.720384
v 121.336090 5.048384 11.770860
v 121.336082 2.048384 11.770859
v 121.336090 5.048384 11.669908
v 121.285614 5.048384 11.648995
v 121.235138 5.048384 11.669908
v 121.235138 5.048384 11.669908
v 121.214226 5.048384 11.720384
v 121.235138 5.048384 11.770860
v 121.235138 5.048384 11.770860
v 121.285614 5.048384 11.791768
v 121.336090 5.048384 11.770860
v 121.235138 5.048384 11.669908
v 121.235138 5.048384 11.770860
v 121.336090 5.048384 11.770860
v 121.336090 5.048384 11.669908
v 121.235138 5.048384 11.669908
v 121.336090 5.048384 11.770860
v 121.356995 5.048384 11.720384
v 121.336090 5.048384 11.669908
v 121.336090 5.048384 11.770860
v 119.964661 2.048381 33.652428
v 119.943748 2.048381 33.601955
v 119.943756 5.048381 33.601952
v 119.943756 5.048381 33.601952
v 119.964661 5.048381 33.652428
v 119.964661 2.048381 33.652428
v 119.943748 2.048381 33.601955
v 119.893272 2.048381 33.581047
v 119.893280 5.048381 33.581047
v 119.893280 5.048381 33.581047
v 119.943756 5.048381 33.601952
v 119.943748 2.048381 33.601955
v 119.893272 2.048381 33.581047
v 119.842796 2.048381 33.601955
v 119.842804 5.048381 33.601952
v 119.842804 5.048381 33.601952
v 119.893280 5.048381 33.581047
v 119.893272 2.048381 33.581047
v 119.842796 2.048381 33.601955
v 119.821892 2.048381 33.652428
v 119.821892 5.048381 33.652428
v 119.821892 5.048381 33.652428
v 119.842804 5.048381 33.601952
v 119.842796 2.048381 33.601955
v 119.821892 2.048381 33.652428
v 119.842796 2.048381 33.702904
v 119.842804 5.048380 33.702904
v 119.842804 5.048380 33.702904
v 119.821892 5.048381 33.652428
v 119.821892 2.048381 33.652428
v 119.842796 2.048381 33.702904
v 119.893272 2.048381 33.723812
v 119.893280 5.048380 33.723812
v 119.893280 5.048380 33.723812
v 119.842804 5.048380 33.702904
v 119.842796 2.048381 33.702904
v 119.893272 2.048381 33.723812
v 119.943748 2.048381 33.702904
v 119.943756 5.048380 33.702904
v 119.943756 5.048380 33.702904
v 119.893280 5.048380 33.723812
v 119.893272 2.048381 33.723812
v 119.943748 2.048381 33.702904
v 119.964661 2.048381 33.652428
v 119.964661 5.048381 33.652428
v 119.964661 5.048381 33.652428
v 119.943756 5.048380 33.702904
v 119.943748 2.048381 33.702904
v 119.943756 5.048381 33.601952
v 119.893280 5.048381 33.581047
v 119.842804 5.048381 33.601952
v 119.842804 5.048381 33.601952
v 119.821892 5.048381 33.652428
v 119.842804 5.048380 33.702904
v 119.842804 5.048380 33.702904
v 119.893280 5.048380 33.723812
v 119.943756 5.048380 33.702904
v 119.842804 5.048381 33.601952
v 119.842804 5.048380 33.702904
v 119.943756 5.048380 33.702904
v 119.943756 5.048381 33.601952
v 119.842804 5.048381 33.601952
v 119.943756 5.048380 33.702904
v 119.964661 5.048381 33.652428
v 119.943756 5.048381 33.601952
v 119.943756 5.048380 33.702904
v 120.982483 2.048383 18.874437
v 120.961571 2.048383 18.823961
v 120.961578 5.048383 18.823961
v 120.961578 5.048383 18.823961
v 120.982483 5.048383 18.874437
v 120.982483 2.048383 18.874437
v 120.961571 2.048383 18.823961
v 120.911095 2.048383 18.803055
v 120.911102 5.048383 18.803055
v 120.911102 5.048383 18.803055
v 120.961578 5.048383 18.823961
v 120.961571 2.048383 18.823961
v 120.911095 2.048383 18.803055
v 120.860619 2.048383 18.823961
v 120.860626 5.048383 18.823961
v 120.860626 5.048383 18.823961
v 120.911102 5.048383 18.803055
v 120.911095 2.048383 18.803055
v 120.860619 2.048383 18.823961
v 120.839714 2.048383 18.874437
v 120.839714 5.048383 18.874437
v 120.839714 5.048383 18.874437
v 120.860626 5.048383 18.823961
v 120.860619 2.048383 18.823961
v 120.839714 2.048383 18.874437
v 120.860619 2.048383 18.924913
v 120.860626 5.048383 18.924913
v 120.860626 5.048383 18.924913
v 120.839714 5.048383 18.874437
v 120.839714 2.048383 18.874437
v 120.860619 2.048383 18.924913
v 120.911095 2.048383 18.945820
v 120.911102 5.048383 18.945820
v 120.911102 5.048383 18.945820
v 120.860626 5.048383 18.924913
v 120.860619 2.048383 18.924913
v 120.911095 2.048383 18.945820
v 120.961571 2.048383 18.924913
v 120.961578 5.048383 18.924913
v 120.961578 5.048383 18.924913
v 120.911102 5.048383 18.945820
v 120.911095 2.048383 18.945820
v 120.961571 2.048383 18.924913
v 120.982483 2.048383 18.874437
v 120.982483 5.048383 18.874437
v 120.982483 5.048383 18.874437
v 120.961578 5.048383 18.924913
v 120.961571 2.048383 18.924913
v 120.961578 5.048383 18.823961
v 120.911102 5.048383 18.803055
v 120.860626 5.048383 18.823961
v 120.860626 5.048383 18.823961
v 120.839714 5.048383 18.874437
v 120.860626 5.048383 18.924913
v 120.860626 5.048383 18.924913
v 120.911102 5.048383 18.945820
v 120.961578 5.048383 18.924913
v 120.860626 5.048383 18.823961
v 120.860626 5.048383 18.924913
v 120.961578 5.048383 18.924913
v 120.961578 5.048383 18.823961
v 120.860626 5.048383 18.823961
v 120.961578 5.048383 18.924913
v 120.982483 5.048383 18.874437
v 120.961578 5.048383 18.823961
v 120.961578 5.048383 18.924913
v 119.190979 2.048380 39.757267
v 119.170067 2.048380 39.706791
v 119.170074 5.048379 39.706791
v 119.170074 5.048379 39.706791
v 119.190979 5.048379 39.757267
v 119.190979 2.048380 39.757267
v 119.170067 2.048380 39.706791
v 119.119591 2.048380 39.685883
v 119.119598 5.048379 39.685883
v 119.119598 5.048379 39.685883
v 119.170074 5.048379 39.706791
v 119.170067 2.048380 39.706791
v 119.119591 2.048380 39.685883
v 119.069115 2.048380 39.706791
v 119.069122 5.048379 39.706791
v 119.069122 5.048379 39.706791
v 119.119598 5.048379 39.685883
v 119.119591 2.048380 39.685883
v 119.069115 2.048380 39.706791
v 119.048210 2.048380 39.757267
v 119.048210 5.048379 39.757267
v 119.048210 5.048379 39.757267
v 119.069122 5.048379 39.706791
v 119.069115 2.048380 39.706791
v 119.048210 2.048380 39.757267
v 119.069115 2.048380 39.807739
v 119.069122 5.048379 39.807739
v 119.069122 5.048379 39.807739
v 119.048210 5.048379 39.757267
v 119.048210 2.048380 39.757267
v 119.069115 2.048380 39.807739
v 119.119591 2.048380 39.828648
v 119.119598 5.048379 39.828648
v 119.119598 5.048379 39.828648
v 119.069122 5.048379 39.807739
v 119.069115 2.048380 39.807739
v 119.119591 2.048380 39.828648
v 119.170067 2.048380 39.807739
v 119.170074 5.048379 39.807739
v 119.170074 5.048379 39.807739
v 119.119598 5.048379 39.828648
v 119.119591 2.048380 39.828648
v 119.170067 2.048380 39.807739
v 119.190979 2.048380 39.757267
v 119.190979 5.048379 39.757267
v 119.190979 5.048379 39.757267
v 119.170074 5.048379 39.807739
v 119.170067 2.048380 39.807739
v 119.170074 5.048379 39.706791
v 119.119598 5.048379 39.685883
v 119.069122 5.048379 39.706791
v 119.069122 5.048379 39.706791
v 119.048210 5.048379 39.757267
v 119.069122 5.048379 39.807739
v 119.069122 5.048379 39.807739
v 119.119598 5.048379 39.828648
v 119.170074 5.048379 39.807739
v 119.069122 5.048379 39.706791
v 119.069122 5.048379 39.807739
v 119.170074 5.048379 39.807739
v 119.170074 5.048379 39.706791
v 119.069122 5.048379 39.706791
v 119.170074 5.048379 39.807739
v 119.190979 5.048379 39.757267
v 119.170074 5.048379 39.706791
v 119.170074 5.048379 39.807739
v 120.612366 2.048382 26.089567
v 120.591454 2.048382 26.039091
v 120.591461 5.048382 26.039089
v 120.591461 5.048382 26.039089
v 120.612366 5.048382 26.089565
v 120.612366 2.048382 26.089567
v 120.591454 2.048382 26.039091
v 120.540977 2.048382 26.018185
v 120.540985 5.048382 26.018185
v 120.540985 5.048382 26.018185
v 120.591461 5.048382 26.039089
v 120.591454 2.048382 26.039091
v 120.540977 2.048382 26.018185
v 120.490501 2.048382 26.039091
v 120.490509 5.048382 26.039089
v 120.490509 5.048382 26.039089
v 120.540985 5.048382 26.018185
v 120.540977 2.048382 26.018185
v 120.490501 2.048382 26.039091
v 120.469597 2.048382 26.089567
v 120.469597 5.048382 26.089565
v 120.469597 5.048382 26.089565
v 120.490509 5.048382 26.039089
v 120.490501 2.048382 26.039091
v 120.469597 2.048382 26.089567
v 120.490501 2.048382 26.140043
v 120.490509 5.048382 26.140041
v 120.490509 5.048382 26.140041
v 120.469597 5.048382 26.089565
v 120.469597 2.048382 26.089567
v 120.490501 2.048382 26.140043
v 120.540977 2.048382 26.160950
v 120.540985 5.048382 26.160950
v 120.540985 5.048382 26.160950
v 120.490509 5.048382 26.140041
v 120.490501 2.048382 26.140043
v 120.540977 2.048382 26.160950
v 120.591454 2.048382 26.140043
v 120.591461 5.048382 26.140041
v 120.591461 5.048382 26.140041
v 120.540985 5.048382 26.160950
v 120.540977 2.048382 26.160950
v 120.591454 2.048382 26.140043
v 120.612366 2.048382 26.089567
v 120.612366 5.048382 26.089565
v 120.612366 5.048382 26.089565
v 120.591461 5.048382 26.140041
v 120.591454 2.048382 26.140043
v 120.591461 5.048382 26.039089
v 120.540985 5.048382 26.018185
v 120.490509 5.048382 26.039089
v 120.490509 5.048382 26.039089
v 120.469597 5.048382 26.089565
v 120.490509 5.048382 26.140041
v 120.490509 5.048382 26.140041
v 120.540985 5.048382 26.160950
v 120.591461 5.048382 26.140041
v 120.490509 5.048382 26.039089
v 120.490509 5.048382 26.140041
v 120.591461 5.048382 26.140041
v 120.591461 5.048382 26.039089
v 120.490509 5.048382 26.039089
v 120.591461 5.048382 26.140041
v 120.612366 5.048382 26.089565
v 120.591461 5.048382 26.039089
v 120.591461 5.048382 26.140041
v 112.903717 2.048380 39.900936
v 112.954193 2.048380 39.880028
v 112.954193 5.048379 39.880032
v 112.954193 5.048379 39.880032
v 112.903717 5.048379 39.900936
v 112.903717 2.048380 39.900936
v 112.954193 2.048380 39.880028
v 112.975098 2.048380 39.829552
v 112.975098 5.048379 39.829556
v 112.975098 5.048379 39.829556
v 112.954193 5.048379 39.880032
v 112.954193 2.048380 39.880028
v 112.975098 2.048380 39.829552
v 112.954193 2.048380 39.779076
v 112.954193 5.048379 39.779079
v 112.954193 5.048379 39.779079
v 112.975098 5.048379 39.829556
v 112.975098 2.048380 39.829552
v 112.954193 2.048380 39.779076
v 112.903717 2.048380 39.758171
v 112.903717 5.048379 39.758171
v 112.903717 5.048379 39.758171
v 112.954193 5.048379 39.779079
v 112.954193 2.048380 39.779076
v 112.903717 2.048380 39.758171
v 112.853241 2.048380 39.779076
v 112.853241 5.048379 39.779079
v 112.853241 5.048379 39.779079
v 112.903717 5.048379 39.758171
v 112.903717 2.048380 39.758171
v 112.853241 2.048380 39.779076
v 112.832336 2.048380 39.829552
v 112.832336 5.048379 39.829556
v 112.832336 5.048379 39.829556
v 112.853241 5.048379 39.779079
v 112.853241 2.048380 39.779076
v 112.832336 2.048380 39.829552
v 112.853241 2.048380 39.880028
v 112.853241 5.048379 39.880032
v 112.853241 5.048379 39.880032
v 112.832336 5.048379 39.829556
v 112.832336 2.048380 39.829552
v 112.853241 2.048380 39.880028
v 112.903717 2.048380 39.900936
v 112.903717 5.048379 39.900936
v 112.903717 5.048379 39.900936
v 112.853241 5.048379 39.880032
v 112.853241 2.048380 39.880028
v 112.954193 5.048379 39.880032
v 112.975098 5.048379 39.829556
v 112.954193 5.048379 39.779079
v 112.954193 5.048379 39.779079
v 112.903717 5.048379 39.758171
v 112.853241 5.048379 39.779079
v 112.853241 5.048379 39.779079
v 112.832336 5.048379 39.829556
v 112.853241 5.048379 39.880032
v 112.954193 5.048379 39.779079
v 112.853241 5.048379 39.779079
v 112.853241 5.048379 39.880032
v 112.954193 5.048379 39.880032
v 112.954193 5.048379 39.779079
v 112.853241 5.048379 39.880032
v 112.903717 5.048379 39.900936
v 112.954193 5.048379 39.880032
v 112.853241 5.048379 39.880032
v 106.950806 2.048380 39.900936
v 107.001282 2.048380 39.880028
v 107.001282 5.048379 39.880032
v 107.001282 5.048379 39.880032
v 106.950806 5.048379 39.900936
v 106.950806 2.048380 39.900936
v 107.001282 2.048380 39.880028
v 107.022186 2.048380 39.829552
v 107.022186 5.048379 39.829556
v 107.022186 5.048379 39.829556
v 107.001282 5.048379 39.880032
v 107.001282 2.048380 39.880028
v 107.022186 2.048380 39.829552
v 107.001282 2.048380 39.779076
v 107.001282 5.048379 39.779079
v 107.001282 5.048379 39.779079
v 107.022186 5.048379 39.829556
v 107.022186 2.048380 39.829552
v 107.001282 2.048380 39.779076
v 106.950806 2.048380 39.758171
v 106.950806 5.048379 39.758171
v 106.950806 5.048379 39.758171
v 107.001282 5.048379 39.779079
v 107.001282 2.048380 39.779076
v 106.950806 2.048380 39.758171
v 106.900330 2.048380 39.779076
v 106.900330 5.048379 39.779079
v 106.900330 5.048379 39.779079
v 106.950806 5.048379 39.758171
v 106.950806 2.048380 39.758171
v 106.900330 2.048380 39.779076
v 106.879425 2.048380 39.829552
v 106.879425 5.048379 39.829556
v 106.879425 5.048379 39.829556
v 106.900330 5.048379 39.779079
v 106.900330 2.048380 39.779076
v 106.879425 2.048380 39.829552
v 106.900330 2.048380 39.880028
v 106.900330 5.048379 39.880032
v 106.900330 5.048379 39.880032
v 106.879425 5.048379 39.829556
v 106.879425 2.048380 39.829552
v 106.900330 2.048380 39.880028
v 106.950806 2.048380 39.900936
v 106.950806 5.048379 39.900936
v 106.950806 5.048379 39.900936
v 106.900330 5.048379 39.880032
v 106.900330 2.048380 39.880028
v 107.001282 5.048379 39.880032
v 107.022186 5.048379 39.829556
v 107.001282 5.048379 39.779079
v 107.001282 5.048379 39.779079
v 106.950806 5.048379 39.758171
v 106.900330 5.048379 39.779079
v 106.900330 5.048379 39.779079
v 106.879425 5.048379 39.829556
v 106.900330 5.048379 39.880032
v 107.001282 5.048379 39.779079
v 106.900330 5.048379 39.779079
v 106.900330 5.048379 39.880032
v 107.001282 5.048379 39.880032
v 107.001282 5.048379 39.779079
v 106.900330 5.048379 39.880032
v 106.950806 5.048379 39.900936
v 107.001282 5.048379 39.880032
v 106.900330 5.048379 39.880032
v 99.610497 2.048380 39.900936
v 99.660973 2.048380 39.880028
v 99.660973 5.048379 39.880032
v 99.660973 5.048379 39.880032
v 99.610497 5.048379 39.900936
v 99.610497 2.048380 39.900936
v 99.660973 2.048380 39.880028
v 99.681877 2.048380 39.829552
v 99.681877 5.048379 39.829556
v 99.681877 5.048379 39.829556
v 99.660973 5.048379 39.880032
v 99.660973 2.048380 39.880028
v 99.681877 2.048380 39.829552
v 99.660973 2.048380 39.779076
v 99.660973 5.048379 39.779079
v 99.660973 5.048379 39.779079
v 99.681877 5.048379 39.829556
v 99.681877 2.048380 39.829552
v 99.660973 2.048380 39.779076
v 99.610497 2.048380 39.758171
v 99.610497 5.048379 39.758171
v 99.610497 5.048379 39.758171
v 99.660973 5.048379 39.779079
v 99.660973 2.048380 39.779076
v 99.610497 2.048380 39.758171
v 99.560020 2.048380 39.779076
v 99.560020 5.048379 39.779079
v 99.560020 5.048379 39.779079
v 99.610497 5.048379 39.758171
v 99.610497 2.048380 39.758171
v 99.560020 2.048380 39.779076
v 99.539116 2.048380 39.829552
v 99.539108 5.048379 39.829556
v 99.539108 5.048379 39.829556
v 99.560020 5.048379 39.779079
v 99.560020 2.048380 39.779076
v 99.539116 2.048380 39.829552
v 99.560020 2.048380 39.880028
v 99.560020 5.048379 39.880032
v 99.560020 5.048379 39.880032
v 99.539108 5.048379 39.829556
v 99.539116 2.048380 39.829552
v 99.560020 2.048380 39.880028
v 99.610497 2.048380 39.900936
v 99.610497 5.048379 39.900936
v 99.610497 5.048379 39.900936
v 99.560020 5.048379 39.880032
v 99.560020 2.048380 39.880028
v 99.660973 5.048379 39.880032
v 99.681877 5.048379 39.829556
v 99.660973 5.048379 39.779079
v 99.660973 5.048379 39.779079
v 99.610497 5.048379 39.758171
v 99.560020 5.048379 39.779079
v 99.560020 5.048379 39.779079
v 99.539108 5.048379 39.829556
v 99.560020 5.048379 39.880032
v 99.660973 5.048379 39.779079
v 99.560020 5.048379 39.779079
v 99.560020 5.048379 39.880032
v 99.660973 5.048379 39.880032
v 99.660973 5.048379 39.779079
v 99.560020 5.048379 39.880032
v 99.610497 5.048379 39.900936
v 99.660973 5.048379 39.880032
v 99.560020 5.048379 39.880032
v 92.349205 2.048380 39.900936
v 92.399681 2.048380 39.880028
v 92.399681 5.048379 39.880032
v 92.399681 5.048379 39.880032
v 92.349205 5.048379 39.900936
v 92.349205 2.048380 39.900936
v 92.399681 2.048380 39.880028
v 92.420586 2.048380 39.829552
v 92.420586 5.048379 39.829556
v 92.420586 5.048379 39.829556
v 92.399681 5.048379 39.880032
v 92.399681 2.048380 39.880028
v 92.420586 2.048380 39.829552
v 92.399681 2.048380 39.779076
v 92.399681 5.048379 39.779079
v 92.399681 5.048379 39.779079
v 92.420586 5.048379 39.829556
v 92.420586 2.048380 39.829552
v 92.399681 2.048380 39.779076
v 92.349205 2.048380 39.758171
v 92.349205 5.048379 39.758171
v 92.349205 5.048379 39.758171
v 92.399681 5.048379 39.779079
v 92.399681 2.048380 39.779076
v 92.349205 2.048380 39.758171
v 92.298729 2.048380 39.779076
v 92.298729 5.048379 39.779079
v 92.298729 5.048379 39.779079
v 92.349205 5.048379 39.758171
v 92.349205 2.048380 39.758171
v 92.298729 2.048380 39.779076
v 92.277824 2.048380 39.829552
v 92.277817 5.048379 39.829556
v 92.277817 5.048379 39.829556
v 92.298729 5.048379 39.779079
v 92.298729 2.048380 39.779076
v 92.277824 2.048380 39.829552
v 92.298729 2.048380 39.880028
v 92.298729 5.048379 39.880032
v 92.298729 5.048379 39.880032
v 92.277817 5.048379 39.829556
v 92.277824 2.048380 39.829552
v 92.298729 2.048380 39.880028
v 92.349205 2.048380 39.900936
v 92.349205 5.048379 39.900936
v 92.349205 5.048379 39.900936
v 92.298729 5.048379 39.880032
v 92.298729 2.048380 39.880028
v 92.399681 5.048379 39.880032
v 92.420586 5.048379 39.829556
v 92.399681 5.048379 39.779079
v 92.399681 5.048379 39.779079
v 92.349205 5.048379 39.758171
v 92.298729 5.048379 39.779079
v 92.298729 5.048379 39.779079
v 92.277817 5.048379 39.829556
v 92.298729 5.048379 39.880032
v 92.399681 5.048379 39.779079
v 92.298729 5.048379 39.779079
v 92.298729 5.048379 39.880032
v 92.399681 5.048379 39.880032
v 92.399681 5.048379 39.779079
v 92.298729 5.048379 39.880032
v 92.349205 5.048379 39.900936
v 92.399681 5.048379 39.880032
v 92.298729 5.048379 39.880032
v 121.266525 4.873096 11.732003
v 121.121040 4.873096 14.649486
v 121.121040 4.913259 14.649486
v 121.121040 4.913259 14.649486
v 121.266525 4.913259 11.732003
v 121.266525 4.873096 11.732003
v 121.266525 4.873096 11.732003
v 121.306961 4.873096 11.691567
v 121.161476 4.873096 14.649489
v 121.161476 4.873096 14.649489
v 121.121040 4.873096 14.649486
v 121.266525 4.873096 11.732003
v 121.306961 4.913259 11.691567
v 121.161476 4.913259 14.649487
v 121.161476 4.873096 14.649489
v 121.161476 4.873096 14.649489
v 121.306961 4.873096 11.691567
v 121.306961 4.913259 11.691567
v 121.266525 4.913259 11.732003
v 121.121040 4.913259 14.649486
v 121.161476 4.913259 14.649487
v 121.161476 4.913259 14.649487
v 121.306961 4.913259 11.691567
v 121.266525 4.913259 11.732003
v 87.498161 4.913254 39.810471
v 112.912109 4.913254 39.810471
v 112.912109 4.890065 39.810471
v 87.498161 4.873091 39.810467
v 121.121040 4.873096 14.649486
v 120.890320 4.873095 18.875425
v 120.890320 4.910375 18.875425
v 121.121040 4.913259 14.649486
v 112.912109 4.873091 39.810471
v 112.912109 4.873091 39.833817
v 87.498161 4.873091 39.850903
v 87.498161 4.873091 39.810467
v 121.161476 4.873096 14.649489
v 120.930748 4.873095 18.875423
v 120.893219 4.873095 18.875425
v 121.121040 4.873096 14.649486
v 87.498161 4.913254 39.850903
v 87.498161 4.873091 39.850903
v 112.912109 4.873091 39.850903
v 112.912109 4.896280 39.850903
v 121.161476 4.913259 14.649487
v 120.930748 4.913258 18.875423
v 120.930748 4.875979 18.875423
v 121.161476 4.873096 14.649489
v 112.912109 4.913254 39.850903
v 112.912109 4.913254 39.827560
v 87.498161 4.913254 39.810471
v 87.498161 4.913254 39.850903
v 121.121040 4.913259 14.649486
v 120.890320 4.913258 18.875425
v 120.927849 4.913258 18.875423
v 121.161476 4.913259 14.649487
v 82.316391 4.873091 39.810467
v 82.316391 4.913254 39.810467
v 87.498161 4.913254 39.810471
v 87.498161 4.913254 39.810471
v 87.498161 4.873091 39.810467
v 82.316391 4.873091 39.810467
v 87.498161 4.873091 39.850903
v 82.275963 4.873091 39.850899
v 82.316391 4.873091 39.810467
v 82.316391 4.873091 39.810467
v 87.498161 4.873091 39.810467
v 87.498161 4.873091 39.850903
v 82.275963 4.913254 39.850899
v 82.275963 4.873091 39.850899
v 87.498161 4.873091 39.850903
v 87.498161 4.873091 39.850903
v 87.498161 4.913254 39.850903
v 82.275963 4.913254 39.850899
v 82.316391 4.913254 39.810467
v 82.275963 4.913254 39.850899
v 87.498161 4.913254 39.850903
v 87.498161 4.913254 39.850903
v 87.498161 4.913254 39.810471
v 82.316391 4.913254 39.810467
v 121.266525 2.210755 11.732002
v 121.121040 2.210755 14.649485
v 121.121040 2.250919 14.649485
v 121.121040 2.250919 14.649485
v 121.266525 2.250919 11.732002
v 121.266525 2.210755 11.732002
v 121.266525 2.210755 11.732002
v 121.306961 2.210755 11.691566
v 121.161476 2.210755 14.649488
v 121.161476 2.210755 14.649488
v 121.121040 2.210755 14.649485
v 121.266525 2.210755 11.732002
v 121.306961 2.250919 11.691566
v 121.161476 2.250919 14.649487
v 121.161476 2.210755 14.649488
v 121.161476 2.210755 14.649488
v 121.306961 2.210755 11.691566
v 121.306961 2.250919 11.691566
v 121.266525 2.250919 11.732002
v 121.121040 2.250919 14.649485
v 121.161476 2.250919 14.649487
v 121.161476 2.250919 14.649487
v 121.306961 2.250919 11.691566
v 121.266525 2.250919 11.732002
v 87.498161 2.250915 39.810471
v 112.912109 2.250915 39.810471
v 112.912109 2.227726 39.810471
v 87.498161 2.210751 39.810467
v 121.121040 2.210755 14.649485
v 120.890320 2.210754 18.875425
v 120.890320 2.248034 18.875425
v 121.121040 2.250919 14.649485
v 112.912109 2.210751 39.810471
v 112.912109 2.210751 39.833817
v 87.498161 2.210751 39.850903
v 87.498161 2.210751 39.810467
v 121.161476 2.210755 14.649488
v 120.930748 2.210754 18.875423
v 120.893219 2.210754 18.875425
v 121.121040 2.210755 14.649485
v 87.498161 2.250915 39.850903
v 87.498161 2.210751 39.850903
v 112.912109 2.210751 39.850903
v 112.912109 2.233941 39.850903
v 121.161476 2.250919 14.649487
v 120.930748 2.250918 18.875423
v 120.930748 2.213639 18.875423
v 121.161476 2.210755 14.649488
v 87.498161 2.250915 39.810471
v 87.498161 2.250915 39.850903
v 112.912109 2.250915 39.850903
v 112.912109 2.250915 39.827560
v 121.121040 2.250919 14.649485
v 120.890320 2.250918 18.875425
v 120.927849 2.250918 18.875423
v 121.161476 2.250919 14.649487
v 82.316391 2.210751 39.810467
v 82.316391 2.250915 39.810467
v 87.498161 2.250915 39.810471
v 87.498161 2.250915 39.810471
v 87.498161 2.210751 39.810467
v 82.316391 2.210751 39.810467
v 87.498161 2.210751 39.850903
v 82.275963 2.210751 39.850899
v 82.316391 2.210751 39.810467
v 82.316391 2.210751 39.810467
v 87.498161 2.210751 39.810467
v 87.498161 2.210751 39.850903
v 82.275963 2.250915 39.850899
v 82.275963 2.210751 39.850899
v 87.498161 2.210751 39.850903
v 87.498161 2.210751 39.850903
v 87.498161 2.250915 39.850903
v 82.275963 2.250915 39.850899
v 82.316391 2.250915 39.810467
v 82.275963 2.250915 39.850899
v 87.498161 2.250915 39.850903
v 87.498161 2.250915 39.850903
v 87.498161 2.250915 39.810471
v 82.316391 2.250915 39.810467
v 112.912109 4.873091 39.810471
v 87.498161 4.873091 39.810467
v 112.912109 4.890065 39.810471
v 112.912109 4.873091 39.850903
v 87.498161 4.873091 39.850903
v 112.912109 4.873091 39.833817
v 112.912109 4.913254 39.850903
v 87.498161 4.913254 39.850903
v 112.912109 4.896280 39.850903
v 112.912109 4.913254 39.810471
v 87.498161 4.913254 39.810471
v 112.912109 4.913254 39.827560
v 112.912109 2.210751 39.810471
v 87.498161 2.210751 39.810467
v 112.912109 2.227726 39.810471
v 112.912109 2.210751 39.850903
v 87.498161 2.210751 39.850903
v 112.912109 2.210751 39.833817
v 112.912109 2.250915 39.850903
v 87.498161 2.250915 39.850903
v 112.912109 2.233941 39.850903
v 112.912109 2.250915 39.810471
v 87.498161 2.250915 39.810471
v 112.912109 2.250915 39.827560
v 119.133957 4.913254 39.840553
v 119.133957 4.896221 39.840553
v 112.935547 4.892043 39.810471
v 112.935547 4.913254 39.810471
v 119.151100 4.873091 39.837132
v 112.935547 4.873091 39.831825
v 112.935547 4.873091 39.810471
v 119.133957 4.873091 39.840553
v 119.174393 4.873091 39.832485
v 119.174393 4.890120 39.832485
v 112.935547 4.894303 39.850903
v 112.935547 4.873091 39.850903
v 119.157242 4.913254 39.835907
v 112.935547 4.913254 39.829552
v 112.935547 4.913254 39.850903
v 119.174393 4.913254 39.832485
v 119.133957 2.250915 39.840553
v 119.133957 2.233881 39.840553
v 112.935547 2.229702 39.810471
v 112.935547 2.250915 39.810471
v 119.151100 2.210751 39.837132
v 112.935547 2.210751 39.831825
v 112.935547 2.210751 39.810471
v 119.133957 2.210751 39.840553
v 119.174393 2.210751 39.832485
v 119.174393 2.227779 39.832485
v 112.935547 2.231963 39.850903
v 112.935547 2.210751 39.850903
v 119.157242 2.250915 39.835907
v 112.935547 2.250915 39.829552
v 112.935547 2.250915 39.850903
v 119.174393 2.250915 39.832485
v 120.521896 4.873094 26.215088
v 120.521896 4.905491 26.215088
v 120.890320 4.910375 18.875425
v 120.890320 4.873095 18.875425
v 120.562332 4.873094 26.215088
v 120.529716 4.873094 26.215088
v 120.893219 4.873095 18.875425
v 120.930748 4.873095 18.875423
v 120.562332 4.913258 26.215086
v 120.562332 4.880861 26.215086
v 120.930748 4.875979 18.875423
v 120.930748 4.913258 18.875423
v 120.521896 4.913257 26.215088
v 120.554512 4.913258 26.215086
v 120.927849 4.913258 18.875423
v 120.890320 4.913258 18.875425
v 120.521896 2.210753 26.215088
v 120.521896 2.243151 26.215088
v 120.890320 2.248034 18.875425
v 120.890320 2.210754 18.875425
v 120.562332 2.210753 26.215088
v 120.529716 2.210753 26.215088
v 120.893219 2.210754 18.875425
v 120.930748 2.210754 18.875423
v 120.562332 2.250917 26.215088
v 120.562332 2.218520 26.215086
v 120.930748 2.213639 18.875423
v 120.930748 2.250918 18.875423
v 120.521896 2.250917 26.215088
v 120.554512 2.250917 26.215086
v 120.927849 2.250918 18.875423
v 120.890320 2.250918 18.875425
v 120.890320 4.913258 18.875425
v 121.121040 4.913259 14.649486
v 120.890320 4.910375 18.875425
v 120.890320 4.873095 18.875425
v 121.121040 4.873096 14.649486
v 120.893219 4.873095 18.875425
v 120.930748 4.873095 18.875423
v 121.161476 4.873096 14.649489
v 120.930748 4.875979 18.875423
v 120.930748 4.913258 18.875423
v 121.161476 4.913259 14.649487
v 120.927849 4.913258 18.875423
v 120.890320 2.250918 18.875425
v 121.121040 2.250919 14.649485
v 120.890320 2.248034 18.875425
v 120.890320 2.210754 18.875425
v 121.121040 2.210755 14.649485
v 120.893219 2.210754 18.875425
v 120.930748 2.210754 18.875423
v 121.161476 2.210755 14.649488
v 120.930748 2.213639 18.875423
v 120.930748 2.250918 18.875423
v 121.161476 2.250919 14.649487
v 120.927849 2.250918 18.875423
v 120.890320 4.913258 18.875425
v 120.890320 4.910375 18.875425
v 120.521896 4.905491 26.215088
v 120.521896 4.913257 26.215088
v 120.890320 4.873095 18.875425
v 120.893219 4.873095 18.875425
v 120.529716 4.873094 26.215088
v 120.521896 4.873094 26.215088
v 120.930748 4.873095 18.875423
v 120.930748 4.875979 18.875423
v 120.562332 4.880861 26.215086
v 120.562332 4.873094 26.215088
v 120.930748 4.913258 18.875423
v 120.927849 4.913258 18.875423
v 120.554512 4.913258 26.215086
v 120.562332 4.913258 26.215086
v 120.890320 2.250918 18.875425
v 120.890320 2.248034 18.875425
v 120.521896 2.243151 26.215088
v 120.521896 2.250917 26.215088
v 120.890320 2.210754 18.875425
v 120.893219 2.210754 18.875425
v 120.529716 2.210753 26.215088
v 120.521896 2.210753 26.215088
v 120.930748 2.210754 18.875423
v 120.930748 2.213639 18.875423
v 120.562332 2.218520 26.215086
v 120.562332 2.210753 26.215088
v 120.930748 2.250918 18.875423
v 120.927849 2.250918 18.875423
v 120.554512 2.250917 26.215086
v 120.562332 2.250917 26.215088
v 119.874191 4.873093 33.654297
v 119.874191 4.900422 33.654297
v 120.521896 4.905491 26.215088
v 120.521896 4.873094 26.215088
v 119.914627 4.873093 33.654297
v 119.887115 4.873093 33.654297
v 120.529716 4.873094 26.215088
v 120.562332 4.873094 26.215088
v 119.914627 4.913256 33.654297
v 119.914627 4.885927 33.654297
v 120.562332 4.880861 26.215086
v 120.562332 4.913258 26.215086
v 119.874191 4.913256 33.654297
v 119.901703 4.913256 33.654297
v 120.554512 4.913258 26.215086
v 120.521896 4.913257 26.215088
v 119.874191 2.210752 33.654297
v 119.874191 2.238081 33.654297
v 120.521896 2.243151 26.215088
v 120.521896 2.210753 26.215088
v 119.914627 2.210752 33.654297
v 119.887115 2.210752 33.654297
v 120.529716 2.210753 26.215088
v 120.562332 2.210753 26.215088
v 119.914627 2.250916 33.654297
v 119.914627 2.223587 33.654297
v 120.562332 2.218520 26.215086
v 120.562332 2.250917 26.215088
v 119.874191 2.250916 33.654297
v 119.901703 2.250916 33.654297
v 120.554512 2.250917 26.215086
v 120.521896 2.250917 26.215088
v 120.521896 4.913257 26.215088
v 120.521896 4.905491 26.215088
v 119.874191 4.900422 33.654297
v 119.874191 4.913256 33.654297
v 120.521896 4.873094 26.215088
v 120.529716 4.873094 26.215088
v 119.887115 4.873093 33.654297
v 119.874191 4.873093 33.654297
v 120.562332 4.873094 26.215088
v 120.562332 4.880861 26.215086
v 119.914627 4.885927 33.654297
v 119.914627 4.873093 33.654297
v 120.562332 4.913258 26.215086
v 120.554512 4.913258 26.215086
v 119.901703 4.913256 33.654297
v 119.914627 4.913256 33.654297
v 120.521896 2.250917 26.215088
v 120.521896 2.243151 26.215088
v 119.874191 2.238081 33.654297
v 119.874191 2.250916 33.654297
v 120.521896 2.210753 26.215088
v 120.529716 2.210753 26.215088
v 119.887115 2.210752 33.654297
v 119.874191 2.210752 33.654297
v 120.562332 2.210753 26.215088
v 120.562332 2.218520 26.215086
v 119.914627 2.223587 33.654297
v 119.914627 2.210752 33.654297
v 120.562332 2.250917 26.215088
v 120.554512 2.250917 26.215086
v 119.901703 2.250916 33.654297
v 119.914627 2.250916 33.654297
v 119.133957 4.873091 39.840553
v 119.133957 4.896221 39.840553
v 119.874191 4.900422 33.654297
v 119.874191 4.873093 33.654297
v 119.174393 4.873091 39.832485
v 119.151100 4.873091 39.837132
v 119.887115 4.873093 33.654297
v 119.914627 4.873093 33.654297
v 119.174393 4.913254 39.832485
v 119.174393 4.890120 39.832485
v 119.914627 4.885927 33.654297
v 119.914627 4.913256 33.654297
v 119.133957 4.913254 39.840553
v 119.157242 4.913254 39.835907
v 119.901703 4.913256 33.654297
v 119.874191 4.913256 33.654297
v 119.133957 2.210751 39.840553
v 119.133957 2.233881 39.840553
v 119.874191 2.238081 33.654297
v 119.874191 2.210752 33.654297
v 119.174393 2.210751 39.832485
v 119.151100 2.210751 39.837132
v 119.887115 2.210752 33.654297
v 119.914627 2.210752 33.654297
v 119.174393 2.250915 39.832485
v 119.174393 2.227779 39.832485
v 119.914627 2.223587 33.654297
v 119.914627 2.250916 33.654297
v 119.133957 2.250915 39.840553
v 119.157242 2.250915 39.835907
v 119.901703 2.250916 33.654297
v 119.874191 2.250916 33.654297
v 119.874191 4.913256 33.654297
v 119.874191 4.900422 33.654297
v 119.133957 4.896221 39.840553
v 119.133957 4.913254 39.840553
v 119.874191 4.873093 33.654297
v 119.887115 4.873093 33.654297
v 119.151100 4.873091 39.837132
v 119.133957 4.873091 39.840553
v 119.914627 4.873093 33.654297
v 119.914627 4.885927 33.654297
v 119.174393 4.890120 39.832485
v 119.174393 4.873091 39.832485
v 119.914627 4.913256 33.654297
v 119.901703 4.913256 33.654297
v 119.157242 4.913254 39.835907
v 119.174393 4.913254 39.832485
v 119.874191 2.250916 33.654297
v 119.874191 2.238081 33.654297
v 119.133957 2.233881 39.840553
v 119.133957 2.250915 39.840553
v 119.874191 2.210752 33.654297
v 119.887115 2.210752 33.654297
v 119.151100 2.210751 39.837132
v 119.133957 2.210751 39.840553
v 119.914627 2.210752 33.654297
v 119.914627 2.223587 33.654297
v 119.174393 2.227779 39.832485
v 119.174393 2.210751 39.832485
v 119.914627 2.250916 33.654297
v 119.901703 2.250916 33.654297
v 119.157242 2.250915 39.835907
v 119.174393 2.250915 39.832485
v 112.935547 4.873091 39.810471
v 112.935547 4.892043 39.810471
v 119.133957 4.896221 39.840553
v 119.133957 4.873091 39.840553
v 119.174393 4.873091 39.832485
v 112.935547 4.873091 39.850903
v 112.935547 4.873091 39.831825
v 119.151100 4.873091 39.837132
v 112.935547 4.913254 39.850903
v 112.935547 4.894303 39.850903
v 119.174393 4.890120 39.832485
v 119.174393 4.913254 39.832485
v 119.133957 4.913254 39.840553
v 112.935547 4.913254 39.810471
v 112.935547 4.913254 39.829552
v 119.157242 4.913254 39.835907
v 112.935547 2.210751 39.810471
v 112.935547 2.229702 39.810471
v 119.133957 2.233881 39.840553
v 119.133957 2.210751 39.840553
v 119.174393 2.210751 39.832485
v 112.935547 2.210751 39.850903
v 112.935547 2.210751 39.831825
v 119.151100 2.210751 39.837132
v 112.935547 2.250915 39.850903
v 112.935547 2.231963 39.850903
v 119.174393 2.227779 39.832485
v 119.174393 2.250915 39.832485
v 119.133957 2.250915 39.840553
v 112.935547 2.250915 39.810471
v 112.935547 2.250915 39.829552
v 119.157242 2.250915 39.835907
v 77.721741 2.048395 -54.429520
v 77.700829 2.048395 -54.479996
v 77.700836 5.048395 -54.479996
v 77.700836 5.048395 -54.479996
v 77.721741 5.048395 -54.429520
v 77.721741 2.048395 -54.429520
v 77.700829 2.048395 -54.479996
v 77.650352 2.048395 -54.500904
v 77.650360 5.048395 -54.500908
v 77.650360 5.048395 -54.500908
v 77.700836 5.048395 -54.479996
v 77.700829 2.048395 -54.479996
v 77.650352 2.048395 -54.500904
v 77.599876 2.048395 -54.479996
v 77.599884 5.048395 -54.479996
v 77.599884 5.048395 -54.479996
v 77.650360 5.048395 -54.500908
v 77.650352 2.048395 -54.500904
v 77.599876 2.048395 -54.479996
v 77.578972 2.048395 -54.429520
v 77.578972 5.048395 -54.429520
v 77.578972 5.048395 -54.429520
v 77.599884 5.048395 -54.479996
v 77.599876 2.048395 -54.479996
v 77.578972 2.048395 -54.429520
v 77.599876 2.048395 -54.379044
v 77.599884 5.048395 -54.379044
v 77.599884 5.048395 -54.379044
v 77.578972 5.048395 -54.429520
v 77.578972 2.048395 -54.429520
v 77.599876 2.048395 -54.379044
v 77.650352 2.048395 -54.358135
v 77.650360 5.048395 -54.358135
v 77.650360 5.048395 -54.358135
v 77.599884 5.048395 -54.379044
v 77.599876 2.048395 -54.379044
v 77.650352 2.048395 -54.358135
v 77.700829 2.048395 -54.379044
v 77.700836 5.048395 -54.379044
v 77.700836 5.048395 -54.379044
v 77.650360 5.048395 -54.358135
v 77.650352 2.048395 -54.358135
v 77.700829 2.048395 -54.379044
v 77.721741 2.048395 -54.429520
v 77.721741 5.048395 -54.429520
v 77.721741 5.048395 -54.429520
v 77.700836 5.048395 -54.379044
v 77.700829 2.048395 -54.379044
v 77.700836 5.048395 -54.479996
v 77.650360 5.048395 -54.500908
v 77.599884 5.048395 -54.479996
v 77.599884 5.048395 -54.479996
v 77.578972 5.048395 -54.429520
v 77.599884 5.048395 -54.379044
v 77.599884 5.048395 -54.379044
v 77.650360 5.048395 -54.358135
v 77.700836 5.048395 -54.379044
v 77.599884 5.048395 -54.479996
v 77.599884 5.048395 -54.379044
v 77.700836 5.048395 -54.379044
v 77.700836 5.048395 -54.479996
v 77.599884 5.048395 -54.479996
v 77.700836 5.048395 -54.379044
v 77.721741 5.048395 -54.429520
v 77.700836 5.048395 -54.479996
v 77.700836 5.048395 -54.379044
v 62.729092 2.048395 -54.429520
v 62.708183 2.048395 -54.479996
v 62.708183 5.048395 -54.479996
v 62.708183 5.048395 -54.479996
v 62.729092 5.048395 -54.429520
v 62.729092 2.048395 -54.429520
v 62.708183 2.048395 -54.479996
v 62.657707 2.048395 -54.500904
v 62.657707 5.048395 -54.500908
v 62.657707 5.048395 -54.500908
v 62.708183 5.048395 -54.479996
v 62.708183 2.048395 -54.479996
v 62.657707 2.048395 -54.500904
v 62.607231 2.048395 -54.479996
v 62.607231 5.048395 -54.479996
v 62.607231 5.048395 -54.479996
v 62.657707 5.048395 -54.500908
v 62.657707 2.048395 -54.500904
v 62.607231 2.048395 -54.479996
v 62.586323 2.048395 -54.429520
v 62.586323 5.048395 -54.429520
v 62.586323 5.048395 -54.429520
v 62.607231 5.048395 -54.479996
v 62.607231 2.048395 -54.479996
v 62.586323 2.048395 -54.429520
v 62.607231 2.048395 -54.379044
v 62.607231 5.048395 -54.379044
v 62.607231 5.048395 -54.379044
v 62.586323 5.048395 -54.429520
v 62.586323 2.048395 -54.429520
v 62.607231 2.048395 -54.379044
v 62.657707 2.048395 -54.358135
v 62.657707 5.048395 -54.358135
v 62.657707 5.048395 -54.358135
v 62.607231 5.048395 -54.379044
v 62.607231 2.048395 -54.379044
v 62.657707 2.048395 -54.358135
v 62.708183 2.048395 -54.379044
v 62.708183 5.048395 -54.379044
v 62.708183 5.048395 -54.379044
v 62.657707 5.048395 -54.358135
v 62.657707 2.048395 -54.358135
v 62.708183 2.048395 -54.379044
v 62.729092 2.048395 -54.429520
v 62.729092 5.048395 -54.429520
v 62.729092 5.048395 -54.429520
v 62.708183 5.048395 -54.379044
v 62.708183 2.048395 -54.379044
v 62.708183 5.048395 -54.479996
v 62.657707 5.048395 -54.500908
v 62.607231 5.048395 -54.479996
v 62.607231 5.048395 -54.479996
v 62.586323 5.048395 -54.429520
v 62.607231 5.048395 -54.379044
v 62.607231 5.048395 -54.379044
v 62.657707 5.048395 -54.358135
v 62.708183 5.048395 -54.379044
v 62.607231 5.048395 -54.479996
v 62.607231 5.048395 -54.379044
v 62.708183 5.048395 -54.379044
v 62.708183 5.048395 -54.479996
v 62.607231 5.048395 -54.479996
v 62.708183 5.048395 -54.379044
v 62.729092 5.048395 -54.429520
v 62.708183 5.048395 -54.479996
v 62.708183 5.048395 -54.379044
v 70.225540 2.048395 -54.429520
v 70.204628 2.048395 -54.479996
v 70.204628 5.048395 -54.479996
v 70.204628 5.048395 -54.479996
v 70.225540 5.048395 -54.429520
v 70.225540 2.048395 -54.429520
v 70.204628 2.048395 -54.479996
v 70.154160 2.048395 -54.500904
v 70.154160 5.048395 -54.500908
v 70.154160 5.048395 -54.500908
v 70.204628 5.048395 -54.479996
v 70.204628 2.048395 -54.479996
v 70.154160 2.048395 -54.500904
v 70.103683 2.048395 -54.479996
v 70.103683 5.048395 -54.479996
v 70.103683 5.048395 -54.479996
v 70.154160 5.048395 -54.500908
v 70.154160 2.048395 -54.500904
v 70.103683 2.048395 -54.479996
v 70.082771 2.048395 -54.429520
v 70.082771 5.048395 -54.429520
v 70.082771 5.048395 -54.429520
v 70.103683 5.048395 -54.479996
v 70.103683 2.048395 -54.479996
v 70.082771 2.048395 -54.429520
v 70.103683 2.048395 -54.379044
v 70.103683 5.048395 -54.379044
v 70.103683 5.048395 -54.379044
v 70.082771 5.048395 -54.429520
v 70.082771 2.048395 -54.429520
v 70.103683 2.048395 -54.379044
v 70.154160 2.048395 -54.358135
v 70.154160 5.048395 -54.358135
v 70.154160 5.048395 -54.358135
v 70.103683 5.048395 -54.379044
v 70.103683 2.048395 -54.379044
v 70.154160 2.048395 -54.358135
v 70.204628 2.048395 -54.379044
v 70.204628 5.048395 -54.379044
v 70.204628 5.048395 -54.379044
v 70.154160 5.048395 -54.358135
v 70.154160 2.048395 -54.358135
v 70.204628 2.048395 -54.379044
v 70.225540 2.048395 -54.429520
v 70.225540 5.048395 -54.429520
v 70.225540 5.048395 -54.429520
v 70.204628 5.048395 -54.379044
v 70.204628 2.048395 -54.379044
v 70.204628 5.048395 -54.479996
v 70.154160 5.048395 -54.500908
v 70.103683 5.048395 -54.479996
v 70.103683 5.048395 -54.479996
v 70.082771 5.048395 -54.429520
v 70.103683 5.048395 -54.379044
v 70.103683 5.048395 -54.379044
v 70.154160 5.048395 -54.358135
v 70.204628 5.048395 -54.379044
v 70.103683 5.048395 -54.479996
v 70.103683 5.048395 -54.379044
v 70.204628 5.048395 -54.379044
v 70.204628 5.048395 -54.479996
v 70.103683 5.048395 -54.479996
v 70.204628 5.048395 -54.379044
v 70.225540 5.048395 -54.429520
v 70.204628 5.048395 -54.479996
v 70.204628 5.048395 -54.379044
v 55.238136 2.048395 -54.429520
v 55.217228 2.048395 -54.479996
v 55.217228 5.048395 -54.479996
v 55.217228 5.048395 -54.479996
v 55.238136 5.048395 -54.429520
v 55.238136 2.048395 -54.429520
v 55.217228 2.048395 -54.479996
v 55.166752 2.048395 -54.500904
v 55.166752 5.048395 -54.500908
v 55.166752 5.048395 -54.500908
v 55.217228 5.048395 -54.479996
v 55.217228 2.048395 -54.479996
v 55.166752 2.048395 -54.500904
v 55.116276 2.048395 -54.479996
v 55.116276 5.048395 -54.479996
v 55.116276 5.048395 -54.479996
v 55.166752 5.048395 -54.500908
v 55.166752 2.048395 -54.500904
v 55.116276 2.048395 -54.479996
v 55.095367 2.048395 -54.429520
v 55.095367 5.048395 -54.429520
v 55.095367 5.048395 -54.429520
v 55.116276 5.048395 -54.479996
v 55.116276 2.048395 -54.479996
v 55.095367 2.048395 -54.429520
v 55.116276 2.048395 -54.379044
v 55.116276 5.048395 -54.379044
v 55.116276 5.048395 -54.379044
v 55.095367 5.048395 -54.429520
v 55.095367 2.048395 -54.429520
v 55.116276 2.048395 -54.379044
v 55.166752 2.048395 -54.358135
v 55.166752 5.048395 -54.358135
v 55.166752 5.048395 -54.358135
v 55.116276 5.048395 -54.379044
v 55.116276 2.048395 -54.379044
v 55.166752 2.048395 -54.358135
v 55.217228 2.048395 -54.379044
v 55.217228 5.048395 -54.379044
v 55.217228 5.048395 -54.379044
v 55.166752 5.048395 -54.358135
v 55.166752 2.048395 -54.358135
v 55.217228 2.048395 -54.379044
v 55.238136 2.048395 -54.429520
v 55.238136 5.048395 -54.429520
v 55.238136 5.048395 -54.429520
v 55.217228 5.048395 -54.379044
v 55.217228 2.048395 -54.379044
v 55.217228 5.048395 -54.479996
v 55.166752 5.048395 -54.500908
v 55.116276 5.048395 -54.479996
v 55.116276 5.048395 -54.479996
v 55.095367 5.048395 -54.429520
v 55.116276 5.048395 -54.379044
v 55.116276 5.048395 -54.379044
v 55.166752 5.048395 -54.358135
v 55.217228 5.048395 -54.379044
v 55.116276 5.048395 -54.479996
v 55.116276 5.048395 -54.379044
v 55.217228 5.048395 -54.379044
v 55.217228 5.048395 -54.479996
v 55.116276 5.048395 -54.479996
v 55.217228 5.048395 -54.379044
v 55.238136 5.048395 -54.429520
v 55.217228 5.048395 -54.479996
v 55.217228 5.048395 -54.379044
v 40.202030 2.048395 -54.429520
v 40.181122 2.048395 -54.479996
v 40.181122 5.048395 -54.479996
v 40.181122 5.048395 -54.479996
v 40.202026 5.048395 -54.429520
v 40.202030 2.048395 -54.429520
v 40.181122 2.048395 -54.479996
v 40.130646 2.048395 -54.500904
v 40.130646 5.048395 -54.500908
v 40.130646 5.048395 -54.500908
v 40.181122 5.048395 -54.479996
v 40.181122 2.048395 -54.479996
v 40.130646 2.048395 -54.500904
v 40.080170 2.048395 -54.479996
v 40.080170 5.048395 -54.479996
v 40.080170 5.048395 -54.479996
v 40.130646 5.048395 -54.500908
v 40.130646 2.048395 -54.500904
v 40.080170 2.048395 -54.479996
v 40.059261 2.048395 -54.429520
v 40.059261 5.048395 -54.429520
v 40.059261 5.048395 -54.429520
v 40.080170 5.048395 -54.479996
v 40.080170 2.048395 -54.479996
v 40.059261 2.048395 -54.429520
v 40.080170 2.048395 -54.379044
v 40.080170 5.048395 -54.379044
v 40.080170 5.048395 -54.379044
v 40.059261 5.048395 -54.429520
v 40.059261 2.048395 -54.429520
v 40.080170 2.048395 -54.379044
v 40.130646 2.048395 -54.358135
v 40.130646 5.048395 -54.358135
v 40.130646 5.048395 -54.358135
v 40.080170 5.048395 -54.379044
v 40.080170 2.048395 -54.379044
v 40.130646 2.048395 -54.358135
v 40.181122 2.048395 -54.379044
v 40.181122 5.048395 -54.379044
v 40.181122 5.048395 -54.379044
v 40.130646 5.048395 -54.358135
v 40.130646 2.048395 -54.358135
v 40.181122 2.048395 -54.379044
v 40.202030 2.048395 -54.429520
v 40.202026 5.048395 -54.429520
v 40.202026 5.048395 -54.429520
v 40.181122 5.048395 -54.379044
v 40.181122 2.048395 -54.379044
v 40.181122 5.048395 -54.479996
v 40.130646 5.048395 -54.500908
v 40.080170 5.048395 -54.479996
v 40.080170 5.048395 -54.479996
v 40.059261 5.048395 -54.429520
v 40.080170 5.048395 -54.379044
v 40.080170 5.048395 -54.379044
v 40.130646 5.048395 -54.358135
v 40.181122 5.048395 -54.379044
v 40.080170 5.048395 -54.479996
v 40.080170 5.048395 -54.379044
v 40.181122 5.048395 -54.379044
v 40.181122 5.048395 -54.479996
v 40.080170 5.048395 -54.479996
v 40.181122 5.048395 -54.379044
v 40.202026 5.048395 -54.429520
v 40.181122 5.048395 -54.479996
v 40.181122 5.048395 -54.379044
v 47.698479 2.048395 -54.429520
v 47.677567 2.048395 -54.479996
v 47.677567 5.048395 -54.479996
v 47.677567 5.048395 -54.479996
v 47.698479 5.048395 -54.429520
v 47.698479 2.048395 -54.429520
v 47.677567 2.048395 -54.479996
v 47.627094 2.048395 -54.500904
v 47.627090 5.048395 -54.500908
v 47.627090 5.048395 -54.500908
v 47.677567 5.048395 -54.479996
v 47.677567 2.048395 -54.479996
v 47.627094 2.048395 -54.500904
v 47.576618 2.048395 -54.479996
v 47.576618 5.048395 -54.479996
v 47.576618 5.048395 -54.479996
v 47.627090 5.048395 -54.500908
v 47.627094 2.048395 -54.500904
v 47.576618 2.048395 -54.479996
v 47.555710 2.048395 -54.429520
v 47.555710 5.048395 -54.429520
v 47.555710 5.048395 -54.429520
v 47.576618 5.048395 -54.479996
v 47.576618 2.048395 -54.479996
v 47.555710 2.048395 -54.429520
v 47.576618 2.048395 -54.379044
v 47.576618 5.048395 -54.379044
v 47.576618 5.048395 -54.379044
v 47.555710 5.048395 -54.429520
v 47.555710 2.048395 -54.429520
v 47.576618 2.048395 -54.379044
v 47.627094 2.048395 -54.358135
v 47.627090 5.048395 -54.358135
v 47.627090 5.048395 -54.358135
v 47.576618 5.048395 -54.379044
v 47.576618 2.048395 -54.379044
v 47.627094 2.048395 -54.358135
v 47.677567 2.048395 -54.379044
v 47.677567 5.048395 -54.379044
v 47.677567 5.048395 -54.379044
v 47.627090 5.048395 -54.358135
v 47.627094 2.048395 -54.358135
v 47.677567 2.048395 -54.379044
v 47.698479 2.048395 -54.429520
v 47.698479 5.048395 -54.429520
v 47.698479 5.048395 -54.429520
v 47.677567 5.048395 -54.379044
v 47.677567 2.048395 -54.379044
v 47.677567 5.048395 -54.479996
v 47.627090 5.048395 -54.500908
v 47.576618 5.048395 -54.479996
v 47.576618 5.048395 -54.479996
v 47.555710 5.048395 -54.429520
v 47.576618 5.048395 -54.379044
v 47.576618 5.048395 -54.379044
v 47.627090 5.048395 -54.358135
v 47.677567 5.048395 -54.379044
v 47.576618 5.048395 -54.479996
v 47.576618 5.048395 -54.379044
v 47.677567 5.048395 -54.379044
v 47.677567 5.048395 -54.479996
v 47.576618 5.048395 -54.479996
v 47.677567 5.048395 -54.379044
v 47.698479 5.048395 -54.429520
v 47.677567 5.048395 -54.479996
v 47.677567 5.048395 -54.379044
v 34.235561 2.048395 -54.429520
v 34.214653 2.048395 -54.479996
v 34.214653 5.048395 -54.479996
v 34.214653 5.048395 -54.479996
v 34.235558 5.048395 -54.429520
v 34.235561 2.048395 -54.429520
v 34.214653 2.048395 -54.479996
v 34.164177 2.048395 -54.500904
v 34.164177 5.048395 -54.500908
v 34.164177 5.048395 -54.500908
v 34.214653 5.048395 -54.479996
v 34.214653 2.048395 -54.479996
v 34.164177 2.048395 -54.500904
v 34.113701 2.048395 -54.479996
v 34.113701 5.048395 -54.479996
v 34.113701 5.048395 -54.479996
v 34.164177 5.048395 -54.500908
v 34.164177 2.048395 -54.500904
v 34.113701 2.048395 -54.479996
v 34.092796 2.048395 -54.429520
v 34.092796 5.048395 -54.429520
v 34.092796 5.048395 -54.429520
v 34.113701 5.048395 -54.479996
v 34.113701 2.048395 -54.479996
v 34.092796 2.048395 -54.429520
v 34.113701 2.048395 -54.379044
v 34.113701 5.048395 -54.379044
v 34.113701 5.048395 -54.379044
v 34.092796 5.048395 -54.429520
v 34.092796 2.048395 -54.429520
v 34.113701 2.048395 -54.379044
v 34.164177 2.048395 -54.358135
v 34.164177 5.048395 -54.358135
v 34.164177 5.048395 -54.358135
v 34.113701 5.048395 -54.379044
v 34.113701 2.048395 -54.379044
v 34.164177 2.048395 -54.358135
v 34.214653 2.048395 -54.379044
v 34.214653 5.048395 -54.379044
v 34.214653 5.048395 -54.379044
v 34.164177 5.048395 -54.358135
v 34.164177 2.048395 -54.358135
v 34.214653 2.048395 -54.379044
v 34.235561 2.048395 -54.429520
v 34.235558 5.048395 -54.429520
v 34.235558 5.048395 -54.429520
v 34.214653 5.048395 -54.379044
v 34.214653 2.048395 -54.379044
v 34.214653 5.048395 -54.479996
v 34.164177 5.048395 -54.500908
v 34.113701 5.048395 -54.479996
v 34.113701 5.048395 -54.479996
v 34.092796 5.048395 -54.429520
v 34.113701 5.048395 -54.379044
v 34.113701 5.048395 -54.379044
v 34.164177 5.048395 -54.358135
v 34.214653 5.048395 -54.379044
v 34.113701 5.048395 -54.479996
v 34.113701 5.048395 -54.379044
v 34.214653 5.048395 -54.379044
v 34.214653 5.048395 -54.479996
v 34.113701 5.048395 -54.479996
v 34.214653 5.048395 -54.379044
v 34.235558 5.048395 -54.429520
v 34.214653 5.048395 -54.479996
v 34.214653 5.048395 -54.379044
v 34.181641 4.913270 -54.417900
v 34.181641 4.873107 -54.417900
v 77.631271 4.873107 -54.417900
v 77.631271 4.873107 -54.417900
v 77.631271 4.913270 -54.417900
v 34.181641 4.913270 -54.417900
v 34.181641 4.873107 -54.417900
v 34.141209 4.873107 -54.458336
v 77.671707 4.873107 -54.458336
v 77.671707 4.873107 -54.458336
v 77.631271 4.873107 -54.417900
v 34.181641 4.873107 -54.417900
v 34.141209 4.873107 -54.458336
v 34.141209 4.913270 -54.458336
v 77.671707 4.913270 -54.458336
v 77.671707 4.913270 -54.458336
v 77.671707 4.873107 -54.458336
v 34.141209 4.873107 -54.458336
v 34.141209 4.913270 -54.458336
v 34.181641 4.913270 -54.417900
v 77.631271 4.913270 -54.417900
v 77.631271 4.913270 -54.417900
v 77.671707 4.913270 -54.458336
v 34.141209 4.913270 -54.458336
v 34.181641 2.250930 -54.417900
v 34.181641 2.210766 -54.417900
v 77.631271 2.210766 -54.417900
v 77.631271 2.210766 -54.417900
v 77.631271 2.250930 -54.417900
v 34.181641 2.250930 -54.417900
v 34.181641 2.210766 -54.417900
v 34.141209 2.210766 -54.458336
v 77.671707 2.210766 -54.458336
v 77.671707 2.210766 -54.458336
v 77.631271 2.210766 -54.417900
v 34.181641 2.210766 -54.417900
v 34.141209 2.210766 -54.458336
v 34.141209 2.250930 -54.458336
v 77.671707 2.250930 -54.458336
v 77.671707 2.250930 -54.458336
v 77.671707 2.210766 -54.458336
v 34.141209 2.210766 -54.458336
v 34.141209 2.250930 -54.458336
v 34.181641 2.250930 -54.417900
v 77.631271 2.250930 -54.417900
v 77.631271 2.250930 -54.417900
v 77.671707 2.250930 -54.458336
v 34.141209 2.250930 -54.458336
v 29.584351 2.048395 -54.429520
v 29.563444 2.048395 -54.479996
v 29.563446 5.048395 -54.479996
v 29.563446 5.048395 -54.479996
v 29.584351 5.048395 -54.429520
v 29.584351 2.048395 -54.429520
v 29.563444 2.048395 -54.479996
v 29.512968 2.048395 -54.500904
v 29.512970 5.048395 -54.500908
v 29.512970 5.048395 -54.500908
v 29.563446 5.048395 -54.479996
v 29.563444 2.048395 -54.479996
v 29.512968 2.048395 -54.500904
v 29.462492 2.048395 -54.479996
v 29.462494 5.048395 -54.479996
v 29.462494 5.048395 -54.479996
v 29.512970 5.048395 -54.500908
v 29.512968 2.048395 -54.500904
v 29.462492 2.048395 -54.479996
v 29.441586 2.048395 -54.429520
v 29.441586 5.048395 -54.429520
v 29.441586 5.048395 -54.429520
v 29.462494 5.048395 -54.479996
v 29.462492 2.048395 -54.479996
v 29.441586 2.048395 -54.429520
v 29.462492 2.048395 -54.379044
v 29.462494 5.048395 -54.379044
v 29.462494 5.048395 -54.379044
v 29.441586 5.048395 -54.429520
v 29.441586 2.048395 -54.429520
v 29.462492 2.048395 -54.379044
v 29.512968 2.048395 -54.358135
v 29.512970 5.048395 -54.358135
v 29.512970 5.048395 -54.358135
v 29.462494 5.048395 -54.379044
v 29.462492 2.048395 -54.379044
v 29.512968 2.048395 -54.358135
v 29.563444 2.048395 -54.379044
v 29.563446 5.048395 -54.379044
v 29.563446 5.048395 -54.379044
v 29.512970 5.048395 -54.358135
v 29.512968 2.048395 -54.358135
v 29.563444 2.048395 -54.379044
v 29.584351 2.048395 -54.429520
v 29.584351 5.048395 -54.429520
v 29.584351 5.048395 -54.429520
v 29.563446 5.048395 -54.379044
v 29.563444 2.048395 -54.379044
v 29.563446 5.048395 -54.479996
v 29.512970 5.048395 -54.500908
v 29.462494 5.048395 -54.479996
v 29.462494 5.048395 -54.479996
v 29.441586 5.048395 -54.429520
v 29.462494 5.048395 -54.379044
v 29.462494 5.048395 -54.379044
v 29.512970 5.048395 -54.358135
v 29.563446 5.048395 -54.379044
v 29.462494 5.048395 -54.479996
v 29.462494 5.048395 -54.379044
v 29.563446 5.048395 -54.379044
v 29.563446 5.048395 -54.479996
v 29.462494 5.048395 -54.479996
v 29.563446 5.048395 -54.379044
v 29.584351 5.048395 -54.429520
v 29.563446 5.048395 -54.479996
v 29.563446 5.048395 -54.379044
v 19.202234 2.048395 -54.429520
v 19.181328 2.048395 -54.479996
v 19.181328 5.048395 -54.479996
v 19.181328 5.048395 -54.479996
v 19.202236 5.048395 -54.429520
v 19.202234 2.048395 -54.429520
v 19.181328 2.048395 -54.479996
v 19.130852 2.048395 -54.500904
v 19.130852 5.048395 -54.500908
v 19.130852 5.048395 -54.500908
v 19.181328 5.048395 -54.479996
v 19.181328 2.048395 -54.479996
v 19.130852 2.048395 -54.500904
v 19.080376 2.048395 -54.479996
v 19.080376 5.048395 -54.479996
v 19.080376 5.048395 -54.479996
v 19.130852 5.048395 -54.500908
v 19.130852 2.048395 -54.500904
v 19.080376 2.048395 -54.479996
v 19.059469 2.048395 -54.429520
v 19.059469 5.048395 -54.429520
v 19.059469 5.048395 -54.429520
v 19.080376 5.048395 -54.479996
v 19.080376 2.048395 -54.479996
v 19.059469 2.048395 -54.429520
v 19.080376 2.048395 -54.379044
v 19.080376 5.048395 -54.379044
v 19.080376 5.048395 -54.379044
v 19.059469 5.048395 -54.429520
v 19.059469 2.048395 -54.429520
v 19.080376 2.048395 -54.379044
v 19.130852 2.048395 -54.358135
v 19.130852 5.048395 -54.358135
v 19.130852 5.048395 -54.358135
v 19.080376 5.048395 -54.379044
v 19.080376 2.048395 -54.379044
v 19.130852 2.048395 -54.358135
v 19.181328 2.048395 -54.379044
v 19.181328 5.048395 -54.379044
v 19.181328 5.048395 -54.379044
v 19.130852 5.048395 -54.358135
v 19.130852 2.048395 -54.358135
v 19.181328 2.048395 -54.379044
v 19.202234 2.048395 -54.429520
v 19.202236 5.048395 -54.429520
v 19.202236 5.048395 -54.429520
v 19.181328 5.048395 -54.379044
v 19.181328 2.048395 -54.379044
v 19.181328 5.048395 -54.479996
v 19.130852 5.048395 -54.500908
v 19.080376 5.048395 -54.479996
v 19.080376 5.048395 -54.479996
v 19.059469 5.048395 -54.429520
v 19.080376 5.048395 -54.379044
v 19.080376 5.048395 -54.379044
v 19.130852 5.048395 -54.358135
v 19.181328 5.048395 -54.379044
v 19.080376 5.048395 -54.479996
v 19.080376 5.048395 -54.379044
v 19.181328 5.048395 -54.379044
v 19.181328 5.048395 -54.479996
v 19.080376 5.048395 -54.479996
v 19.181328 5.048395 -54.379044
v 19.202236 5.048395 -54.429520
v 19.181328 5.048395 -54.479996
v 19.181328 5.048395 -54.379044
v 22.468170 2.048395 -54.429520
v 22.447262 2.048395 -54.479996
v 22.447262 5.048395 -54.479996
v 22.447262 5.048395 -54.479996
v 22.468170 5.048395 -54.429520
v 22.468170 2.048395 -54.429520
v 22.447262 2.048395 -54.479996
v 22.396786 2.048395 -54.500904
v 22.396786 5.048395 -54.500908
v 22.396786 5.048395 -54.500908
v 22.447262 5.048395 -54.479996
v 22.447262 2.048395 -54.479996
v 22.396786 2.048395 -54.500904
v 22.346310 2.048395 -54.479996
v 22.346312 5.048395 -54.479996
v 22.346312 5.048395 -54.479996
v 22.396786 5.048395 -54.500908
v 22.396786 2.048395 -54.500904
v 22.346310 2.048395 -54.479996
v 22.325401 2.048395 -54.429520
v 22.325403 5.048395 -54.429520
v 22.325403 5.048395 -54.429520
v 22.346312 5.048395 -54.479996
v 22.346310 2.048395 -54.479996
v 22.325401 2.048395 -54.429520
v 22.346310 2.048395 -54.379044
v 22.346312 5.048395 -54.379044
v 22.346312 5.048395 -54.379044
v 22.325403 5.048395 -54.429520
v 22.325401 2.048395 -54.429520
v 22.346310 2.048395 -54.379044
v 22.396786 2.048395 -54.358135
v 22.396786 5.048395 -54.358135
v 22.396786 5.048395 -54.358135
v 22.346312 5.048395 -54.379044
v 22.346310 2.048395 -54.379044
v 22.396786 2.048395 -54.358135
v 22.447262 2.048395 -54.379044
v 22.447262 5.048395 -54.379044
v 22.447262 5.048395 -54.379044
v 22.396786 5.048395 -54.358135
v 22.396786 2.048395 -54.358135
v 22.447262 2.048395 -54.379044
v 22.468170 2.048395 -54.429520
v 22.468170 5.048395 -54.429520
v 22.468170 5.048395 -54.429520
v 22.447262 5.048395 -54.379044
v 22.447262 2.048395 -54.379044
v 22.447262 5.048395 -54.479996
v 22.396786 5.048395 -54.500908
v 22.346312 5.048395 -54.479996
v 22.346312 5.048395 -54.479996
v 22.325403 5.048395 -54.429520
v 22.346312 5.048395 -54.379044
v 22.346312 5.048395 -54.379044
v 22.396786 5.048395 -54.358135
v 22.447262 5.048395 -54.379044
v 22.346312 5.048395 -54.479996
v 22.346312 5.048395 -54.379044
v 22.447262 5.048395 -54.379044
v 22.447262 5.048395 -54.479996
v 22.346312 5.048395 -54.479996
v 22.447262 5.048395 -54.379044
v 22.468170 5.048395 -54.429520
v 22.447262 5.048395 -54.479996
v 22.447262 5.048395 -54.379044
v 11.711280 2.048395 -54.429520
v 11.690372 2.048395 -54.479996
v 11.690372 5.048395 -54.479996
v 11.690372 5.048395 -54.479996
v 11.711280 5.048395 -54.429520
v 11.711280 2.048395 -54.429520
v 11.690372 2.048395 -54.479996
v 11.639896 2.048395 -54.500904
v 11.639896 5.048395 -54.500908
v 11.639896 5.048395 -54.500908
v 11.690372 5.048395 -54.479996
v 11.690372 2.048395 -54.479996
v 11.639896 2.048395 -54.500904
v 11.589421 2.048395 -54.479996
v 11.589421 5.048395 -54.479996
v 11.589421 5.048395 -54.479996
v 11.639896 5.048395 -54.500908
v 11.639896 2.048395 -54.500904
v 11.589421 2.048395 -54.479996
v 11.568514 2.048395 -54.429520
v 11.568514 5.048395 -54.429520
v 11.568514 5.048395 -54.429520
v 11.589421 5.048395 -54.479996
v 11.589421 2.048395 -54.479996
v 11.568514 2.048395 -54.429520
v 11.589421 2.048395 -54.379044
v 11.589421 5.048395 -54.379044
v 11.589421 5.048395 -54.379044
v 11.568514 5.048395 -54.429520
v 11.568514 2.048395 -54.429520
v 11.589421 2.048395 -54.379044
v 11.639896 2.048395 -54.358135
v 11.639896 5.048395 -54.358135
v 11.639896 5.048395 -54.358135
v 11.589421 5.048395 -54.379044
v 11.589421 2.048395 -54.379044
v 11.639896 2.048395 -54.358135
v 11.690372 2.048395 -54.379044
v 11.690372 5.048395 -54.379044
v 11.690372 5.048395 -54.379044
v 11.639896 5.048395 -54.358135
v 11.639896 2.048395 -54.358135
v 11.690372 2.048395 -54.379044
v 11.711280 2.048395 -54.429520
v 11.711280 5.048395 -54.429520
v 11.711280 5.048395 -54.429520
v 11.690372 5.048395 -54.379044
v 11.690372 2.048395 -54.379044
v 11.690372 5.048395 -54.479996
v 11.639896 5.048395 -54.500908
v 11.589421 5.048395 -54.479996
v 11.589421 5.048395 -54.479996
v 11.568514 5.048395 -54.429520
v 11.589421 5.048395 -54.379044
v 11.589421 5.048395 -54.379044
v 11.639896 5.048395 -54.358135
v 11.690372 5.048395 -54.379044
v 11.589421 5.048395 -54.479996
v 11.589421 5.048395 -54.379044
v 11.690372 5.048395 -54.379044
v 11.690372 5.048395 -54.479996
v 11.589421 5.048395 -54.479996
v 11.690372 5.048395 -54.379044
v 11.711280 5.048395 -54.429520
v 11.690372 5.048395 -54.479996
v 11.690372 5.048395 -54.379044
v -3.324826 2.048395 -54.429520
v -3.345735 2.048395 -54.479996
v -3.345736 5.048395 -54.479996
v -3.345736 5.048395 -54.479996
v -3.324827 5.048395 -54.429520
v -3.324826 2.048395 -54.429520
v -3.345735 2.048395 -54.479996
v -3.396210 2.048395 -54.500904
v -3.396210 5.048395 -54.500908
v -3.396210 5.048395 -54.500908
v -3.345736 5.048395 -54.479996
v -3.345735 2.048395 -54.479996
v -3.396210 2.048395 -54.500904
v -3.446685 2.048395 -54.479996
v -3.446685 5.048395 -54.479996
v -3.446685 5.048395 -54.479996
v -3.396210 5.048395 -54.500908
v -3.396210 2.048395 -54.500904
v -3.446685 2.048395 -54.479996
v -3.467593 2.048395 -54.429520
v -3.467593 5.048395 -54.429520
v -3.467593 5.048395 -54.429520
v -3.446685 5.048395 -54.479996
v -3.446685 2.048395 -54.479996
v -3.467593 2.048395 -54.429520
v -3.446685 2.048395 -54.379044
v -3.446685 5.048395 -54.379044
v -3.446685 5.048395 -54.379044
v -3.467593 5.048395 -54.429520
v -3.467593 2.048395 -54.429520
v -3.446685 2.048395 -54.379044
v -3.396210 2.048395 -54.358135
v -3.396210 5.048395 -54.358135
v -3.396210 5.048395 -54.358135
v -3.446685 5.048395 -54.379044
v -3.446685 2.048395 -54.379044
v -3.396210 2.048395 -54.358135
v -3.345735 2.048395 -54.379044
v -3.345736 5.048395 -54.379044
v -3.345736 5.048395 -54.379044
v -3.396210 5.048395 -54.358135
v -3.396210 2.048395 -54.358135
v -3.345735 2.048395 -54.379044
v -3.324826 2.048395 -54.429520
v -3.324827 5.048395 -54.429520
v -3.324827 5.048395 -54.429520
v -3.345736 5.048395 -54.379044
v -3.345735 2.048395 -54.379044
v -3.345736 5.048395 -54.479996
v -3.396210 5.048395 -54.500908
v -3.446685 5.048395 -54.479996
v -3.446685 5.048395 -54.479996
v -3.467593 5.048395 -54.429520
v -3.446685 5.048395 -54.379044
v -3.446685 5.048395 -54.379044
v -3.396210 5.048395 -54.358135
v -3.345736 5.048395 -54.379044
v -3.446685 5.048395 -54.479996
v -3.446685 5.048395 -54.379044
v -3.345736 5.048395 -54.379044
v -3.345736 5.048395 -54.479996
v -3.446685 5.048395 -54.479996
v -3.345736 5.048395 -54.379044
v -3.324827 5.048395 -54.429520
v -3.345736 5.048395 -54.479996
v -3.345736 5.048395 -54.379044
v 4.171621 2.048395 -54.429520
v 4.150713 2.048395 -54.479996
v 4.150713 5.048395 -54.479996
v 4.150713 5.048395 -54.479996
v 4.171621 5.048395 -54.429520
v 4.171621 2.048395 -54.429520
v 4.150713 2.048395 -54.479996
v 4.100238 2.048395 -54.500904
v 4.100237 5.048395 -54.500908
v 4.100237 5.048395 -54.500908
v 4.150713 5.048395 -54.479996
v 4.150713 2.048395 -54.479996
v 4.100238 2.048395 -54.500904
v 4.049763 2.048395 -54.479996
v 4.049763 5.048395 -54.479996
v 4.049763 5.048395 -54.479996
v 4.100237 5.048395 -54.500908
v 4.100238 2.048395 -54.500904
v 4.049763 2.048395 -54.479996
v 4.028854 2.048395 -54.429520
v 4.028854 5.048395 -54.429520
v 4.028854 5.048395 -54.429520
v 4.049763 5.048395 -54.479996
v 4.049763 2.048395 -54.479996
v 4.028854 2.048395 -54.429520
v 4.049763 2.048395 -54.379044
v 4.049763 5.048395 -54.379044
v 4.049763 5.048395 -54.379044
v 4.028854 5.048395 -54.429520
v 4.028854 2.048395 -54.429520
v 4.049763 2.048395 -54.379044
v 4.100238 2.048395 -54.358135
v 4.100237 5.048395 -54.358135
v 4.100237 5.048395 -54.358135
v 4.049763 5.048395 -54.379044
v 4.049763 2.048395 -54.379044
v 4.100238 2.048395 -54.358135
v 4.150713 2.048395 -54.379044
v 4.150713 5.048395 -54.379044
v 4.150713 5.048395 -54.379044
v 4.100237 5.048395 -54.358135
v 4.100238 2.048395 -54.358135
v 4.150713 2.048395 -54.379044
v 4.171621 2.048395 -54.429520
v 4.171621 5.048395 -54.429520
v 4.171621 5.048395 -54.429520
v 4.150713 5.048395 -54.379044
v 4.150713 2.048395 -54.379044
v 4.150713 5.048395 -54.479996
v 4.100237 5.048395 -54.500908
v 4.049763 5.048395 -54.479996
v 4.049763 5.048395 -54.479996
v 4.028854 5.048395 -54.429520
v 4.049763 5.048395 -54.379044
v 4.049763 5.048395 -54.379044
v 4.100237 5.048395 -54.358135
v 4.150713 5.048395 -54.379044
v 4.049763 5.048395 -54.479996
v 4.049763 5.048395 -54.379044
v 4.150713 5.048395 -54.379044
v 4.150713 5.048395 -54.479996
v 4.049763 5.048395 -54.479996
v 4.150713 5.048395 -54.379044
v 4.171621 5.048395 -54.429520
v 4.150713 5.048395 -54.479996
v 4.150713 5.048395 -54.379044
v -9.291294 2.048395 -54.429520
v -9.312201 2.048395 -54.479996
v -9.312201 5.048395 -54.479996
v -9.312201 5.048395 -54.479996
v -9.291296 5.048395 -54.429520
v -9.291294 2.048395 -54.429520
v -9.312201 2.048395 -54.479996
v -9.362677 2.048395 -54.500904
v -9.362677 5.048395 -54.500908
v -9.362677 5.048395 -54.500908
v -9.312201 5.048395 -54.479996
v -9.312201 2.048395 -54.479996
v -9.362677 2.048395 -54.500904
v -9.413153 2.048395 -54.479996
v -9.413153 5.048395 -54.479996
v -9.413153 5.048395 -54.479996
v -9.362677 5.048395 -54.500908
v -9.362677 2.048395 -54.500904
v -9.413153 2.048395 -54.479996
v -9.434059 2.048395 -54.429520
v -9.434059 5.048395 -54.429520
v -9.434059 5.048395 -54.429520
v -9.413153 5.048395 -54.479996
v -9.413153 2.048395 -54.479996
v -9.434059 2.048395 -54.429520
v -9.413153 2.048395 -54.379044
v -9.413153 5.048395 -54.379044
v -9.413153 5.048395 -54.379044
v -9.434059 5.048395 -54.429520
v -9.434059 2.048395 -54.429520
v -9.413153 2.048395 -54.379044
v -9.362677 2.048395 -54.358135
v -9.362677 5.048395 -54.358135
v -9.362677 5.048395 -54.358135
v -9.413153 5.048395 -54.379044
v -9.413153 2.048395 -54.379044
v -9.362677 2.048395 -54.358135
v -9.312201 2.048395 -54.379044
v -9.312201 5.048395 -54.379044
v -9.312201 5.048395 -54.379044
v -9.362677 5.048395 -54.358135
v -9.362677 2.048395 -54.358135
v -9.312201 2.048395 -54.379044
v -9.291294 2.048395 -54.429520
v -9.291296 5.048395 -54.429520
v -9.291296 5.048395 -54.429520
v -9.312201 5.048395 -54.379044
v -9.312201 2.048395 -54.379044
v -9.312201 5.048395 -54.479996
v -9.362677 5.048395 -54.500908
v -9.413153 5.048395 -54.479996
v -9.413153 5.048395 -54.479996
v -9.434059 5.048395 -54.429520
v -9.413153 5.048395 -54.379044
v -9.413153 5.048395 -54.379044
v -9.362677 5.048395 -54.358135
v -9.312201 5.048395 -54.379044
v -9.413153 5.048395 -54.479996
v -9.413153 5.048395 -54.379044
v -9.312201 5.048395 -54.379044
v -9.312201 5.048395 -54.479996
v -9.413153 5.048395 -54.479996
v -9.312201 5.048395 -54.379044
v -9.291296 5.048395 -54.429520
v -9.312201 5.048395 -54.479996
v -9.312201 5.048395 -54.379044
v -9.345213 4.873107 -54.417900
v 22.397949 4.873107 -54.417900
v 22.397949 4.883554 -54.417900
v -9.345213 4.913270 -54.417900
v 34.104416 4.913270 -54.417900
v 29.472168 4.913270 -54.417900
v 29.472168 4.877759 -54.417900
v 34.104416 4.873107 -54.417900
v -9.385647 4.873107 -54.458336
v 22.397949 4.873107 -54.458336
v 22.397949 4.873107 -54.447788
v -9.345213 4.873107 -54.417900
v 34.104416 4.873107 -54.417900
v 29.472168 4.873107 -54.417900
v 29.472168 4.873107 -54.453617
v 34.144852 4.873107 -54.458336
v -9.385647 4.913270 -54.458336
v 22.397949 4.913270 -54.458336
v 22.397949 4.902805 -54.458336
v -9.385647 4.873107 -54.458336
v 34.144852 4.873107 -54.458336
v 29.472168 4.873107 -54.458336
v 29.472168 4.908589 -54.458336
v 34.144852 4.913270 -54.458336
v 22.397949 4.913270 -54.417900
v 22.397949 4.913271 -54.428410
v -9.385647 4.913270 -54.458336
v -9.345213 4.913270 -54.417900
v 34.104416 4.913270 -54.417900
v 34.144852 4.913270 -54.458336
v 29.472168 4.913270 -54.458336
v 29.472168 4.913271 -54.422581
v -9.345213 2.250930 -54.417900
v -9.345213 2.210766 -54.417900
v 22.397949 2.210766 -54.417900
v 22.397949 2.221214 -54.417900
v 34.104416 2.250930 -54.417900
v 29.472168 2.250930 -54.417900
v 29.472168 2.215419 -54.417900
v 34.104416 2.210766 -54.417900
v -9.345213 2.210766 -54.417900
v -9.385647 2.210766 -54.458336
v 22.397949 2.210766 -54.458336
v 22.397949 2.210766 -54.447788
v 34.104416 2.210766 -54.417900
v 29.472168 2.210766 -54.417900
v 29.472168 2.210766 -54.453617
v 34.144852 2.210766 -54.458336
v -9.385647 2.210766 -54.458336
v -9.385647 2.250930 -54.458336
v 22.397949 2.250930 -54.458336
v 22.397949 2.240464 -54.458336
v 34.144852 2.210766 -54.458336
v 29.472168 2.210766 -54.458336
v 29.472168 2.246249 -54.458336
v 34.144852 2.250930 -54.458336
v 22.397949 2.250930 -54.417900
v 22.397949 2.250930 -54.428410
v -9.385647 2.250930 -54.458336
v -9.345213 2.250930 -54.417900
v 34.104416 2.250930 -54.417900
v 34.144852 2.250930 -54.458336
v 29.472168 2.250930 -54.458336
v 29.472168 2.250930 -54.422581
v 22.397949 4.913270 -54.417900
v -9.345213 4.913270 -54.417900
v 22.397949 4.883554 -54.417900
v 22.397949 4.873107 -54.417900
v -9.345213 4.873107 -54.417900
v 22.397949 4.873107 -54.447788
v 22.397949 4.873107 -54.458336
v -9.385647 4.873107 -54.458336
v 22.397949 4.902805 -54.458336
v 22.397949 4.913270 -54.458336
v -9.385647 4.913270 -54.458336
v 22.397949 4.913271 -54.428410
v 22.397949 2.250930 -54.417900
v -9.345213 2.250930 -54.417900
v 22.397949 2.221214 -54.417900
v 22.397949 2.210766 -54.417900
v -9.345213 2.210766 -54.417900
v 22.397949 2.210766 -54.447788
v 22.397949 2.210766 -54.458336
v -9.385647 2.210766 -54.458336
v 22.397949 2.240464 -54.458336
v 22.397949 2.250930 -54.458336
v -9.385647 2.250930 -54.458336
v 22.397949 2.250930 -54.428410
v 29.472168 4.873107 -54.417900
v 34.104416 4.873107 -54.417900
v 29.472168 4.877759 -54.417900
v 29.472168 4.873107 -54.458336
v 34.144852 4.873107 -54.458336
v 29.472168 4.873107 -54.453617
v 29.472168 4.913270 -54.458336
v 34.144852 4.913270 -54.458336
v 29.472168 4.908589 -54.458336
v 29.472168 4.913270 -54.417900
v 34.104416 4.913270 -54.417900
v 29.472168 4.913271 -54.422581
v 29.472168 2.210766 -54.417900
v 34.104416 2.210766 -54.417900
v 29.472168 2.215419 -54.417900
v 29.472168 2.210766 -54.458336
v 34.144852 2.210766 -54.458336
v 29.472168 2.210766 -54.453617
v 29.472168 2.250930 -54.458336
v 34.144852 2.250930 -54.458336
v 29.472168 2.246249 -54.458336
v 29.472168 2.250930 -54.417900
v 34.104416 2.250930 -54.417900
v 29.472168 2.250930 -54.422581
v -9.430607 2.048395 -54.429520
v -9.451513 2.048395 -54.479996
v -9.451511 5.048395 -54.479996
v -9.451511 5.048395 -54.479996
v -9.430607 5.048395 -54.429520
v -9.430607 2.048395 -54.429520
v -9.451513 2.048395 -54.479996
v -9.501989 2.048395 -54.500904
v -9.501987 5.048395 -54.500908
v -9.501987 5.048395 -54.500908
v -9.451511 5.048395 -54.479996
v -9.451513 2.048395 -54.479996
v -9.501989 2.048395 -54.500904
v -9.552465 2.048395 -54.479996
v -9.552464 5.048395 -54.479996
v -9.552464 5.048395 -54.479996
v -9.501987 5.048395 -54.500908
v -9.501989 2.048395 -54.500904
v -9.552465 2.048395 -54.479996
v -9.573372 2.048395 -54.429520
v -9.573372 5.048395 -54.429520
v -9.573372 5.048395 -54.429520
v -9.552464 5.048395 -54.479996
v -9.552465 2.048395 -54.479996
v -9.573372 2.048395 -54.429520
v -9.552465 2.048395 -54.379044
v -9.552464 5.048395 -54.379044
v -9.552464 5.048395 -54.379044
v -9.573372 5.048395 -54.429520
v -9.573372 2.048395 -54.429520
v -9.552465 2.048395 -54.379044
v -9.501989 2.048395 -54.358135
v -9.501987 5.048395 -54.358135
v -9.501987 5.048395 -54.358135
v -9.552464 5.048395 -54.379044
v -9.552465 2.048395 -54.379044
v -9.501989 2.048395 -54.358135
v -9.451513 2.048395 -54.379044
v -9.451511 5.048395 -54.379044
v -9.451511 5.048395 -54.379044
v -9.501987 5.048395 -54.358135
v -9.501989 2.048395 -54.358135
v -9.451513 2.048395 -54.379044
v -9.430607 2.048395 -54.429520
v -9.430607 5.048395 -54.429520
v -9.430607 5.048395 -54.429520
v -9.451511 5.048395 -54.379044
v -9.451513 2.048395 -54.379044
v -9.451511 5.048395 -54.479996
v -9.501987 5.048395 -54.500908
v -9.552464 5.048395 -54.479996
v -9.552464 5.048395 -54.479996
v -9.573372 5.048395 -54.429520
v -9.552464 5.048395 -54.379044
v -9.552464 5.048395 -54.379044
v -9.501987 5.048395 -54.358135
v -9.451511 5.048395 -54.379044
v -9.552464 5.048395 -54.479996
v -9.552464 5.048395 -54.379044
v -9.451511 5.048395 -54.379044
v -9.451511 5.048395 -54.479996
v -9.552464 5.048395 -54.479996
v -9.451511 5.048395 -54.379044
v -9.430607 5.048395 -54.429520
v -9.451511 5.048395 -54.479996
v -9.451511 5.048395 -54.379044
v -24.423254 2.048395 -54.429520
v -24.444160 2.048395 -54.479996
v -24.444160 5.048395 -54.479996
v -24.444160 5.048395 -54.479996
v -24.423252 5.048395 -54.429520
v -24.423254 2.048395 -54.429520
v -24.444160 2.048395 -54.479996
v -24.494637 2.048395 -54.500904
v -24.494637 5.048395 -54.500908
v -24.494637 5.048395 -54.500908
v -24.444160 5.048395 -54.479996
v -24.444160 2.048395 -54.479996
v -24.494637 2.048395 -54.500904
v -24.545113 2.048395 -54.479996
v -24.545113 5.048395 -54.479996
v -24.545113 5.048395 -54.479996
v -24.494637 5.048395 -54.500908
v -24.494637 2.048395 -54.500904
v -24.545113 2.048395 -54.479996
v -24.566019 2.048395 -54.429520
v -24.566019 5.048395 -54.429520
v -24.566019 5.048395 -54.429520
v -24.545113 5.048395 -54.479996
v -24.545113 2.048395 -54.479996
v -24.566019 2.048395 -54.429520
v -24.545113 2.048395 -54.379044
v -24.545113 5.048395 -54.379044
v -24.545113 5.048395 -54.379044
v -24.566019 5.048395 -54.429520
v -24.566019 2.048395 -54.429520
v -24.545113 2.048395 -54.379044
v -24.494637 2.048395 -54.358135
v -24.494637 5.048395 -54.358135
v -24.494637 5.048395 -54.358135
v -24.545113 5.048395 -54.379044
v -24.545113 2.048395 -54.379044
v -24.494637 2.048395 -54.358135
v -24.444160 2.048395 -54.379044
v -24.444160 5.048395 -54.379044
v -24.444160 5.048395 -54.379044
v -24.494637 5.048395 -54.358135
v -24.494637 2.048395 -54.358135
v -24.444160 2.048395 -54.379044
v -24.423254 2.048395 -54.429520
v -24.423252 5.048395 -54.429520
v -24.423252 5.048395 -54.429520
v -24.444160 5.048395 -54.379044
v -24.444160 2.048395 -54.379044
v -24.444160 5.048395 -54.479996
v -24.494637 5.048395 -54.500908
v -24.545113 5.048395 -54.479996
v -24.545113 5.048395 -54.479996
v -24.566019 5.048395 -54.429520
v -24.545113 5.048395 -54.379044
v -24.545113 5.048395 -54.379044
v -24.494637 5.048395 -54.358135
v -24.444160 5.048395 -54.379044
v -24.545113 5.048395 -54.479996
v -24.545113 5.048395 -54.379044
v -24.444160 5.048395 -54.379044
v -24.444160 5.048395 -54.479996
v -24.545113 5.048395 -54.479996
v -24.444160 5.048395 -54.379044
v -24.423252 5.048395 -54.429520
v -24.444160 5.048395 -54.479996
v -24.444160 5.048395 -54.379044
v -16.926804 2.048395 -54.429520
v -16.947712 2.048395 -54.479996
v -16.947712 5.048395 -54.479996
v -16.947712 5.048395 -54.479996
v -16.926804 5.048395 -54.429520
v -16.926804 2.048395 -54.429520
v -16.947712 2.048395 -54.479996
v -16.998188 2.048395 -54.500904
v -16.998188 5.048395 -54.500908
v -16.998188 5.048395 -54.500908
v -16.947712 5.048395 -54.479996
v -16.947712 2.048395 -54.479996
v -16.998188 2.048395 -54.500904
v -17.048664 2.048395 -54.479996
v -17.048662 5.048395 -54.479996
v -17.048662 5.048395 -54.479996
v -16.998188 5.048395 -54.500908
v -16.998188 2.048395 -54.500904
v -17.048664 2.048395 -54.479996
v -17.069572 2.048395 -54.429520
v -17.069571 5.048395 -54.429520
v -17.069571 5.048395 -54.429520
v -17.048662 5.048395 -54.479996
v -17.048664 2.048395 -54.479996
v -17.069572 2.048395 -54.429520
v -17.048664 2.048395 -54.379044
v -17.048662 5.048395 -54.379044
v -17.048662 5.048395 -54.379044
v -17.069571 5.048395 -54.429520
v -17.069572 2.048395 -54.429520
v -17.048664 2.048395 -54.379044
v -16.998188 2.048395 -54.358135
v -16.998188 5.048395 -54.358135
v -16.998188 5.048395 -54.358135
v -17.048662 5.048395 -54.379044
v -17.048664 2.048395 -54.379044
v -16.998188 2.048395 -54.358135
v -16.947712 2.048395 -54.379044
v -16.947712 5.048395 -54.379044
v -16.947712 5.048395 -54.379044
v -16.998188 5.048395 -54.358135
v -16.998188 2.048395 -54.358135
v -16.947712 2.048395 -54.379044
v -16.926804 2.048395 -54.429520
v -16.926804 5.048395 -54.429520
v -16.926804 5.048395 -54.429520
v -16.947712 5.048395 -54.379044
v -16.947712 2.048395 -54.379044
v -16.947712 5.048395 -54.479996
v -16.998188 5.048395 -54.500908
v -17.048662 5.048395 -54.479996
v -17.048662 5.048395 -54.479996
v -17.069571 5.048395 -54.429520
v -17.048662 5.048395 -54.379044
v -17.048662 5.048395 -54.379044
v -16.998188 5.048395 -54.358135
v -16.947712 5.048395 -54.379044
v -17.048662 5.048395 -54.479996
v -17.048662 5.048395 -54.379044
v -16.947712 5.048395 -54.379044
v -16.947712 5.048395 -54.479996
v -17.048662 5.048395 -54.479996
v -16.947712 5.048395 -54.379044
v -16.926804 5.048395 -54.429520
v -16.947712 5.048395 -54.479996
v -16.947712 5.048395 -54.379044
v -31.914207 2.048395 -54.429520
v -31.935116 2.048395 -54.479996
v -31.935116 5.048395 -54.479996
v -31.935116 5.048395 -54.479996
v -31.914207 5.048395 -54.429520
v -31.914207 2.048395 -54.429520
v -31.935116 2.048395 -54.479996
v -31.985592 2.048395 -54.500904
v -31.985592 5.048395 -54.500908
v -31.985592 5.048395 -54.500908
v -31.935116 5.048395 -54.479996
v -31.935116 2.048395 -54.479996
v -31.985592 2.048395 -54.500904
v -32.036068 2.048395 -54.479996
v -32.036068 5.048395 -54.479996
v -32.036068 5.048395 -54.479996
v -31.985592 5.048395 -54.500908
v -31.985592 2.048395 -54.500904
v -32.036068 2.048395 -54.479996
v -32.056976 2.048395 -54.429520
v -32.056976 5.048395 -54.429520
v -32.056976 5.048395 -54.429520
v -32.036068 5.048395 -54.479996
v -32.036068 2.048395 -54.479996
v -32.056976 2.048395 -54.429520
v -32.036068 2.048395 -54.379044
v -32.036068 5.048395 -54.379044
v -32.036068 5.048395 -54.379044
v -32.056976 5.048395 -54.429520
v -32.056976 2.048395 -54.429520
v -32.036068 2.048395 -54.379044
v -31.985592 2.048395 -54.358135
v -31.985592 5.048395 -54.358135
v -31.985592 5.048395 -54.358135
v -32.036068 5.048395 -54.379044
v -32.036068 2.048395 -54.379044
v -31.985592 2.048395 -54.358135
v -31.935116 2.048395 -54.379044
v -31.935116 5.048395 -54.379044
v -31.935116 5.048395 -54.379044
v -31.985592 5.048395 -54.358135
v -31.985592 2.048395 -54.358135
v -31.935116 2.048395 -54.379044
v -31.914207 2.048395 -54.429520
v -31.914207 5.048395 -54.429520
v -31.914207 5.048395 -54.429520
v -31.935116 5.048395 -54.379044
v -31.935116 2.048395 -54.379044
v -31.935116 5.048395 -54.479996
v -31.985592 5.048395 -54.500908
v -32.036068 5.048395 -54.479996
v -32.036068 5.048395 -54.479996
v -32.056976 5.048395 -54.429520
v -32.036068 5.048395 -54.379044
v -32.036068 5.048395 -54.379044
v -31.985592 5.048395 -54.358135
v -31.935116 5.048395 -54.379044
v -32.036068 5.048395 -54.479996
v -32.036068 5.048395 -54.379044
v -31.935116 5.048395 -54.379044
v -31.935116 5.048395 -54.479996
v -32.036068 5.048395 -54.479996
v -31.935116 5.048395 -54.379044
v -31.914207 5.048395 -54.429520
v -31.935116 5.048395 -54.479996
v -31.935116 5.048395 -54.379044
v -46.950314 2.048395 -54.429520
v -46.971222 2.048395 -54.479996
v -46.971222 5.048395 -54.479996
v -46.971222 5.048395 -54.479996
v -46.950317 5.048395 -54.429520
v -46.950314 2.048395 -54.429520
v -46.971222 2.048395 -54.479996
v -47.021698 2.048395 -54.500904
v -47.021698 5.048395 -54.500908
v -47.021698 5.048395 -54.500908
v -46.971222 5.048395 -54.479996
v -46.971222 2.048395 -54.479996
v -47.021698 2.048395 -54.500904
v -47.072174 2.048395 -54.479996
v -47.072174 5.048395 -54.479996
v -47.072174 5.048395 -54.479996
v -47.021698 5.048395 -54.500908
v -47.021698 2.048395 -54.500904
v -47.072174 2.048395 -54.479996
v -47.093082 2.048395 -54.429520
v -47.093082 5.048395 -54.429520
v -47.093082 5.048395 -54.429520
v -47.072174 5.048395 -54.479996
v -47.072174 2.048395 -54.479996
v -47.093082 2.048395 -54.429520
v -47.072174 2.048395 -54.379044
v -47.072174 5.048395 -54.379044
v -47.072174 5.048395 -54.379044
v -47.093082 5.048395 -54.429520
v -47.093082 2.048395 -54.429520
v -47.072174 2.048395 -54.379044
v -47.021698 2.048395 -54.358135
v -47.021698 5.048395 -54.358135
v -47.021698 5.048395 -54.358135
v -47.072174 5.048395 -54.379044
v -47.072174 2.048395 -54.379044
v -47.021698 2.048395 -54.358135
v -46.971222 2.048395 -54.379044
v -46.971222 5.048395 -54.379044
v -46.971222 5.048395 -54.379044
v -47.021698 5.048395 -54.358135
v -47.021698 2.048395 -54.358135
v -46.971222 2.048395 -54.379044
v -46.950314 2.048395 -54.429520
v -46.950317 5.048395 -54.429520
v -46.950317 5.048395 -54.429520
v -46.971222 5.048395 -54.379044
v -46.971222 2.048395 -54.379044
v -46.971222 5.048395 -54.479996
v -47.021698 5.048395 -54.500908
v -47.072174 5.048395 -54.479996
v -47.072174 5.048395 -54.479996
v -47.093082 5.048395 -54.429520
v -47.072174 5.048395 -54.379044
v -47.072174 5.048395 -54.379044
v -47.021698 5.048395 -54.358135
v -46.971222 5.048395 -54.379044
v -47.072174 5.048395 -54.479996
v -47.072174 5.048395 -54.379044
v -46.971222 5.048395 -54.379044
v -46.971222 5.048395 -54.479996
v -47.072174 5.048395 -54.479996
v -46.971222 5.048395 -54.379044
v -46.950317 5.048395 -54.429520
v -46.971222 5.048395 -54.479996
v -46.971222 5.048395 -54.379044
v -39.453865 2.048395 -54.429520
v -39.474777 2.048395 -54.479996
v -39.474777 5.048395 -54.479996
v -39.474777 5.048395 -54.479996
v -39.453865 5.048395 -54.429520
v -39.453865 2.048395 -54.429520
v -39.474777 2.048395 -54.479996
v -39.525249 2.048395 -54.500904
v -39.525253 5.048395 -54.500908
v -39.525253 5.048395 -54.500908
v -39.474777 5.048395 -54.479996
v -39.474777 2.048395 -54.479996
v -39.525249 2.048395 -54.500904
v -39.575726 2.048395 -54.479996
v -39.575726 5.048395 -54.479996
v -39.575726 5.048395 -54.479996
v -39.525253 5.048395 -54.500908
v -39.525249 2.048395 -54.500904
v -39.575726 2.048395 -54.479996
v -39.596634 2.048395 -54.429520
v -39.596634 5.048395 -54.429520
v -39.596634 5.048395 -54.429520
v -39.575726 5.048395 -54.479996
v -39.575726 2.048395 -54.479996
v -39.596634 2.048395 -54.429520
v -39.575726 2.048395 -54.379044
v -39.575726 5.048395 -54.379044
v -39.575726 5.048395 -54.379044
v -39.596634 5.048395 -54.429520
v -39.596634 2.048395 -54.429520
v -39.575726 2.048395 -54.379044
v -39.525249 2.048395 -54.358135
v -39.525253 5.048395 -54.358135
v -39.525253 5.048395 -54.358135
v -39.575726 5.048395 -54.379044
v -39.575726 2.048395 -54.379044
v -39.525249 2.048395 -54.358135
v -39.474777 2.048395 -54.379044
v -39.474777 5.048395 -54.379044
v -39.474777 5.048395 -54.379044
v -39.525253 5.048395 -54.358135
v -39.525249 2.048395 -54.358135
v -39.474777 2.048395 -54.379044
v -39.453865 2.048395 -54.429520
v -39.453865 5.048395 -54.429520
v -39.453865 5.048395 -54.429520
v -39.474777 5.048395 -54.379044
v -39.474777 2.048395 -54.379044
v -39.474777 5.048395 -54.479996
v -39.525253 5.048395 -54.500908
v -39.575726 5.048395 -54.479996
v -39.575726 5.048395 -54.479996
v -39.596634 5.048395 -54.429520
v -39.575726 5.048395 -54.379044
v -39.575726 5.048395 -54.379044
v -39.525253 5.048395 -54.358135
v -39.474777 5.048395 -54.379044
v -39.575726 5.048395 -54.479996
v -39.575726 5.048395 -54.379044
v -39.474777 5.048395 -54.379044
v -39.474777 5.048395 -54.479996
v -39.575726 5.048395 -54.479996
v -39.474777 5.048395 -54.379044
v -39.453865 5.048395 -54.429520
v -39.474777 5.048395 -54.479996
v -39.474777 5.048395 -54.379044
v -52.916782 2.048395 -54.429520
v -52.937691 2.048395 -54.479996
v -52.937691 5.048395 -54.479996
v -52.937691 5.048395 -54.479996
v -52.916786 5.048395 -54.429520
v -52.916782 2.048395 -54.429520
v -52.937691 2.048395 -54.479996
v -52.988167 2.048395 -54.500904
v -52.988167 5.048395 -54.500908
v -52.988167 5.048395 -54.500908
v -52.937691 5.048395 -54.479996
v -52.937691 2.048395 -54.479996
v -52.988167 2.048395 -54.500904
v -53.038643 2.048395 -54.479996
v -53.038643 5.048395 -54.479996
v -53.038643 5.048395 -54.479996
v -52.988167 5.048395 -54.500908
v -52.988167 2.048395 -54.500904
v -53.038643 2.048395 -54.479996
v -53.059547 2.048395 -54.429520
v -53.059547 5.048395 -54.429520
v -53.059547 5.048395 -54.429520
v -53.038643 5.048395 -54.479996
v -53.038643 2.048395 -54.479996
v -53.059547 2.048395 -54.429520
v -53.038643 2.048395 -54.379044
v -53.038643 5.048395 -54.379044
v -53.038643 5.048395 -54.379044
v -53.059547 5.048395 -54.429520
v -53.059547 2.048395 -54.429520
v -53.038643 2.048395 -54.379044
v -52.988167 2.048395 -54.358135
v -52.988167 5.048395 -54.358135
v -52.988167 5.048395 -54.358135
v -53.038643 5.048395 -54.379044
v -53.038643 2.048395 -54.379044
v -52.988167 2.048395 -54.358135
v -52.937691 2.048395 -54.379044
v -52.937691 5.048395 -54.379044
v -52.937691 5.048395 -54.379044
v -52.988167 5.048395 -54.358135
v -52.988167 2.048395 -54.358135
v -52.937691 2.048395 -54.379044
v -52.916782 2.048395 -54.429520
v -52.916786 5.048395 -54.429520
v -52.916786 5.048395 -54.429520
v -52.937691 5.048395 -54.379044
v -52.937691 2.048395 -54.379044
v -52.937691 5.048395 -54.479996
v -52.988167 5.048395 -54.500908
v -53.038643 5.048395 -54.479996
v -53.038643 5.048395 -54.479996
v -53.059547 5.048395 -54.429520
v -53.038643 5.048395 -54.379044
v -53.038643 5.048395 -54.379044
v -52.988167 5.048395 -54.358135
v -52.937691 5.048395 -54.379044
v -53.038643 5.048395 -54.479996
v -53.038643 5.048395 -54.379044
v -52.937691 5.048395 -54.379044
v -52.937691 5.048395 -54.479996
v -53.038643 5.048395 -54.479996
v -52.937691 5.048395 -54.379044
v -52.916786 5.048395 -54.429520
v -52.937691 5.048395 -54.479996
v -52.937691 5.048395 -54.379044
v -52.970703 4.913270 -54.417900
v -52.970703 4.873107 -54.417900
v -9.521072 4.873107 -54.417900
v -9.521072 4.873107 -54.417900
v -9.521072 4.913270 -54.417900
v -52.970703 4.913270 -54.417900
v -52.970703 4.873107 -54.417900
v -53.011135 4.873107 -54.458336
v -9.480639 4.873107 -54.458336
v -9.480639 4.873107 -54.458336
v -9.521072 4.873107 -54.417900
v -52.970703 4.873107 -54.417900
v -53.011135 4.873107 -54.458336
v -53.011135 4.913270 -54.458336
v -9.480639 4.913270 -54.458336
v -9.480639 4.913270 -54.458336
v -9.480639 4.873107 -54.458336
v -53.011135 4.873107 -54.458336
v -53.011135 4.913270 -54.458336
v -52.970703 4.913270 -54.417900
v -9.521072 4.913270 -54.417900
v -9.521072 4.913270 -54.417900
v -9.480639 4.913270 -54.458336
v -53.011135 4.913270 -54.458336
v -52.970703 2.250930 -54.417900
v -52.970703 2.210766 -54.417900
v -9.521072 2.210766 -54.417900
v -9.521072 2.210766 -54.417900
v -9.521072 2.250930 -54.417900
v -52.970703 2.250930 -54.417900
v -52.970703 2.210766 -54.417900
v -53.011135 2.210766 -54.458336
v -9.480639 2.210766 -54.458336
v -9.480639 2.210766 -54.458336
v -9.521072 2.210766 -54.417900
v -52.970703 2.210766 -54.417900
v -53.011135 2.210766 -54.458336
v -53.011135 2.250930 -54.458336
v -9.480639 2.250930 -54.458336
v -9.480639 2.250930 -54.458336
v -9.480639 2.210766 -54.458336
v -53.011135 2.210766 -54.458336
v -53.011135 2.250930 -54.458336
v -52.970703 2.250930 -54.417900
v -9.521072 2.250930 -54.417900
v -9.521072 2.250930 -54.417900
v -9.480639 2.250930 -54.458336
v -53.011135 2.250930 -54.458336
v -53.062321 2.048395 -54.429520
v -53.083229 2.048395 -54.479996
v -53.083225 5.048395 -54.479996
v -53.083225 5.048395 -54.479996
v -53.062321 5.048395 -54.429520
v -53.062321 2.048395 -54.429520
v -53.083229 2.048395 -54.479996
v -53.133705 2.048395 -54.500904
v -53.133701 5.048395 -54.500908
v -53.133701 5.048395 -54.500908
v -53.083225 5.048395 -54.479996
v -53.083229 2.048395 -54.479996
v -53.133705 2.048395 -54.500904
v -53.184181 2.048395 -54.479996
v -53.184177 5.048395 -54.479996
v -53.184177 5.048395 -54.479996
v -53.133701 5.048395 -54.500908
v -53.133705 2.048395 -54.500904
v -53.184181 2.048395 -54.479996
v -53.205086 2.048395 -54.429520
v -53.205086 5.048395 -54.429520
v -53.205086 5.048395 -54.429520
v -53.184177 5.048395 -54.479996
v -53.184181 2.048395 -54.479996
v -53.205086 2.048395 -54.429520
v -53.184181 2.048395 -54.379044
v -53.184177 5.048395 -54.379044
v -53.184177 5.048395 -54.379044
v -53.205086 5.048395 -54.429520
v -53.205086 2.048395 -54.429520
v -53.184181 2.048395 -54.379044
v -53.133705 2.048395 -54.358135
v -53.133701 5.048395 -54.358135
v -53.133701 5.048395 -54.358135
v -53.184177 5.048395 -54.379044
v -53.184181 2.048395 -54.379044
v -53.133705 2.048395 -54.358135
v -53.083229 2.048395 -54.379044
v -53.083225 5.048395 -54.379044
v -53.083225 5.048395 -54.379044
v -53.133701 5.048395 -54.358135
v -53.133705 2.048395 -54.358135
v -53.083229 2.048395 -54.379044
v -53.062321 2.048395 -54.429520
v -53.062321 5.048395 -54.429520
v -53.062321 5.048395 -54.429520
v -53.083225 5.048395 -54.379044
v -53.083229 2.048395 -54.379044
v -53.083225 5.048395 -54.479996
v -53.133701 5.048395 -54.500908
v -53.184177 5.048395 -54.479996
v -53.184177 5.048395 -54.479996
v -53.205086 5.048395 -54.429520
v -53.184177 5.048395 -54.379044
v -53.184177 5.048395 -54.379044
v -53.133701 5.048395 -54.358135
v -53.083225 5.048395 -54.379044
v -53.184177 5.048395 -54.479996
v -53.184177 5.048395 -54.379044
v -53.083225 5.048395 -54.379044
v -53.083225 5.048395 -54.479996
v -53.184177 5.048395 -54.479996
v -53.083225 5.048395 -54.379044
v -53.062321 5.048395 -54.429520
v -53.083225 5.048395 -54.479996
v -53.083225 5.048395 -54.379044
v -68.054970 2.048395 -54.429520
v -68.075874 2.048395 -54.479996
v -68.075874 5.048395 -54.479996
v -68.075874 5.048395 -54.479996
v -68.054970 5.048395 -54.429520
v -68.054970 2.048395 -54.429520
v -68.075874 2.048395 -54.479996
v -68.126350 2.048395 -54.500904
v -68.126350 5.048395 -54.500908
v -68.126350 5.048395 -54.500908
v -68.075874 5.048395 -54.479996
v -68.075874 2.048395 -54.479996
v -68.126350 2.048395 -54.500904
v -68.176826 2.048395 -54.479996
v -68.176826 5.048395 -54.479996
v -68.176826 5.048395 -54.479996
v -68.126350 5.048395 -54.500908
v -68.126350 2.048395 -54.500904
v -68.176826 2.048395 -54.479996
v -68.197731 2.048395 -54.429520
v -68.197731 5.048395 -54.429520
v -68.197731 5.048395 -54.429520
v -68.176826 5.048395 -54.479996
v -68.176826 2.048395 -54.479996
v -68.197731 2.048395 -54.429520
v -68.176826 2.048395 -54.379044
v -68.176826 5.048395 -54.379044
v -68.176826 5.048395 -54.379044
v -68.197731 5.048395 -54.429520
v -68.197731 2.048395 -54.429520
v -68.176826 2.048395 -54.379044
v -68.126350 2.048395 -54.358135
v -68.126350 5.048395 -54.358135
v -68.126350 5.048395 -54.358135
v -68.176826 5.048395 -54.379044
v -68.176826 2.048395 -54.379044
v -68.126350 2.048395 -54.358135
v -68.075874 2.048395 -54.379044
v -68.075874 5.048395 -54.379044
v -68.075874 5.048395 -54.379044
v -68.126350 5.048395 -54.358135
v -68.126350 2.048395 -54.358135
v -68.075874 2.048395 -54.379044
v -68.054970 2.048395 -54.429520
v -68.054970 5.048395 -54.429520
v -68.054970 5.048395 -54.429520
v -68.075874 5.048395 -54.379044
v -68.075874 2.048395 -54.379044
v -68.075874 5.048395 -54.479996
v -68.126350 5.048395 -54.500908
v -68.176826 5.048395 -54.479996
v -68.176826 5.048395 -54.479996
v -68.197731 5.048395 -54.429520
v -68.176826 5.048395 -54.379044
v -68.176826 5.048395 -54.379044
v -68.126350 5.048395 -54.358135
v -68.075874 5.048395 -54.379044
v -68.176826 5.048395 -54.479996
v -68.176826 5.048395 -54.379044
v -68.075874 5.048395 -54.379044
v -68.075874 5.048395 -54.479996
v -68.176826 5.048395 -54.479996
v -68.075874 5.048395 -54.379044
v -68.054970 5.048395 -54.429520
v -68.075874 5.048395 -54.479996
v -68.075874 5.048395 -54.379044
v -60.558517 2.048395 -54.429520
v -60.579426 2.048395 -54.479996
v -60.579426 5.048395 -54.479996
v -60.579426 5.048395 -54.479996
v -60.558517 5.048395 -54.429520
v -60.558517 2.048395 -54.429520
v -60.579426 2.048395 -54.479996
v -60.629902 2.048395 -54.500904
v -60.629902 5.048395 -54.500908
v -60.629902 5.048395 -54.500908
v -60.579426 5.048395 -54.479996
v -60.579426 2.048395 -54.479996
v -60.629902 2.048395 -54.500904
v -60.680378 2.048395 -54.479996
v -60.680374 5.048395 -54.479996
v -60.680374 5.048395 -54.479996
v -60.629902 5.048395 -54.500908
v -60.629902 2.048395 -54.500904
v -60.680378 2.048395 -54.479996
v -60.701286 2.048395 -54.429520
v -60.701286 5.048395 -54.429520
v -60.701286 5.048395 -54.429520
v -60.680374 5.048395 -54.479996
v -60.680378 2.048395 -54.479996
v -60.701286 2.048395 -54.429520
v -60.680378 2.048395 -54.379044
v -60.680374 5.048395 -54.379044
v -60.680374 5.048395 -54.379044
v -60.701286 5.048395 -54.429520
v -60.701286 2.048395 -54.429520
v -60.680378 2.048395 -54.379044
v -60.629902 2.048395 -54.358135
v -60.629902 5.048395 -54.358135
v -60.629902 5.048395 -54.358135
v -60.680374 5.048395 -54.379044
v -60.680378 2.048395 -54.379044
v -60.629902 2.048395 -54.358135
v -60.579426 2.048395 -54.379044
v -60.579426 5.048395 -54.379044
v -60.579426 5.048395 -54.379044
v -60.629902 5.048395 -54.358135
v -60.629902 2.048395 -54.358135
v -60.579426 2.048395 -54.379044
v -60.558517 2.048395 -54.429520
v -60.558517 5.048395 -54.429520
v -60.558517 5.048395 -54.429520
v -60.579426 5.048395 -54.379044
v -60.579426 2.048395 -54.379044
v -60.579426 5.048395 -54.479996
v -60.629902 5.048395 -54.500908
v -60.680374 5.048395 -54.479996
v -60.680374 5.048395 -54.479996
v -60.701286 5.048395 -54.429520
v -60.680374 5.048395 -54.379044
v -60.680374 5.048395 -54.379044
v -60.629902 5.048395 -54.358135
v -60.579426 5.048395 -54.379044
v -60.680374 5.048395 -54.479996
v -60.680374 5.048395 -54.379044
v -60.579426 5.048395 -54.379044
v -60.579426 5.048395 -54.479996
v -60.680374 5.048395 -54.479996
v -60.579426 5.048395 -54.379044
v -60.558517 5.048395 -54.429520
v -60.579426 5.048395 -54.479996
v -60.579426 5.048395 -54.379044
v -75.545921 2.048395 -54.429520
v -75.566833 2.048395 -54.479996
v -75.566833 5.048395 -54.479996
v -75.566833 5.048395 -54.479996
v -75.545921 5.048395 -54.429520
v -75.545921 2.048395 -54.429520
v -75.566833 2.048395 -54.479996
v -75.617302 2.048395 -54.500904
v -75.617302 5.048395 -54.500908
v -75.617302 5.048395 -54.500908
v -75.566833 5.048395 -54.479996
v -75.566833 2.048395 -54.479996
v -75.617302 2.048395 -54.500904
v -75.667778 2.048395 -54.479996
v -75.667778 5.048395 -54.479996
v -75.667778 5.048395 -54.479996
v -75.617302 5.048395 -54.500908
v -75.617302 2.048395 -54.500904
v -75.667778 2.048395 -54.479996
v -75.688690 2.048395 -54.429520
v -75.688690 5.048395 -54.429520
v -75.688690 5.048395 -54.429520
v -75.667778 5.048395 -54.479996
v -75.667778 2.048395 -54.479996
v -75.688690 2.048395 -54.429520
v -75.667778 2.048395 -54.379044
v -75.667778 5.048395 -54.379044
v -75.667778 5.048395 -54.379044
v -75.688690 5.048395 -54.429520
v -75.688690 2.048395 -54.429520
v -75.667778 2.048395 -54.379044
v -75.617302 2.048395 -54.358135
v -75.617302 5.048395 -54.358135
v -75.617302 5.048395 -54.358135
v -75.667778 5.048395 -54.379044
v -75.667778 2.048395 -54.379044
v -75.617302 2.048395 -54.358135
v -75.566833 2.048395 -54.379044
v -75.566833 5.048395 -54.379044
v -75.566833 5.048395 -54.379044
v -75.617302 5.048395 -54.358135
v -75.617302 2.048395 -54.358135
v -75.566833 2.048395 -54.379044
v -75.545921 2.048395 -54.429520
v -75.545921 5.048395 -54.429520
v -75.545921 5.048395 -54.429520
v -75.566833 5.048395 -54.379044
v -75.566833 2.048395 -54.379044
v -75.566833 5.048395 -54.479996
v -75.617302 5.048395 -54.500908
v -75.667778 5.048395 -54.479996
v -75.667778 5.048395 -54.479996
v -75.688690 5.048395 -54.429520
v -75.667778 5.048395 -54.379044
v -75.667778 5.048395 -54.379044
v -75.617302 5.048395 -54.358135
v -75.566833 5.048395 -54.379044
v -75.667778 5.048395 -54.479996
v -75.667778 5.048395 -54.379044
v -75.566833 5.048395 -54.379044
v -75.566833 5.048395 -54.479996
v -75.667778 5.048395 -54.479996
v -75.566833 5.048395 -54.379044
v -75.545921 5.048395 -54.429520
v -75.566833 5.048395 -54.479996
v -75.566833 5.048395 -54.379044
v -90.582031 2.048395 -54.429520
v -90.602936 2.048395 -54.479996
v -90.602936 5.048395 -54.479996
v -90.602936 5.048395 -54.479996
v -90.582031 5.048395 -54.429520
v -90.582031 2.048395 -54.429520
v -90.602936 2.048395 -54.479996
v -90.653412 2.048395 -54.500904
v -90.653412 5.048395 -54.500908
v -90.653412 5.048395 -54.500908
v -90.602936 5.048395 -54.479996
v -90.602936 2.048395 -54.479996
v -90.653412 2.048395 -54.500904
v -90.703888 2.048395 -54.479996
v -90.703888 5.048395 -54.479996
v -90.703888 5.048395 -54.479996
v -90.653412 5.048395 -54.500908
v -90.653412 2.048395 -54.500904
v -90.703888 2.048395 -54.479996
v -90.724792 2.048395 -54.429520
v -90.724792 5.048395 -54.429520
v -90.724792 5.048395 -54.429520
v -90.703888 5.048395 -54.479996
v -90.703888 2.048395 -54.479996
v -90.724792 2.048395 -54.429520
v -90.703888 2.048395 -54.379044
v -90.703888 5.048395 -54.379044
v -90.703888 5.048395 -54.379044
v -90.724792 5.048395 -54.429520
v -90.724792 2.048395 -54.429520
v -90.703888 2.048395 -54.379044
v -90.653412 2.048395 -54.358135
v -90.653412 5.048395 -54.358135
v -90.653412 5.048395 -54.358135
v -90.703888 5.048395 -54.379044
v -90.703888 2.048395 -54.379044
v -90.653412 2.048395 -54.358135
v -90.602936 2.048395 -54.379044
v -90.602936 5.048395 -54.379044
v -90.602936 5.048395 -54.379044
v -90.653412 5.048395 -54.358135
v -90.653412 2.048395 -54.358135
v -90.602936 2.048395 -54.379044
v -90.582031 2.048395 -54.429520
v -90.582031 5.048395 -54.429520
v -90.582031 5.048395 -54.429520
v -90.602936 5.048395 -54.379044
v -90.602936 2.048395 -54.379044
v -90.602936 5.048395 -54.479996
v -90.653412 5.048395 -54.500908
v -90.703888 5.048395 -54.479996
v -90.703888 5.048395 -54.479996
v -90.724792 5.048395 -54.429520
v -90.703888 5.048395 -54.379044
v -90.703888 5.048395 -54.379044
v -90.653412 5.048395 -54.358135
v -90.602936 5.048395 -54.379044
v -90.703888 5.048395 -54.479996
v -90.703888 5.048395 -54.379044
v -90.602936 5.048395 -54.379044
v -90.602936 5.048395 -54.479996
v -90.703888 5.048395 -54.479996
v -90.602936 5.048395 -54.379044
v -90.582031 5.048395 -54.429520
v -90.602936 5.048395 -54.479996
v -90.602936 5.048395 -54.379044
v -83.085579 2.048395 -54.429520
v -83.106491 2.048395 -54.479996
v -83.106491 5.048395 -54.479996
v -83.106491 5.048395 -54.479996
v -83.085579 5.048395 -54.429520
v -83.085579 2.048395 -54.429520
v -83.106491 2.048395 -54.479996
v -83.156967 2.048395 -54.500904
v -83.156967 5.048395 -54.500908
v -83.156967 5.048395 -54.500908
v -83.106491 5.048395 -54.479996
v -83.106491 2.048395 -54.479996
v -83.156967 2.048395 -54.500904
v -83.207443 2.048395 -54.479996
v -83.207443 5.048395 -54.479996
v -83.207443 5.048395 -54.479996
v -83.156967 5.048395 -54.500908
v -83.156967 2.048395 -54.500904
v -83.207443 2.048395 -54.479996
v -83.228348 2.048395 -54.429520
v -83.228348 5.048395 -54.429520
v -83.228348 5.048395 -54.429520
v -83.207443 5.048395 -54.479996
v -83.207443 2.048395 -54.479996
v -83.228348 2.048395 -54.429520
v -83.207443 2.048395 -54.379044
v -83.207443 5.048395 -54.379044
v -83.207443 5.048395 -54.379044
v -83.228348 5.048395 -54.429520
v -83.228348 2.048395 -54.429520
v -83.207443 2.048395 -54.379044
v -83.156967 2.048395 -54.358135
v -83.156967 5.048395 -54.358135
v -83.156967 5.048395 -54.358135
v -83.207443 5.048395 -54.379044
v -83.207443 2.048395 -54.379044
v -83.156967 2.048395 -54.358135
v -83.106491 2.048395 -54.379044
v -83.106491 5.048395 -54.379044
v -83.106491 5.048395 -54.379044
v -83.156967 5.048395 -54.358135
v -83.156967 2.048395 -54.358135
v -83.106491 2.048395 -54.379044
v -83.085579 2.048395 -54.429520
v -83.085579 5.048395 -54.429520
v -83.085579 5.048395 -54.429520
v -83.106491 5.048395 -54.379044
v -83.106491 2.048395 -54.379044
v -83.106491 5.048395 -54.479996
v -83.156967 5.048395 -54.500908
v -83.207443 5.048395 -54.479996
v -83.207443 5.048395 -54.479996
v -83.228348 5.048395 -54.429520
v -83.207443 5.048395 -54.379044
v -83.207443 5.048395 -54.379044
v -83.156967 5.048395 -54.358135
v -83.106491 5.048395 -54.379044
v -83.207443 5.048395 -54.479996
v -83.207443 5.048395 -54.379044
v -83.106491 5.048395 -54.379044
v -83.106491 5.048395 -54.479996
v -83.207443 5.048395 -54.479996
v -83.106491 5.048395 -54.379044
v -83.085579 5.048395 -54.429520
v -83.106491 5.048395 -54.479996
v -83.106491 5.048395 -54.379044
v -96.548492 2.048395 -54.429520
v -96.569405 2.048395 -54.479996
v -96.569405 5.048395 -54.479996
v -96.569405 5.048395 -54.479996
v -96.548500 5.048395 -54.429520
v -96.548492 2.048395 -54.429520
v -96.569405 2.048395 -54.479996
v -96.619881 2.048395 -54.500904
v -96.619881 5.048395 -54.500908
v -96.619881 5.048395 -54.500908
v -96.569405 5.048395 -54.479996
v -96.569405 2.048395 -54.479996
v -96.619881 2.048395 -54.500904
v -96.670357 2.048395 -54.479996
v -96.670357 5.048395 -54.479996
v -96.670357 5.048395 -54.479996
v -96.619881 5.048395 -54.500908
v -96.619881 2.048395 -54.500904
v -96.670357 2.048395 -54.479996
v -96.691261 2.048395 -54.429520
v -96.691261 5.048395 -54.429520
v -96.691261 5.048395 -54.429520
v -96.670357 5.048395 -54.479996
v -96.670357 2.048395 -54.479996
v -96.691261 2.048395 -54.429520
v -96.670357 2.048395 -54.379044
v -96.670357 5.048395 -54.379044
v -96.670357 5.048395 -54.379044
v -96.691261 5.048395 -54.429520
v -96.691261 2.048395 -54.429520
v -96.670357 2.048395 -54.379044
v -96.619881 2.048395 -54.358135
v -96.619881 5.048395 -54.358135
v -96.619881 5.048395 -54.358135
v -96.670357 5.048395 -54.379044
v -96.670357 2.048395 -54.379044
v -96.619881 2.048395 -54.358135
v -96.569405 2.048395 -54.379044
v -96.569405 5.048395 -54.379044
v -96.569405 5.048395 -54.379044
v -96.619881 5.048395 -54.358135
v -96.619881 2.048395 -54.358135
v -96.569405 2.048395 -54.379044
v -96.548492 2.048395 -54.429520
v -96.548500 5.048395 -54.429520
v -96.548500 5.048395 -54.429520
v -96.569405 5.048395 -54.379044
v -96.569405 2.048395 -54.379044
v -96.569405 5.048395 -54.479996
v -96.619881 5.048395 -54.500908
v -96.670357 5.048395 -54.479996
v -96.670357 5.048395 -54.479996
v -96.691261 5.048395 -54.429520
v -96.670357 5.048395 -54.379044
v -96.670357 5.048395 -54.379044
v -96.619881 5.048395 -54.358135
v -96.569405 5.048395 -54.379044
v -96.670357 5.048395 -54.479996
v -96.670357 5.048395 -54.379044
v -96.569405 5.048395 -54.379044
v -96.569405 5.048395 -54.479996
v -96.670357 5.048395 -54.479996
v -96.569405 5.048395 -54.379044
v -96.548500 5.048395 -54.429520
v -96.569405 5.048395 -54.479996
v -96.569405 5.048395 -54.379044
v -96.602417 4.913270 -54.417900
v -96.602417 4.873107 -54.417900
v -53.152786 4.873107 -54.417900
v -53.152786 4.873107 -54.417900
v -53.152786 4.913270 -54.417900
v -96.602417 4.913270 -54.417900
v -96.602417 4.873107 -54.417900
v -96.642853 4.873107 -54.458336
v -53.112350 4.873107 -54.458336
v -53.112350 4.873107 -54.458336
v -53.152786 4.873107 -54.417900
v -96.602417 4.873107 -54.417900
v -96.642853 4.873107 -54.458336
v -96.642853 4.913270 -54.458336
v -53.112350 4.913270 -54.458336
v -53.112350 4.913270 -54.458336
v -53.112350 4.873107 -54.458336
v -96.642853 4.873107 -54.458336
v -96.642853 4.913270 -54.458336
v -96.602417 4.913270 -54.417900
v -53.152786 4.913270 -54.417900
v -53.152786 4.913270 -54.417900
v -53.112350 4.913270 -54.458336
v -96.642853 4.913270 -54.458336
v -96.602417 2.250930 -54.417900
v -96.602417 2.210766 -54.417900
v -53.152786 2.210766 -54.417900
v -53.152786 2.210766 -54.417900
v -53.152786 2.250930 -54.417900
v -96.602417 2.250930 -54.417900
v -96.602417 2.210766 -54.417900
v -96.642853 2.210766 -54.458336
v -53.112350 2.210766 -54.458336
v -53.112350 2.210766 -54.458336
v -53.152786 2.210766 -54.417900
v -96.602417 2.210766 -54.417900
v -96.642853 2.210766 -54.458336
v -96.642853 2.250930 -54.458336
v -53.112350 2.250930 -54.458336
v -53.112350 2.250930 -54.458336
v -53.112350 2.210766 -54.458336
v -96.642853 2.210766 -54.458336
v -96.642853 2.250930 -54.458336
v -96.602417 2.250930 -54.417900
v -53.152786 2.250930 -54.417900
v -53.152786 2.250930 -54.417900
v -53.112350 2.250930 -54.458336
v -96.642853 2.250930 -54.458336
v -96.737259 2.048395 -54.476864
v -96.787735 2.048395 -54.455956
v -96.787735 5.048395 -54.455959
v -96.787735 5.048395 -54.455959
v -96.737259 5.048395 -54.476864
v -96.737259 2.048395 -54.476864
v -96.787735 2.048395 -54.455956
v -96.808647 2.048395 -54.405479
v -96.808647 5.048395 -54.405483
v -96.808647 5.048395 -54.405483
v -96.787735 5.048395 -54.455959
v -96.787735 2.048395 -54.455956
v -96.808647 2.048395 -54.405479
v -96.787735 2.048395 -54.355003
v -96.787735 5.048395 -54.355007
v -96.787735 5.048395 -54.355007
v -96.808647 5.048395 -54.405483
v -96.808647 2.048395 -54.405479
v -96.787735 2.048395 -54.355003
v -96.737259 2.048395 -54.334099
v -96.737259 5.048395 -54.334099
v -96.737259 5.048395 -54.334099
v -96.787735 5.048395 -54.355007
v -96.787735 2.048395 -54.355003
v -96.737259 2.048395 -54.334099
v -96.686783 2.048395 -54.355003
v -96.686783 5.048395 -54.355007
v -96.686783 5.048395 -54.355007
v -96.737259 5.048395 -54.334099
v -96.737259 2.048395 -54.334099
v -96.686783 2.048395 -54.355003
v -96.665878 2.048395 -54.405479
v -96.665878 5.048395 -54.405483
v -96.665878 5.048395 -54.405483
v -96.686783 5.048395 -54.355007
v -96.686783 2.048395 -54.355003
v -96.665878 2.048395 -54.405479
v -96.686783 2.048395 -54.455956
v -96.686783 5.048395 -54.455959
v -96.686783 5.048395 -54.455959
v -96.665878 5.048395 -54.405483
v -96.665878 2.048395 -54.405479
v -96.686783 2.048395 -54.455956
v -96.737259 2.048395 -54.476864
v -96.737259 5.048395 -54.476864
v -96.737259 5.048395 -54.476864
v -96.686783 5.048395 -54.455959
v -96.686783 2.048395 -54.455956
v -96.787735 5.048395 -54.455959
v -96.808647 5.048395 -54.405483
v -96.787735 5.048395 -54.355007
v -96.787735 5.048395 -54.355007
v -96.737259 5.048395 -54.334099
v -96.686783 5.048395 -54.355007
v -96.686783 5.048395 -54.355007
v -96.665878 5.048395 -54.405483
v -96.686783 5.048395 -54.455959
v -96.787735 5.048395 -54.355007
v -96.686783 5.048395 -54.355007
v -96.686783 5.048395 -54.455959
v -96.787735 5.048395 -54.455959
v -96.787735 5.048395 -54.355007
v -96.686783 5.048395 -54.455959
v -96.737259 5.048395 -54.476864
v -96.787735 5.048395 -54.455959
v -96.686783 5.048395 -54.455959
v -96.737259 2.048393 -39.484215
v -96.787735 2.048393 -39.463306
v -96.787735 5.048392 -39.463306
v -96.787735 5.048392 -39.463306
v -96.737259 5.048392 -39.484215
v -96.737259 2.048393 -39.484215
v -96.787735 2.048393 -39.463306
v -96.808647 2.048393 -39.412834
v -96.808647 5.048392 -39.412834
v -96.808647 5.048392 -39.412834
v -96.787735 5.048392 -39.463306
v -96.787735 2.048393 -39.463306
v -96.808647 2.048393 -39.412834
v -96.787735 2.048393 -39.362358
v -96.787735 5.048392 -39.362358
v -96.787735 5.048392 -39.362358
v -96.808647 5.048392 -39.412834
v -96.808647 2.048393 -39.412834
v -96.787735 2.048393 -39.362358
v -96.737259 2.048393 -39.341450
v -96.737259 5.048392 -39.341450
v -96.737259 5.048392 -39.341450
v -96.787735 5.048392 -39.362358
v -96.787735 2.048393 -39.362358
v -96.737259 2.048393 -39.341450
v -96.686783 2.048393 -39.362358
v -96.686783 5.048392 -39.362358
v -96.686783 5.048392 -39.362358
v -96.737259 5.048392 -39.341450
v -96.737259 2.048393 -39.341450
v -96.686783 2.048393 -39.362358
v -96.665878 2.048393 -39.412834
v -96.665878 5.048392 -39.412834
v -96.665878 5.048392 -39.412834
v -96.686783 5.048392 -39.362358
v -96.686783 2.048393 -39.362358
v -96.665878 2.048393 -39.412834
v -96.686783 2.048393 -39.463306
v -96.686783 5.048392 -39.463306
v -96.686783 5.048392 -39.463306
v -96.665878 5.048392 -39.412834
v -96.665878 2.048393 -39.412834
v -96.686783 2.048393 -39.463306
v -96.737259 2.048393 -39.484215
v -96.737259 5.048392 -39.484215
v -96.737259 5.048392 -39.484215
v -96.686783 5.048392 -39.463306
v -96.686783 2.048393 -39.463306
v -96.787735 5.048392 -39.463306
v -96.808647 5.048392 -39.412834
v -96.787735 5.048392 -39.362358
v -96.787735 5.048392 -39.362358
v -96.737259 5.048392 -39.341450
v -96.686783 5.048392 -39.362358
v -96.686783 5.048392 -39.362358
v -96.665878 5.048392 -39.412834
v -96.686783 5.048392 -39.463306
v -96.787735 5.048392 -39.362358
v -96.686783 5.048392 -39.362358
v -96.686783 5.048392 -39.463306
v -96.787735 5.048392 -39.463306
v -96.787735 5.048392 -39.362358
v -96.686783 5.048392 -39.463306
v -96.737259 5.048392 -39.484215
v -96.787735 5.048392 -39.463306
v -96.686783 5.048392 -39.463306
v -96.737259 2.048394 -46.980663
v -96.787735 2.048394 -46.959755
v -96.787735 5.048394 -46.959755
v -96.787735 5.048394 -46.959755
v -96.737259 5.048394 -46.980663
v -96.737259 2.048394 -46.980663
v -96.787735 2.048394 -46.959755
v -96.808647 2.048394 -46.909283
v -96.808647 5.048394 -46.909283
v -96.808647 5.048394 -46.909283
v -96.787735 5.048394 -46.959755
v -96.787735 2.048394 -46.959755
v -96.808647 2.048394 -46.909283
v -96.787735 2.048394 -46.858807
v -96.787735 5.048394 -46.858807
v -96.787735 5.048394 -46.858807
v -96.808647 5.048394 -46.909283
v -96.808647 2.048394 -46.909283
v -96.787735 2.048394 -46.858807
v -96.737259 2.048394 -46.837898
v -96.737259 5.048394 -46.837898
v -96.737259 5.048394 -46.837898
v -96.787735 5.048394 -46.858807
v -96.787735 2.048394 -46.858807
v -96.737259 2.048394 -46.837898
v -96.686783 2.048394 -46.858807
v -96.686783 5.048394 -46.858807
v -96.686783 5.048394 -46.858807
v -96.737259 5.048394 -46.837898
v -96.737259 2.048394 -46.837898
v -96.686783 2.048394 -46.858807
v -96.665878 2.048394 -46.909283
v -96.665878 5.048394 -46.909283
v -96.665878 5.048394 -46.909283
v -96.686783 5.048394 -46.858807
v -96.686783 2.048394 -46.858807
v -96.665878 2.048394 -46.909283
v -96.686783 2.048394 -46.959755
v -96.686783 5.048394 -46.959755
v -96.686783 5.048394 -46.959755
v -96.665878 5.048394 -46.909283
v -96.665878 2.048394 -46.909283
v -96.686783 2.048394 -46.959755
v -96.737259 2.048394 -46.980663
v -96.737259 5.048394 -46.980663
v -96.737259 5.048394 -46.980663
v -96.686783 5.048394 -46.959755
v -96.686783 2.048394 -46.959755
v -96.787735 5.048394 -46.959755
v -96.808647 5.048394 -46.909283
v -96.787735 5.048394 -46.858807
v -96.787735 5.048394 -46.858807
v -96.737259 5.048394 -46.837898
v -96.686783 5.048394 -46.858807
v -96.686783 5.048394 -46.858807
v -96.665878 5.048394 -46.909283
v -96.686783 5.048394 -46.959755
v -96.787735 5.048394 -46.858807
v -96.686783 5.048394 -46.858807
v -96.686783 5.048394 -46.959755
v -96.787735 5.048394 -46.959755
v -96.787735 5.048394 -46.858807
v -96.686783 5.048394 -46.959755
v -96.737259 5.048394 -46.980663
v -96.787735 5.048394 -46.959755
v -96.686783 5.048394 -46.959755
v -96.737259 2.048391 -31.993261
v -96.787735 2.048391 -31.972353
v -96.787735 5.048391 -31.972353
v -96.787735 5.048391 -31.972353
v -96.737259 5.048391 -31.993261
v -96.737259 2.048391 -31.993261
v -96.787735 2.048391 -31.972353
v -96.808640 2.048391 -31.921877
v -96.808647 5.048391 -31.921877
v -96.808647 5.048391 -31.921877
v -96.787735 5.048391 -31.972353
v -96.787735 2.048391 -31.972353
v -96.808640 2.048391 -31.921877
v -96.787735 2.048391 -31.871403
v -96.787735 5.048391 -31.871403
v -96.787735 5.048391 -31.871403
v -96.808647 5.048391 -31.921877
v -96.808640 2.048391 -31.921877
v -96.787735 2.048391 -31.871403
v -96.737259 2.048391 -31.850494
v -96.737259 5.048391 -31.850494
v -96.737259 5.048391 -31.850494
v -96.787735 5.048391 -31.871403
v -96.787735 2.048391 -31.871403
v -96.737259 2.048391 -31.850494
v -96.686783 2.048391 -31.871403
v -96.686783 5.048391 -31.871403
v -96.686783 5.048391 -31.871403
v -96.737259 5.048391 -31.850494
v -96.737259 2.048391 -31.850494
v -96.686783 2.048391 -31.871403
v -96.665871 2.048391 -31.921877
v -96.665871 5.048391 -31.921877
v -96.665871 5.048391 -31.921877
v -96.686783 5.048391 -31.871403
v -96.686783 2.048391 -31.871403
v -96.665871 2.048391 -31.921877
v -96.686783 2.048391 -31.972353
v -96.686783 5.048391 -31.972353
v -96.686783 5.048391 -31.972353
v -96.665871 5.048391 -31.921877
v -96.665871 2.048391 -31.921877
v -96.686783 2.048391 -31.972353
v -96.737259 2.048391 -31.993261
v -96.737259 5.048391 -31.993261
v -96.737259 5.048391 -31.993261
v -96.686783 5.048391 -31.972353
v -96.686783 2.048391 -31.972353
v -96.787735 5.048391 -31.972353
v -96.808647 5.048391 -31.921877
v -96.787735 5.048391 -31.871403
v -96.787735 5.048391 -31.871403
v -96.737259 5.048391 -31.850494
v -96.686783 5.048391 -31.871403
v -96.686783 5.048391 -31.871403
v -96.665871 5.048391 -31.921877
v -96.686783 5.048391 -31.972353
v -96.787735 5.048391 -31.871403
v -96.686783 5.048391 -31.871403
v -96.686783 5.048391 -31.972353
v -96.787735 5.048391 -31.972353
v -96.787735 5.048391 -31.871403
v -96.686783 5.048391 -31.972353
v -96.737259 5.048391 -31.993261
v -96.787735 5.048391 -31.972353
v -96.686783 5.048391 -31.972353
v -96.737259 2.048389 -16.957155
v -96.787735 2.048389 -16.936247
v -96.787735 5.048389 -16.936245
v -96.787735 5.048389 -16.936245
v -96.737259 5.048389 -16.957153
v -96.737259 2.048389 -16.957155
v -96.787735 2.048389 -16.936247
v -96.808640 2.048389 -16.885771
v -96.808647 5.048389 -16.885771
v -96.808647 5.048389 -16.885771
v -96.787735 5.048389 -16.936245
v -96.787735 2.048389 -16.936247
v -96.808640 2.048389 -16.885771
v -96.787735 2.048389 -16.835297
v -96.787735 5.048389 -16.835297
v -96.787735 5.048389 -16.835297
v -96.808647 5.048389 -16.885771
v -96.808640 2.048389 -16.885771
v -96.787735 2.048389 -16.835297
v -96.737259 2.048389 -16.814388
v -96.737259 5.048389 -16.814388
v -96.737259 5.048389 -16.814388
v -96.787735 5.048389 -16.835297
v -96.787735 2.048389 -16.835297
v -96.737259 2.048389 -16.814388
v -96.686783 2.048389 -16.835297
v -96.686783 5.048389 -16.835297
v -96.686783 5.048389 -16.835297
v -96.737259 5.048389 -16.814388
v -96.737259 2.048389 -16.814388
v -96.686783 2.048389 -16.835297
v -96.665871 2.048389 -16.885771
v -96.665871 5.048389 -16.885771
v -96.665871 5.048389 -16.885771
v -96.686783 5.048389 -16.835297
v -96.686783 2.048389 -16.835297
v -96.665871 2.048389 -16.885771
v -96.686783 2.048389 -16.936247
v -96.686783 5.048389 -16.936245
v -96.686783 5.048389 -16.936245
v -96.665871 5.048389 -16.885771
v -96.665871 2.048389 -16.885771
v -96.686783 2.048389 -16.936247
v -96.737259 2.048389 -16.957155
v -96.737259 5.048389 -16.957153
v -96.737259 5.048389 -16.957153
v -96.686783 5.048389 -16.936245
v -96.686783 2.048389 -16.936247
v -96.787735 5.048389 -16.936245
v -96.808647 5.048389 -16.885771
v -96.787735 5.048389 -16.835297
v -96.787735 5.048389 -16.835297
v -96.737259 5.048389 -16.814388
v -96.686783 5.048389 -16.835297
v -96.686783 5.048389 -16.835297
v -96.665871 5.048389 -16.885771
v -96.686783 5.048389 -16.936245
v -96.787735 5.048389 -16.835297
v -96.686783 5.048389 -16.835297
v -96.686783 5.048389 -16.936245
v -96.787735 5.048389 -16.936245
v -96.787735 5.048389 -16.835297
v -96.686783 5.048389 -16.936245
v -96.737259 5.048389 -16.957153
v -96.787735 5.048389 -16.936245
v -96.686783 5.048389 -16.936245
v -96.737259 2.048390 -24.453602
v -96.787735 2.048390 -24.432693
v -96.787735 5.048390 -24.432693
v -96.787735 5.048390 -24.432693
v -96.737259 5.048390 -24.453602
v -96.737259 2.048390 -24.453602
v -96.787735 2.048390 -24.432693
v -96.808640 2.048390 -24.382219
v -96.808647 5.048390 -24.382217
v -96.808647 5.048390 -24.382217
v -96.787735 5.048390 -24.432693
v -96.787735 2.048390 -24.432693
v -96.808640 2.048390 -24.382219
v -96.787735 2.048390 -24.331743
v -96.787735 5.048390 -24.331743
v -96.787735 5.048390 -24.331743
v -96.808647 5.048390 -24.382217
v -96.808640 2.048390 -24.382219
v -96.787735 2.048390 -24.331743
v -96.737259 2.048390 -24.310835
v -96.737259 5.048390 -24.310835
v -96.737259 5.048390 -24.310835
v -96.787735 5.048390 -24.331743
v -96.787735 2.048390 -24.331743
v -96.737259 2.048390 -24.310835
v -96.686783 2.048390 -24.331743
v -96.686783 5.048390 -24.331743
v -96.686783 5.048390 -24.331743
v -96.737259 5.048390 -24.310835
v -96.737259 2.048390 -24.310835
v -96.686783 2.048390 -24.331743
v -96.665871 2.048390 -24.382219
v -96.665871 5.048390 -24.382217
v -96.665871 5.048390 -24.382217
v -96.686783 5.048390 -24.331743
v -96.686783 2.048390 -24.331743
v -96.665871 2.048390 -24.382219
v -96.686783 2.048390 -24.432693
v -96.686783 5.048390 -24.432693
v -96.686783 5.048390 -24.432693
v -96.665871 5.048390 -24.382217
v -96.665871 2.048390 -24.382219
v -96.686783 2.048390 -24.432693
v -96.737259 2.048390 -24.453602
v -96.737259 5.048390 -24.453602
v -96.737259 5.048390 -24.453602
v -96.686783 5.048390 -24.432693
v -96.686783 2.048390 -24.432693
v -96.787735 5.048390 -24.432693
v -96.808647 5.048390 -24.382217
v -96.787735 5.048390 -24.331743
v -96.787735 5.048390 -24.331743
v -96.737259 5.048390 -24.310835
v -96.686783 5.048390 -24.331743
v -96.686783 5.048390 -24.331743
v -96.665871 5.048390 -24.382217
v -96.686783 5.048390 -24.432693
v -96.787735 5.048390 -24.331743
v -96.686783 5.048390 -24.331743
v -96.686783 5.048390 -24.432693
v -96.787735 5.048390 -24.432693
v -96.787735 5.048390 -24.331743
v -96.686783 5.048390 -24.432693
v -96.737259 5.048390 -24.453602
v -96.787735 5.048390 -24.432693
v -96.686783 5.048390 -24.432693
v -96.737259 2.048388 -10.990686
v -96.787735 2.048388 -10.969780
v -96.787735 5.048388 -10.969779
v -96.787735 5.048388 -10.969779
v -96.737259 5.048388 -10.990685
v -96.737259 2.048388 -10.990686
v -96.787735 2.048388 -10.969780
v -96.808640 2.048388 -10.919304
v -96.808647 5.048388 -10.919303
v -96.808647 5.048388 -10.919303
v -96.787735 5.048388 -10.969779
v -96.787735 2.048388 -10.969780
v -96.808640 2.048388 -10.919304
v -96.787735 2.048388 -10.868828
v -96.787735 5.048388 -10.868827
v -96.787735 5.048388 -10.868827
v -96.808647 5.048388 -10.919303
v -96.808640 2.048388 -10.919304
v -96.787735 2.048388 -10.868828
v -96.737259 2.048388 -10.847921
v -96.737259 5.048388 -10.847920
v -96.737259 5.048388 -10.847920
v -96.787735 5.048388 -10.868827
v -96.787735 2.048388 -10.868828
v -96.737259 2.048388 -10.847921
v -96.686783 2.048388 -10.868828
v -96.686783 5.048388 -10.868827
v -96.686783 5.048388 -10.868827
v -96.737259 5.048388 -10.847920
v -96.737259 2.048388 -10.847921
v -96.686783 2.048388 -10.868828
v -96.665871 2.048388 -10.919304
v -96.665871 5.048388 -10.919303
v -96.665871 5.048388 -10.919303
v -96.686783 5.048388 -10.868827
v -96.686783 2.048388 -10.868828
v -96.665871 2.048388 -10.919304
v -96.686783 2.048388 -10.969780
v -96.686783 5.048388 -10.969779
v -96.686783 5.048388 -10.969779
v -96.665871 5.048388 -10.919303
v -96.665871 2.048388 -10.919304
v -96.686783 2.048388 -10.969780
v -96.737259 2.048388 -10.990686
v -96.737259 5.048388 -10.990685
v -96.737259 5.048388 -10.990685
v -96.686783 5.048388 -10.969779
v -96.686783 2.048388 -10.969780
v -96.787735 5.048388 -10.969779
v -96.808647 5.048388 -10.919303
v -96.787735 5.048388 -10.868827
v -96.787735 5.048388 -10.868827
v -96.737259 5.048388 -10.847920
v -96.686783 5.048388 -10.868827
v -96.686783 5.048388 -10.868827
v -96.665871 5.048388 -10.919303
v -96.686783 5.048388 -10.969779
v -96.787735 5.048388 -10.868827
v -96.686783 5.048388 -10.868827
v -96.686783 5.048388 -10.969779
v -96.787735 5.048388 -10.969779
v -96.787735 5.048388 -10.868827
v -96.686783 5.048388 -10.969779
v -96.737259 5.048388 -10.990685
v -96.787735 5.048388 -10.969779
v -96.686783 5.048388 -10.969779
v -96.725639 4.913263 -10.936767
v -96.725639 4.873100 -10.936767
v -96.725639 4.873107 -54.386398
v -96.725639 4.873107 -54.386398
v -96.725639 4.913270 -54.386398
v -96.725639 4.913263 -10.936767
v -96.725639 4.873100 -10.936767
v -96.766075 4.873100 -10.896333
v -96.766075 4.873107 -54.426830
v -96.766075 4.873107 -54.426830
v -96.725639 4.873107 -54.386398
v -96.725639 4.873100 -10.936767
v -96.766075 4.873100 -10.896333
v -96.766075 4.913263 -10.896333
v -96.766075 4.913270 -54.426830
v -96.766075 4.913270 -54.426830
v -96.766075 4.873107 -54.426830
v -96.766075 4.873100 -10.896333
v -96.766075 4.913263 -10.896333
v -96.725639 4.913263 -10.936767
v -96.725639 4.913270 -54.386398
v -96.725639 4.913270 -54.386398
v -96.766075 4.913270 -54.426830
v -96.766075 4.913263 -10.896333
v -96.725639 2.250923 -10.936768
v -96.725639 2.210759 -10.936768
v -96.725639 2.210766 -54.386398
v -96.725639 2.210766 -54.386398
v -96.725639 2.250930 -54.386398
v -96.725639 2.250923 -10.936768
v -96.725639 2.210759 -10.936768
v -96.766075 2.210759 -10.896334
v -96.766075 2.210766 -54.426830
v -96.766075 2.210766 -54.426830
v -96.725639 2.210766 -54.386398
v -96.725639 2.210759 -10.936768
v -96.766075 2.210759 -10.896334
v -96.766075 2.250923 -10.896334
v -96.766075 2.250930 -54.426830
v -96.766075 2.250930 -54.426830
v -96.766075 2.210766 -54.426830
v -96.766075 2.210759 -10.896334
v -96.766075 2.250923 -10.896334
v -96.725639 2.250923 -10.936768
v -96.725639 2.250930 -54.386398
v -96.725639 2.250930 -54.386398
v -96.766075 2.250930 -54.426830
v -96.766075 2.250923 -10.896334
v -96.737259 2.048388 -10.957575
v -96.787735 2.048388 -10.936668
v -96.787735 5.048388 -10.936669
v -96.787735 5.048388 -10.936669
v -96.737259 5.048388 -10.957574
v -96.737259 2.048388 -10.957575
v -96.787735 2.048388 -10.936668
v -96.808647 2.048388 -10.886192
v -96.808647 5.048388 -10.886193
v -96.808647 5.048388 -10.886193
v -96.787735 5.048388 -10.936669
v -96.787735 2.048388 -10.936668
v -96.808647 2.048388 -10.886192
v -96.787735 2.048388 -10.835716
v -96.787735 5.048388 -10.835717
v -96.787735 5.048388 -10.835717
v -96.808647 5.048388 -10.886193
v -96.808647 2.048388 -10.886192
v -96.787735 2.048388 -10.835716
v -96.737259 2.048388 -10.814810
v -96.737259 5.048388 -10.814809
v -96.737259 5.048388 -10.814809
v -96.787735 5.048388 -10.835717
v -96.787735 2.048388 -10.835716
v -96.737259 2.048388 -10.814810
v -96.686783 2.048388 -10.835716
v -96.686783 5.048388 -10.835717
v -96.686783 5.048388 -10.835717
v -96.737259 5.048388 -10.814809
v -96.737259 2.048388 -10.814810
v -96.686783 2.048388 -10.835716
v -96.665878 2.048388 -10.886192
v -96.665878 5.048388 -10.886193
v -96.665878 5.048388 -10.886193
v -96.686783 5.048388 -10.835717
v -96.686783 2.048388 -10.835716
v -96.665878 2.048388 -10.886192
v -96.686783 2.048388 -10.936668
v -96.686783 5.048388 -10.936669
v -96.686783 5.048388 -10.936669
v -96.665878 5.048388 -10.886193
v -96.665878 2.048388 -10.886192
v -96.686783 2.048388 -10.936668
v -96.737259 2.048388 -10.957575
v -96.737259 5.048388 -10.957574
v -96.737259 5.048388 -10.957574
v -96.686783 5.048388 -10.936669
v -96.686783 2.048388 -10.936668
v -96.787735 5.048388 -10.936669
v -96.808647 5.048388 -10.886193
v -96.787735 5.048388 -10.835717
v -96.787735 5.048388 -10.835717
v -96.737259 5.048388 -10.814809
v -96.686783 5.048388 -10.835717
v -96.686783 5.048388 -10.835717
v -96.665878 5.048388 -10.886193
v -96.686783 5.048388 -10.936669
v -96.787735 5.048388 -10.835717
v -96.686783 5.048388 -10.835717
v -96.686783 5.048388 -10.936669
v -96.787735 5.048388 -10.936669
v -96.787735 5.048388 -10.835717
v -96.686783 5.048388 -10.936669
v -96.737259 5.048388 -10.957574
v -96.787735 5.048388 -10.936669
v -96.686783 5.048388 -10.936669
v -96.737259 2.048385 4.035071
v -96.787735 2.048385 4.055979
v -96.787735 5.048386 4.055980
v -96.787735 5.048386 4.055980
v -96.737259 5.048386 4.035072
v -96.737259 2.048385 4.035071
v -96.787735 2.048385 4.055979
v -96.808647 2.048385 4.106454
v -96.808647 5.048386 4.106455
v -96.808647 5.048386 4.106455
v -96.787735 5.048386 4.055980
v -96.787735 2.048385 4.055979
v -96.808647 2.048385 4.106454
v -96.787735 2.048385 4.156930
v -96.787735 5.048386 4.156930
v -96.787735 5.048386 4.156930
v -96.808647 5.048386 4.106455
v -96.808647 2.048385 4.106454
v -96.787735 2.048385 4.156930
v -96.737259 2.048385 4.177837
v -96.737259 5.048386 4.177838
v -96.737259 5.048386 4.177838
v -96.787735 5.048386 4.156930
v -96.787735 2.048385 4.156930
v -96.737259 2.048385 4.177837
v -96.686783 2.048385 4.156930
v -96.686783 5.048386 4.156930
v -96.686783 5.048386 4.156930
v -96.737259 5.048386 4.177838
v -96.737259 2.048385 4.177837
v -96.686783 2.048385 4.156930
v -96.665878 2.048385 4.106454
v -96.665878 5.048386 4.106455
v -96.665878 5.048386 4.106455
v -96.686783 5.048386 4.156930
v -96.686783 2.048385 4.156930
v -96.665878 2.048385 4.106454
v -96.686783 2.048385 4.055979
v -96.686783 5.048386 4.055980
v -96.686783 5.048386 4.055980
v -96.665878 5.048386 4.106455
v -96.665878 2.048385 4.106454
v -96.686783 2.048385 4.055979
v -96.737259 2.048385 4.035071
v -96.737259 5.048386 4.035072
v -96.737259 5.048386 4.035072
v -96.686783 5.048386 4.055980
v -96.686783 2.048385 4.055979
v -96.787735 5.048386 4.055980
v -96.808647 5.048386 4.106455
v -96.787735 5.048386 4.156930
v -96.787735 5.048386 4.156930
v -96.737259 5.048386 4.177838
v -96.686783 5.048386 4.156930
v -96.686783 5.048386 4.156930
v -96.665878 5.048386 4.106455
v -96.686783 5.048386 4.055980
v -96.787735 5.048386 4.156930
v -96.686783 5.048386 4.156930
v -96.686783 5.048386 4.055980
v -96.787735 5.048386 4.055980
v -96.787735 5.048386 4.156930
v -96.686783 5.048386 4.055980
v -96.737259 5.048386 4.035072
v -96.787735 5.048386 4.055980
v -96.686783 5.048386 4.055980
v -96.737259 2.048387 -3.461378
v -96.787735 2.048387 -3.440469
v -96.787735 5.048387 -3.440468
v -96.787735 5.048387 -3.440468
v -96.737259 5.048387 -3.461377
v -96.737259 2.048387 -3.461378
v -96.787735 2.048387 -3.440469
v -96.808647 2.048387 -3.389994
v -96.808647 5.048387 -3.389993
v -96.808647 5.048387 -3.389993
v -96.787735 5.048387 -3.440468
v -96.787735 2.048387 -3.440469
v -96.808647 2.048387 -3.389994
v -96.787735 2.048387 -3.339519
v -96.787735 5.048387 -3.339519
v -96.787735 5.048387 -3.339519
v -96.808647 5.048387 -3.389993
v -96.808647 2.048387 -3.389994
v -96.787735 2.048387 -3.339519
v -96.737259 2.048387 -3.318611
v -96.737259 5.048387 -3.318611
v -96.737259 5.048387 -3.318611
v -96.787735 5.048387 -3.339519
v -96.787735 2.048387 -3.339519
v -96.737259 2.048387 -3.318611
v -96.686783 2.048387 -3.339519
v -96.686783 5.048387 -3.339519
v -96.686783 5.048387 -3.339519
v -96.737259 5.048387 -3.318611
v -96.737259 2.048387 -3.318611
v -96.686783 2.048387 -3.339519
v -96.665878 2.048387 -3.389994
v -96.665878 5.048387 -3.389993
v -96.665878 5.048387 -3.389993
v -96.686783 5.048387 -3.339519
v -96.686783 2.048387 -3.339519
v -96.665878 2.048387 -3.389994
v -96.686783 2.048387 -3.440469
v -96.686783 5.048387 -3.440468
v -96.686783 5.048387 -3.440468
v -96.665878 5.048387 -3.389993
v -96.665878 2.048387 -3.389994
v -96.686783 2.048387 -3.440469
v -96.737259 2.048387 -3.461378
v -96.737259 5.048387 -3.461377
v -96.737259 5.048387 -3.461377
v -96.686783 5.048387 -3.440468
v -96.686783 2.048387 -3.440469
v -96.787735 5.048387 -3.440468
v -96.808647 5.048387 -3.389993
v -96.787735 5.048387 -3.339519
v -96.787735 5.048387 -3.339519
v -96.737259 5.048387 -3.318611
v -96.686783 5.048387 -3.339519
v -96.686783 5.048387 -3.339519
v -96.665878 5.048387 -3.389993
v -96.686783 5.048387 -3.440468
v -96.787735 5.048387 -3.339519
v -96.686783 5.048387 -3.339519
v -96.686783 5.048387 -3.440468
v -96.787735 5.048387 -3.440468
v -96.787735 5.048387 -3.339519
v -96.686783 5.048387 -3.440468
v -96.737259 5.048387 -3.461377
v -96.787735 5.048387 -3.440468
v -96.686783 5.048387 -3.440468
v -96.737259 2.048384 11.526026
v -96.787735 2.048384 11.546934
v -96.787735 5.048384 11.546935
v -96.787735 5.048384 11.546935
v -96.737259 5.048384 11.526027
v -96.737259 2.048384 11.526026
v -96.787735 2.048384 11.546934
v -96.808640 2.048384 11.597409
v -96.808647 5.048384 11.597410
v -96.808647 5.048384 11.597410
v -96.787735 5.048384 11.546935
v -96.787735 2.048384 11.546934
v -96.808640 2.048384 11.597409
v -96.787735 2.048384 11.647884
v -96.787735 5.048384 11.647885
v -96.787735 5.048384 11.647885
v -96.808647 5.048384 11.597410
v -96.808640 2.048384 11.597409
v -96.787735 2.048384 11.647884
v -96.737259 2.048384 11.668793
v -96.737259 5.048384 11.668794
v -96.737259 5.048384 11.668794
v -96.787735 5.048384 11.647885
v -96.787735 2.048384 11.647884
v -96.737259 2.048384 11.668793
v -96.686783 2.048384 11.647884
v -96.686783 5.048384 11.647885
v -96.686783 5.048384 11.647885
v -96.737259 5.048384 11.668794
v -96.737259 2.048384 11.668793
v -96.686783 2.048384 11.647884
v -96.665871 2.048384 11.597409
v -96.665871 5.048384 11.597410
v -96.665871 5.048384 11.597410
v -96.686783 5.048384 11.647885
v -96.686783 2.048384 11.647884
v -96.665871 2.048384 11.597409
v -96.686783 2.048384 11.546934
v -96.686783 5.048384 11.546935
v -96.686783 5.048384 11.546935
v -96.665871 5.048384 11.597410
v -96.665871 2.048384 11.597409
v -96.686783 2.048384 11.546934
v -96.737259 2.048384 11.526026
v -96.737259 5.048384 11.526027
v -96.737259 5.048384 11.526027
v -96.686783 5.048384 11.546935
v -96.686783 2.048384 11.546934
v -96.787735 5.048384 11.546935
v -96.808647 5.048384 11.597410
v -96.787735 5.048384 11.647885
v -96.787735 5.048384 11.647885
v -96.737259 5.048384 11.668794
v -96.686783 5.048384 11.647885
v -96.686783 5.048384 11.647885
v -96.665871 5.048384 11.597410
v -96.686783 5.048384 11.546935
v -96.787735 5.048384 11.647885
v -96.686783 5.048384 11.647885
v -96.686783 5.048384 11.546935
v -96.787735 5.048384 11.546935
v -96.787735 5.048384 11.647885
v -96.686783 5.048384 11.546935
v -96.737259 5.048384 11.526027
v -96.787735 5.048384 11.546935
v -96.686783 5.048384 11.546935
v -96.725639 4.894064 11.594573
v -96.725639 4.873100 -10.867108
v -96.725639 4.913263 -10.867108
v -96.725639 4.913259 11.594573
v -96.744942 4.873096 11.594571
v -96.766075 4.873100 -10.907542
v -96.725639 4.873100 -10.867108
v -96.725639 4.873096 11.594573
v -96.766075 4.892293 11.594574
v -96.766075 4.913263 -10.907542
v -96.766075 4.873100 -10.907542
v -96.766075 4.873096 11.594574
v -96.746727 4.913259 11.594572
v -96.725639 4.913263 -10.867108
v -96.766075 4.913263 -10.907542
v -96.766075 4.913259 11.594574
v -96.725639 2.231724 11.594572
v -96.725639 2.210759 -10.867109
v -96.725639 2.250923 -10.867109
v -96.725639 2.250919 11.594572
v -96.725639 2.210755 11.594570
v -96.744942 2.210755 11.594570
v -96.766075 2.210759 -10.907543
v -96.725639 2.210759 -10.867109
v -96.766075 2.210755 11.594571
v -96.766075 2.229952 11.594573
v -96.766075 2.250923 -10.907543
v -96.766075 2.210759 -10.907543
v -96.766075 2.250919 11.594571
v -96.746727 2.250919 11.594571
v -96.725639 2.250923 -10.867109
v -96.766075 2.250923 -10.907543
v -96.725639 4.873096 11.594573
v -96.725639 4.873100 -10.867108
v -96.725639 4.894064 11.594573
v -96.766075 4.873096 11.594574
v -96.766075 4.873100 -10.907542
v -96.744942 4.873096 11.594571
v -96.766075 4.913259 11.594574
v -96.766075 4.913263 -10.907542
v -96.766075 4.892293 11.594574
v -96.725639 4.913259 11.594573
v -96.725639 4.913263 -10.867108
v -96.746727 4.913259 11.594572
v -96.725639 2.210755 11.594570
v -96.725639 2.210759 -10.867109
v -96.725639 2.231724 11.594572
v -96.766075 2.210755 11.594571
v -96.766075 2.210759 -10.907543
v -96.744942 2.210755 11.594570
v -96.766075 2.250919 11.594571
v -96.766075 2.250923 -10.907543
v -96.766075 2.229952 11.594573
v -96.725639 2.250919 11.594572
v -96.725639 2.250923 -10.867109
v -96.746727 2.250919 11.594571
v 37.806488 2.048380 39.900936
v 37.856964 2.048380 39.880028
v 37.856964 5.048379 39.880032
v 37.856964 5.048379 39.880032
v 37.806488 5.048379 39.900936
v 37.806488 2.048380 39.900936
v 37.856964 2.048380 39.880028
v 37.877872 2.048380 39.829552
v 37.877872 5.048379 39.829556
v 37.877872 5.048379 39.829556
v 37.856964 5.048379 39.880032
v 37.856964 2.048380 39.880028
v 37.877872 2.048380 39.829552
v 37.856964 2.048380 39.779076
v 37.856964 5.048379 39.779079
v 37.856964 5.048379 39.779079
v 37.877872 5.048379 39.829556
v 37.877872 2.048380 39.829552
v 37.856964 2.048380 39.779076
v 37.806488 2.048380 39.758171
v 37.806488 5.048379 39.758171
v 37.806488 5.048379 39.758171
v 37.856964 5.048379 39.779079
v 37.856964 2.048380 39.779076
v 37.806488 2.048380 39.758171
v 37.756012 2.048380 39.779076
v 37.756012 5.048379 39.779079
v 37.756012 5.048379 39.779079
v 37.806488 5.048379 39.758171
v 37.806488 2.048380 39.758171
v 37.756012 2.048380 39.779076
v 37.735104 2.048380 39.829552
v 37.735100 5.048379 39.829556
v 37.735100 5.048379 39.829556
v 37.756012 5.048379 39.779079
v 37.756012 2.048380 39.779076
v 37.735104 2.048380 39.829552
v 37.756012 2.048380 39.880028
v 37.756012 5.048379 39.880032
v 37.756012 5.048379 39.880032
v 37.735100 5.048379 39.829556
v 37.735104 2.048380 39.829552
v 37.756012 2.048380 39.880028
v 37.806488 2.048380 39.900936
v 37.806488 5.048379 39.900936
v 37.806488 5.048379 39.900936
v 37.756012 5.048379 39.880032
v 37.756012 2.048380 39.880028
v 37.856964 5.048379 39.880032
v 37.877872 5.048379 39.829556
v 37.856964 5.048379 39.779079
v 37.856964 5.048379 39.779079
v 37.806488 5.048379 39.758171
v 37.756012 5.048379 39.779079
v 37.756012 5.048379 39.779079
v 37.735100 5.048379 39.829556
v 37.756012 5.048379 39.880032
v 37.856964 5.048379 39.779079
v 37.756012 5.048379 39.779079
v 37.756012 5.048379 39.880032
v 37.856964 5.048379 39.880032
v 37.856964 5.048379 39.779079
v 37.756012 5.048379 39.880032
v 37.806488 5.048379 39.900936
v 37.856964 5.048379 39.880032
v 37.756012 5.048379 39.880032
v 72.424622 2.048380 39.757267
v 72.403709 2.048380 39.706791
v 72.403717 5.048379 39.706791
v 72.403717 5.048379 39.706791
v 72.424622 5.048379 39.757267
v 72.424622 2.048380 39.757267
v 72.403709 2.048380 39.706791
v 72.353233 2.048380 39.685883
v 72.353241 5.048379 39.685883
v 72.353241 5.048379 39.685883
v 72.403717 5.048379 39.706791
v 72.403709 2.048380 39.706791
v 72.353233 2.048380 39.685883
v 72.302757 2.048380 39.706791
v 72.302765 5.048379 39.706791
v 72.302765 5.048379 39.706791
v 72.353241 5.048379 39.685883
v 72.353233 2.048380 39.685883
v 72.302757 2.048380 39.706791
v 72.281853 2.048380 39.757267
v 72.281853 5.048379 39.757267
v 72.281853 5.048379 39.757267
v 72.302765 5.048379 39.706791
v 72.302757 2.048380 39.706791
v 72.281853 2.048380 39.757267
v 72.302757 2.048380 39.807739
v 72.302765 5.048379 39.807739
v 72.302765 5.048379 39.807739
v 72.281853 5.048379 39.757267
v 72.281853 2.048380 39.757267
v 72.302757 2.048380 39.807739
v 72.353233 2.048380 39.828648
v 72.353241 5.048379 39.828648
v 72.353241 5.048379 39.828648
v 72.302765 5.048379 39.807739
v 72.302757 2.048380 39.807739
v 72.353233 2.048380 39.828648
v 72.403709 2.048380 39.807739
v 72.403717 5.048379 39.807739
v 72.403717 5.048379 39.807739
v 72.353241 5.048379 39.828648
v 72.353233 2.048380 39.828648
v 72.403709 2.048380 39.807739
v 72.424622 2.048380 39.757267
v 72.424622 5.048379 39.757267
v 72.424622 5.048379 39.757267
v 72.403717 5.048379 39.807739
v 72.403709 2.048380 39.807739
v 72.403717 5.048379 39.706791
v 72.353241 5.048379 39.685883
v 72.302765 5.048379 39.706791
v 72.302765 5.048379 39.706791
v 72.281853 5.048379 39.757267
v 72.302765 5.048379 39.807739
v 72.302765 5.048379 39.807739
v 72.353241 5.048379 39.828648
v 72.403717 5.048379 39.807739
v 72.302765 5.048379 39.706791
v 72.302765 5.048379 39.807739
v 72.403717 5.048379 39.807739
v 72.403717 5.048379 39.706791
v 72.302765 5.048379 39.706791
v 72.403717 5.048379 39.807739
v 72.424622 5.048379 39.757267
v 72.403717 5.048379 39.706791
v 72.403717 5.048379 39.807739
v 66.137360 2.048380 39.900936
v 66.187836 2.048380 39.880028
v 66.187836 5.048379 39.880032
v 66.187836 5.048379 39.880032
v 66.137360 5.048379 39.900936
v 66.137360 2.048380 39.900936
v 66.187836 2.048380 39.880028
v 66.208740 2.048380 39.829552
v 66.208740 5.048379 39.829556
v 66.208740 5.048379 39.829556
v 66.187836 5.048379 39.880032
v 66.187836 2.048380 39.880028
v 66.208740 2.048380 39.829552
v 66.187836 2.048380 39.779076
v 66.187836 5.048379 39.779079
v 66.187836 5.048379 39.779079
v 66.208740 5.048379 39.829556
v 66.208740 2.048380 39.829552
v 66.187836 2.048380 39.779076
v 66.137360 2.048380 39.758171
v 66.137360 5.048379 39.758171
v 66.137360 5.048379 39.758171
v 66.187836 5.048379 39.779079
v 66.187836 2.048380 39.779076
v 66.137360 2.048380 39.758171
v 66.086884 2.048380 39.779076
v 66.086884 5.048379 39.779079
v 66.086884 5.048379 39.779079
v 66.137360 5.048379 39.758171
v 66.137360 2.048380 39.758171
v 66.086884 2.048380 39.779076
v 66.065979 2.048380 39.829552
v 66.065979 5.048379 39.829556
v 66.065979 5.048379 39.829556
v 66.086884 5.048379 39.779079
v 66.086884 2.048380 39.779076
v 66.065979 2.048380 39.829552
v 66.086884 2.048380 39.880028
v 66.086884 5.048379 39.880032
v 66.086884 5.048379 39.880032
v 66.065979 5.048379 39.829556
v 66.065979 2.048380 39.829552
v 66.086884 2.048380 39.880028
v 66.137360 2.048380 39.900936
v 66.137360 5.048379 39.900936
v 66.137360 5.048379 39.900936
v 66.086884 5.048379 39.880032
v 66.086884 2.048380 39.880028
v 66.187836 5.048379 39.880032
v 66.208740 5.048379 39.829556
v 66.187836 5.048379 39.779079
v 66.187836 5.048379 39.779079
v 66.137360 5.048379 39.758171
v 66.086884 5.048379 39.779079
v 66.086884 5.048379 39.779079
v 66.065979 5.048379 39.829556
v 66.086884 5.048379 39.880032
v 66.187836 5.048379 39.779079
v 66.086884 5.048379 39.779079
v 66.086884 5.048379 39.880032
v 66.187836 5.048379 39.880032
v 66.187836 5.048379 39.779079
v 66.086884 5.048379 39.880032
v 66.137360 5.048379 39.900936
v 66.187836 5.048379 39.880032
v 66.086884 5.048379 39.880032
v 60.184448 2.048380 39.900936
v 60.234924 2.048380 39.880028
v 60.234924 5.048379 39.880032
v 60.234924 5.048379 39.880032
v 60.184448 5.048379 39.900936
v 60.184448 2.048380 39.900936
v 60.234924 2.048380 39.880028
v 60.255829 2.048380 39.829552
v 60.255829 5.048379 39.829556
v 60.255829 5.048379 39.829556
v 60.234924 5.048379 39.880032
v 60.234924 2.048380 39.880028
v 60.255829 2.048380 39.829552
v 60.234924 2.048380 39.779076
v 60.234924 5.048379 39.779079
v 60.234924 5.048379 39.779079
v 60.255829 5.048379 39.829556
v 60.255829 2.048380 39.829552
v 60.234924 2.048380 39.779076
v 60.184448 2.048380 39.758171
v 60.184448 5.048379 39.758171
v 60.184448 5.048379 39.758171
v 60.234924 5.048379 39.779079
v 60.234924 2.048380 39.779076
v 60.184448 2.048380 39.758171
v 60.133972 2.048380 39.779076
v 60.133972 5.048379 39.779079
v 60.133972 5.048379 39.779079
v 60.184448 5.048379 39.758171
v 60.184448 2.048380 39.758171
v 60.133972 2.048380 39.779076
v 60.113064 2.048380 39.829552
v 60.113064 5.048379 39.829556
v 60.113064 5.048379 39.829556
v 60.133972 5.048379 39.779079
v 60.133972 2.048380 39.779076
v 60.113064 2.048380 39.829552
v 60.133972 2.048380 39.880028
v 60.133972 5.048379 39.880032
v 60.133972 5.048379 39.880032
v 60.113064 5.048379 39.829556
v 60.113064 2.048380 39.829552
v 60.133972 2.048380 39.880028
v 60.184448 2.048380 39.900936
v 60.184448 5.048379 39.900936
v 60.184448 5.048379 39.900936
v 60.133972 5.048379 39.880032
v 60.133972 2.048380 39.880028
v 60.234924 5.048379 39.880032
v 60.255829 5.048379 39.829556
v 60.234924 5.048379 39.779079
v 60.234924 5.048379 39.779079
v 60.184448 5.048379 39.758171
v 60.133972 5.048379 39.779079
v 60.133972 5.048379 39.779079
v 60.113064 5.048379 39.829556
v 60.133972 5.048379 39.880032
v 60.234924 5.048379 39.779079
v 60.133972 5.048379 39.779079
v 60.133972 5.048379 39.880032
v 60.234924 5.048379 39.880032
v 60.234924 5.048379 39.779079
v 60.133972 5.048379 39.880032
v 60.184448 5.048379 39.900936
v 60.234924 5.048379 39.880032
v 60.133972 5.048379 39.880032
v 52.844139 2.048380 39.900936
v 52.894615 2.048380 39.880028
v 52.894615 5.048379 39.880032
v 52.894615 5.048379 39.880032
v 52.844139 5.048379 39.900936
v 52.844139 2.048380 39.900936
v 52.894615 2.048380 39.880028
v 52.915520 2.048380 39.829552
v 52.915520 5.048379 39.829556
v 52.915520 5.048379 39.829556
v 52.894615 5.048379 39.880032
v 52.894615 2.048380 39.880028
v 52.915520 2.048380 39.829552
v 52.894615 2.048380 39.779076
v 52.894615 5.048379 39.779079
v 52.894615 5.048379 39.779079
v 52.915520 5.048379 39.829556
v 52.915520 2.048380 39.829552
v 52.894615 2.048380 39.779076
v 52.844139 2.048380 39.758171
v 52.844139 5.048379 39.758171
v 52.844139 5.048379 39.758171
v 52.894615 5.048379 39.779079
v 52.894615 2.048380 39.779076
v 52.844139 2.048380 39.758171
v 52.793663 2.048380 39.779076
v 52.793663 5.048379 39.779079
v 52.793663 5.048379 39.779079
v 52.844139 5.048379 39.758171
v 52.844139 2.048380 39.758171
v 52.793663 2.048380 39.779076
v 52.772758 2.048380 39.829552
v 52.772755 5.048379 39.829556
v 52.772755 5.048379 39.829556
v 52.793663 5.048379 39.779079
v 52.793663 2.048380 39.779076
v 52.772758 2.048380 39.829552
v 52.793663 2.048380 39.880028
v 52.793663 5.048379 39.880032
v 52.793663 5.048379 39.880032
v 52.772755 5.048379 39.829556
v 52.772758 2.048380 39.829552
v 52.793663 2.048380 39.880028
v 52.844139 2.048380 39.900936
v 52.844139 5.048379 39.900936
v 52.844139 5.048379 39.900936
v 52.793663 5.048379 39.880032
v 52.793663 2.048380 39.880028
v 52.894615 5.048379 39.880032
v 52.915520 5.048379 39.829556
v 52.894615 5.048379 39.779079
v 52.894615 5.048379 39.779079
v 52.844139 5.048379 39.758171
v 52.793663 5.048379 39.779079
v 52.793663 5.048379 39.779079
v 52.772755 5.048379 39.829556
v 52.793663 5.048379 39.880032
v 52.894615 5.048379 39.779079
v 52.793663 5.048379 39.779079
v 52.793663 5.048379 39.880032
v 52.894615 5.048379 39.880032
v 52.894615 5.048379 39.779079
v 52.793663 5.048379 39.880032
v 52.844139 5.048379 39.900936
v 52.894615 5.048379 39.880032
v 52.793663 5.048379 39.880032
v 45.582848 2.048380 39.900936
v 45.633324 2.048380 39.880028
v 45.633324 5.048379 39.880032
v 45.633324 5.048379 39.880032
v 45.582848 5.048379 39.900936
v 45.582848 2.048380 39.900936
v 45.633324 2.048380 39.880028
v 45.654228 2.048380 39.829552
v 45.654228 5.048379 39.829556
v 45.654228 5.048379 39.829556
v 45.633324 5.048379 39.880032
v 45.633324 2.048380 39.880028
v 45.654228 2.048380 39.829552
v 45.633324 2.048380 39.779076
v 45.633324 5.048379 39.779079
v 45.633324 5.048379 39.779079
v 45.654228 5.048379 39.829556
v 45.654228 2.048380 39.829552
v 45.633324 2.048380 39.779076
v 45.582848 2.048380 39.758171
v 45.582848 5.048379 39.758171
v 45.582848 5.048379 39.758171
v 45.633324 5.048379 39.779079
v 45.633324 2.048380 39.779076
v 45.582848 2.048380 39.758171
v 45.532372 2.048380 39.779076
v 45.532372 5.048379 39.779079
v 45.532372 5.048379 39.779079
v 45.582848 5.048379 39.758171
v 45.582848 2.048380 39.758171
v 45.532372 2.048380 39.779076
v 45.511467 2.048380 39.829552
v 45.511463 5.048379 39.829556
v 45.511463 5.048379 39.829556
v 45.532372 5.048379 39.779079
v 45.532372 2.048380 39.779076
v 45.511467 2.048380 39.829552
v 45.532372 2.048380 39.880028
v 45.532372 5.048379 39.880032
v 45.532372 5.048379 39.880032
v 45.511463 5.048379 39.829556
v 45.511467 2.048380 39.829552
v 45.532372 2.048380 39.880028
v 45.582848 2.048380 39.900936
v 45.582848 5.048379 39.900936
v 45.582848 5.048379 39.900936
v 45.532372 5.048379 39.880032
v 45.532372 2.048380 39.880028
v 45.633324 5.048379 39.880032
v 45.654228 5.048379 39.829556
v 45.633324 5.048379 39.779079
v 45.633324 5.048379 39.779079
v 45.582848 5.048379 39.758171
v 45.532372 5.048379 39.779079
v 45.532372 5.048379 39.779079
v 45.511463 5.048379 39.829556
v 45.532372 5.048379 39.880032
v 45.633324 5.048379 39.779079
v 45.532372 5.048379 39.779079
v 45.532372 5.048379 39.880032
v 45.633324 5.048379 39.880032
v 45.633324 5.048379 39.779079
v 45.532372 5.048379 39.880032
v 45.582848 5.048379 39.900936
v 45.633324 5.048379 39.880032
v 45.532372 5.048379 39.880032
v 40.731804 4.913254 39.810471
v 66.145752 4.913254 39.810471
v 66.145752 4.890065 39.810471
v 40.731804 4.873091 39.810467
v 66.145752 4.873091 39.810471
v 66.145752 4.873091 39.833817
v 40.731804 4.873091 39.850903
v 40.731804 4.873091 39.810467
v 40.731804 4.913254 39.850903
v 40.731804 4.873091 39.850903
v 66.145752 4.873091 39.850903
v 66.145752 4.896280 39.850903
v 66.145752 4.913254 39.850903
v 66.145752 4.913254 39.827560
v 40.731804 4.913254 39.810471
v 40.731804 4.913254 39.850903
v 37.803944 4.873091 39.810467
v 37.803944 4.913254 39.810467
v 40.731804 4.913254 39.810471
v 40.731804 4.913254 39.810471
v 40.731804 4.873091 39.810467
v 37.803944 4.873091 39.810467
v 40.731804 4.873091 39.850903
v 37.763512 4.873091 39.850899
v 37.803944 4.873091 39.810467
v 37.803944 4.873091 39.810467
v 40.731804 4.873091 39.810467
v 40.731804 4.873091 39.850903
v 37.763512 4.913254 39.850899
v 37.763512 4.873091 39.850899
v 40.731804 4.873091 39.850903
v 40.731804 4.873091 39.850903
v 40.731804 4.913254 39.850903
v 37.763512 4.913254 39.850899
v 37.803944 4.913254 39.810467
v 37.763512 4.913254 39.850899
v 40.731804 4.913254 39.850903
v 40.731804 4.913254 39.850903
v 40.731804 4.913254 39.810471
v 37.803944 4.913254 39.810467
v 40.731804 2.250915 39.810471
v 66.145752 2.250915 39.810471
v 66.145752 2.227726 39.810471
v 40.731804 2.210751 39.810467
v 66.145752 2.210751 39.810471
v 66.145752 2.210751 39.833817
v 40.731804 2.210751 39.850903
v 40.731804 2.210751 39.810467
v 40.731804 2.250915 39.850903
v 40.731804 2.210751 39.850903
v 66.145752 2.210751 39.850903
v 66.145752 2.233941 39.850903
v 40.731804 2.250915 39.810471
v 40.731804 2.250915 39.850903
v 66.145752 2.250915 39.850903
v 66.145752 2.250915 39.827560
v 37.803944 2.210751 39.810467
v 37.803944 2.250915 39.810467
v 40.731804 2.250915 39.810471
v 40.731804 2.250915 39.810471
v 40.731804 2.210751 39.810467
v 37.803944 2.210751 39.810467
v 40.731804 2.210751 39.850903
v 37.763512 2.210751 39.850899
v 37.803944 2.210751 39.810467
v 37.803944 2.210751 39.810467
v 40.731804 2.210751 39.810467
v 40.731804 2.210751 39.850903
v 37.763512 2.250915 39.850899
v 37.763512 2.210751 39.850899
v 40.731804 2.210751 39.850903
v 40.731804 2.210751 39.850903
v 40.731804 2.250915 39.850903
v 37.763512 2.250915 39.850899
v 37.803944 2.250915 39.810467
v 37.763512 2.250915 39.850899
v 40.731804 2.250915 39.850903
v 40.731804 2.250915 39.850903
v 40.731804 2.250915 39.810471
v 37.803944 2.250915 39.810467
v 66.145752 4.873091 39.810471
v 40.731804 4.873091 39.810467
v 66.145752 4.890065 39.810471
v 66.145752 4.873091 39.850903
v 40.731804 4.873091 39.850903
v 66.145752 4.873091 39.833817
v 66.145752 4.913254 39.850903
v 40.731804 4.913254 39.850903
v 66.145752 4.896280 39.850903
v 66.145752 4.913254 39.810471
v 40.731804 4.913254 39.810471
v 66.145752 4.913254 39.827560
v 66.145752 2.210751 39.810471
v 40.731804 2.210751 39.810467
v 66.145752 2.227726 39.810471
v 66.145752 2.210751 39.850903
v 40.731804 2.210751 39.850903
v 66.145752 2.210751 39.833817
v 66.145752 2.250915 39.850903
v 40.731804 2.250915 39.850903
v 66.145752 2.233941 39.850903
v 66.145752 2.250915 39.810471
v 40.731804 2.250915 39.810471
v 66.145752 2.250915 39.827560
v 72.367599 4.913254 39.840553
v 72.367599 4.896221 39.840553
v 66.169189 4.892043 39.810471
v 66.169189 4.913254 39.810471
v 72.384743 4.873091 39.837132
v 66.169189 4.873091 39.831825
v 66.169189 4.873091 39.810471
v 72.367599 4.873091 39.840553
v 72.408035 4.873091 39.832485
v 72.408035 4.890120 39.832485
v 66.169189 4.894303 39.850903
v 66.169189 4.873091 39.850903
v 72.390884 4.913254 39.835907
v 66.169189 4.913254 39.829552
v 66.169189 4.913254 39.850903
v 72.408035 4.913254 39.832485
v 72.367599 2.250915 39.840553
v 72.367599 2.233881 39.840553
v 66.169189 2.229702 39.810471
v 66.169189 2.250915 39.810471
v 72.384743 2.210751 39.837132
v 66.169189 2.210751 39.831825
v 66.169189 2.210751 39.810471
v 72.367599 2.210751 39.840553
v 72.408035 2.210751 39.832485
v 72.408035 2.227779 39.832485
v 66.169189 2.231963 39.850903
v 66.169189 2.210751 39.850903
v 72.390884 2.250915 39.835907
v 66.169189 2.250915 39.829552
v 66.169189 2.250915 39.850903
v 72.408035 2.250915 39.832485
v 66.169189 4.873091 39.810471
v 66.169189 4.892043 39.810471
v 72.367599 4.896221 39.840553
v 72.367599 4.873091 39.840553
v 72.408035 4.873091 39.832485
v 66.169189 4.873091 39.850903
v 66.169189 4.873091 39.831825
v 72.384743 4.873091 39.837132
v 66.169189 4.913254 39.850903
v 66.169189 4.894303 39.850903
v 72.408035 4.890120 39.832485
v 72.408035 4.913254 39.832485
v 72.367599 4.913254 39.840553
v 66.169189 4.913254 39.810471
v 66.169189 4.913254 39.829552
v 72.390884 4.913254 39.835907
v 66.169189 2.210751 39.810471
v 66.169189 2.229702 39.810471
v 72.367599 2.233881 39.840553
v 72.367599 2.210751 39.840553
v 72.408035 2.210751 39.832485
v 66.169189 2.210751 39.850903
v 66.169189 2.210751 39.831825
v 72.384743 2.210751 39.837132
v 66.169189 2.250915 39.850903
v 66.169189 2.231963 39.850903
v 72.408035 2.227779 39.832485
v 72.408035 2.250915 39.832485
v 72.367599 2.250915 39.840553
v 66.169189 2.250915 39.810471
v 66.169189 2.250915 39.829552
v 72.390884 2.250915 39.835907
v 3.142670 2.048380 39.900936
v 3.193146 2.048380 39.880028
v 3.193146 5.048379 39.880032
v 3.193146 5.048379 39.880032
v 3.142670 5.048379 39.900936
v 3.142670 2.048380 39.900936
v 3.193146 2.048380 39.880028
v 3.214054 2.048380 39.829552
v 3.214054 5.048379 39.829556
v 3.214054 5.048379 39.829556
v 3.193146 5.048379 39.880032
v 3.193146 2.048380 39.880028
v 3.214054 2.048380 39.829552
v 3.193146 2.048380 39.779076
v 3.193146 5.048379 39.779079
v 3.193146 5.048379 39.779079
v 3.214054 5.048379 39.829556
v 3.214054 2.048380 39.829552
v 3.193146 2.048380 39.779076
v 3.142670 2.048380 39.758171
v 3.142670 5.048379 39.758171
v 3.142670 5.048379 39.758171
v 3.193146 5.048379 39.779079
v 3.193146 2.048380 39.779076
v 3.142670 2.048380 39.758171
v 3.092194 2.048380 39.779076
v 3.092194 5.048379 39.779079
v 3.092194 5.048379 39.779079
v 3.142670 5.048379 39.758171
v 3.142670 2.048380 39.758171
v 3.092194 2.048380 39.779076
v 3.071285 2.048380 39.829552
v 3.071281 5.048379 39.829556
v 3.071281 5.048379 39.829556
v 3.092194 5.048379 39.779079
v 3.092194 2.048380 39.779076
v 3.071285 2.048380 39.829552
v 3.092194 2.048380 39.880028
v 3.092194 5.048379 39.880032
v 3.092194 5.048379 39.880032
v 3.071281 5.048379 39.829556
v 3.071285 2.048380 39.829552
v 3.092194 2.048380 39.880028
v 3.142670 2.048380 39.900936
v 3.142670 5.048379 39.900936
v 3.142670 5.048379 39.900936
v 3.092194 5.048379 39.880032
v 3.092194 2.048380 39.880028
v 3.193146 5.048379 39.880032
v 3.214054 5.048379 39.829556
v 3.193146 5.048379 39.779079
v 3.193146 5.048379 39.779079
v 3.142670 5.048379 39.758171
v 3.092194 5.048379 39.779079
v 3.092194 5.048379 39.779079
v 3.071281 5.048379 39.829556
v 3.092194 5.048379 39.880032
v 3.193146 5.048379 39.779079
v 3.092194 5.048379 39.779079
v 3.092194 5.048379 39.880032
v 3.193146 5.048379 39.880032
v 3.193146 5.048379 39.779079
v 3.092194 5.048379 39.880032
v 3.142670 5.048379 39.900936
v 3.193146 5.048379 39.880032
v 3.092194 5.048379 39.880032
v 37.760799 2.048380 39.757267
v 37.739891 2.048380 39.706791
v 37.739895 5.048379 39.706791
v 37.739895 5.048379 39.706791
v 37.760799 5.048379 39.757267
v 37.760799 2.048380 39.757267
v 37.739891 2.048380 39.706791
v 37.689415 2.048380 39.685883
v 37.689419 5.048379 39.685883
v 37.689419 5.048379 39.685883
v 37.739895 5.048379 39.706791
v 37.739891 2.048380 39.706791
v 37.689415 2.048380 39.685883
v 37.638939 2.048380 39.706791
v 37.638943 5.048379 39.706791
v 37.638943 5.048379 39.706791
v 37.689419 5.048379 39.685883
v 37.689415 2.048380 39.685883
v 37.638939 2.048380 39.706791
v 37.618034 2.048380 39.757267
v 37.618034 5.048379 39.757267
v 37.618034 5.048379 39.757267
v 37.638943 5.048379 39.706791
v 37.638939 2.048380 39.706791
v 37.618034 2.048380 39.757267
v 37.638939 2.048380 39.807739
v 37.638943 5.048379 39.807739
v 37.638943 5.048379 39.807739
v 37.618034 5.048379 39.757267
v 37.618034 2.048380 39.757267
v 37.638939 2.048380 39.807739
v 37.689415 2.048380 39.828648
v 37.689419 5.048379 39.828648
v 37.689419 5.048379 39.828648
v 37.638943 5.048379 39.807739
v 37.638939 2.048380 39.807739
v 37.689415 2.048380 39.828648
v 37.739891 2.048380 39.807739
v 37.739895 5.048379 39.807739
v 37.739895 5.048379 39.807739
v 37.689419 5.048379 39.828648
v 37.689415 2.048380 39.828648
v 37.739891 2.048380 39.807739
v 37.760799 2.048380 39.757267
v 37.760799 5.048379 39.757267
v 37.760799 5.048379 39.757267
v 37.739895 5.048379 39.807739
v 37.739891 2.048380 39.807739
v 37.739895 5.048379 39.706791
v 37.689419 5.048379 39.685883
v 37.638943 5.048379 39.706791
v 37.638943 5.048379 39.706791
v 37.618034 5.048379 39.757267
v 37.638943 5.048379 39.807739
v 37.638943 5.048379 39.807739
v 37.689419 5.048379 39.828648
v 37.739895 5.048379 39.807739
v 37.638943 5.048379 39.706791
v 37.638943 5.048379 39.807739
v 37.739895 5.048379 39.807739
v 37.739895 5.048379 39.706791
v 37.638943 5.048379 39.706791
v 37.739895 5.048379 39.807739
v 37.760799 5.048379 39.757267
v 37.739895 5.048379 39.706791
v 37.739895 5.048379 39.807739
v 31.473541 2.048380 39.900936
v 31.524017 2.048380 39.880028
v 31.524017 5.048379 39.880032
v 31.524017 5.048379 39.880032
v 31.473541 5.048379 39.900936
v 31.473541 2.048380 39.900936
v 31.524017 2.048380 39.880028
v 31.544926 2.048380 39.829552
v 31.544926 5.048379 39.829556
v 31.544926 5.048379 39.829556
v 31.524017 5.048379 39.880032
v 31.524017 2.048380 39.880028
v 31.544926 2.048380 39.829552
v 31.524017 2.048380 39.779076
v 31.524017 5.048379 39.779079
v 31.524017 5.048379 39.779079
v 31.544926 5.048379 39.829556
v 31.544926 2.048380 39.829552
v 31.524017 2.048380 39.779076
v 31.473541 2.048380 39.758171
v 31.473541 5.048379 39.758171
v 31.473541 5.048379 39.758171
v 31.524017 5.048379 39.779079
v 31.524017 2.048380 39.779076
v 31.473541 2.048380 39.758171
v 31.423065 2.048380 39.779076
v 31.423065 5.048379 39.779079
v 31.423065 5.048379 39.779079
v 31.473541 5.048379 39.758171
v 31.473541 2.048380 39.758171
v 31.423065 2.048380 39.779076
v 31.402161 2.048380 39.829552
v 31.402161 5.048379 39.829556
v 31.402161 5.048379 39.829556
v 31.423065 5.048379 39.779079
v 31.423065 2.048380 39.779076
v 31.402161 2.048380 39.829552
v 31.423065 2.048380 39.880028
v 31.423065 5.048379 39.880032
v 31.423065 5.048379 39.880032
v 31.402161 5.048379 39.829556
v 31.402161 2.048380 39.829552
v 31.423065 2.048380 39.880028
v 31.473541 2.048380 39.900936
v 31.473541 5.048379 39.900936
v 31.473541 5.048379 39.900936
v 31.423065 5.048379 39.880032
v 31.423065 2.048380 39.880028
v 31.524017 5.048379 39.880032
v 31.544926 5.048379 39.829556
v 31.524017 5.048379 39.779079
v 31.524017 5.048379 39.779079
v 31.473541 5.048379 39.758171
v 31.423065 5.048379 39.779079
v 31.423065 5.048379 39.779079
v 31.402161 5.048379 39.829556
v 31.423065 5.048379 39.880032
v 31.524017 5.048379 39.779079
v 31.423065 5.048379 39.779079
v 31.423065 5.048379 39.880032
v 31.524017 5.048379 39.880032
v 31.524017 5.048379 39.779079
v 31.423065 5.048379 39.880032
v 31.473541 5.048379 39.900936
v 31.524017 5.048379 39.880032
v 31.423065 5.048379 39.880032
v 25.520630 2.048380 39.900936
v 25.571104 2.048380 39.880028
v 25.571104 5.048379 39.880032
v 25.571104 5.048379 39.880032
v 25.520628 5.048379 39.900936
v 25.520630 2.048380 39.900936
v 25.571104 2.048380 39.880028
v 25.592012 2.048380 39.829552
v 25.592012 5.048379 39.829556
v 25.592012 5.048379 39.829556
v 25.571104 5.048379 39.880032
v 25.571104 2.048380 39.880028
v 25.592012 2.048380 39.829552
v 25.571104 2.048380 39.779076
v 25.571104 5.048379 39.779079
v 25.571104 5.048379 39.779079
v 25.592012 5.048379 39.829556
v 25.592012 2.048380 39.829552
v 25.571104 2.048380 39.779076
v 25.520630 2.048380 39.758171
v 25.520628 5.048379 39.758171
v 25.520628 5.048379 39.758171
v 25.571104 5.048379 39.779079
v 25.571104 2.048380 39.779076
v 25.520630 2.048380 39.758171
v 25.470154 2.048380 39.779076
v 25.470154 5.048379 39.779079
v 25.470154 5.048379 39.779079
v 25.520628 5.048379 39.758171
v 25.520630 2.048380 39.758171
v 25.470154 2.048380 39.779076
v 25.449245 2.048380 39.829552
v 25.449245 5.048379 39.829556
v 25.449245 5.048379 39.829556
v 25.470154 5.048379 39.779079
v 25.470154 2.048380 39.779076
v 25.449245 2.048380 39.829552
v 25.470154 2.048380 39.880028
v 25.470154 5.048379 39.880032
v 25.470154 5.048379 39.880032
v 25.449245 5.048379 39.829556
v 25.449245 2.048380 39.829552
v 25.470154 2.048380 39.880028
v 25.520630 2.048380 39.900936
v 25.520628 5.048379 39.900936
v 25.520628 5.048379 39.900936
v 25.470154 5.048379 39.880032
v 25.470154 2.048380 39.880028
v 25.571104 5.048379 39.880032
v 25.592012 5.048379 39.829556
v 25.571104 5.048379 39.779079
v 25.571104 5.048379 39.779079
v 25.520628 5.048379 39.758171
v 25.470154 5.048379 39.779079
v 25.470154 5.048379 39.779079
v 25.449245 5.048379 39.829556
v 25.470154 5.048379 39.880032
v 25.571104 5.048379 39.779079
v 25.470154 5.048379 39.779079
v 25.470154 5.048379 39.880032
v 25.571104 5.048379 39.880032
v 25.571104 5.048379 39.779079
v 25.470154 5.048379 39.880032
v 25.520628 5.048379 39.900936
v 25.571104 5.048379 39.880032
v 25.470154 5.048379 39.880032
v 18.180321 2.048380 39.900936
v 18.230797 2.048380 39.880028
v 18.230797 5.048379 39.880032
v 18.230797 5.048379 39.880032
v 18.180321 5.048379 39.900936
v 18.180321 2.048380 39.900936
v 18.230797 2.048380 39.880028
v 18.251703 2.048380 39.829552
v 18.251703 5.048379 39.829556
v 18.251703 5.048379 39.829556
v 18.230797 5.048379 39.880032
v 18.230797 2.048380 39.880028
v 18.251703 2.048380 39.829552
v 18.230797 2.048380 39.779076
v 18.230797 5.048379 39.779079
v 18.230797 5.048379 39.779079
v 18.251703 5.048379 39.829556
v 18.251703 2.048380 39.829552
v 18.230797 2.048380 39.779076
v 18.180321 2.048380 39.758171
v 18.180321 5.048379 39.758171
v 18.180321 5.048379 39.758171
v 18.230797 5.048379 39.779079
v 18.230797 2.048380 39.779076
v 18.180321 2.048380 39.758171
v 18.129845 2.048380 39.779076
v 18.129845 5.048379 39.779079
v 18.129845 5.048379 39.779079
v 18.180321 5.048379 39.758171
v 18.180321 2.048380 39.758171
v 18.129845 2.048380 39.779076
v 18.108938 2.048380 39.829552
v 18.108936 5.048379 39.829556
v 18.108936 5.048379 39.829556
v 18.129845 5.048379 39.779079
v 18.129845 2.048380 39.779076
v 18.108938 2.048380 39.829552
v 18.129845 2.048380 39.880028
v 18.129845 5.048379 39.880032
v 18.129845 5.048379 39.880032
v 18.108936 5.048379 39.829556
v 18.108938 2.048380 39.829552
v 18.129845 2.048380 39.880028
v 18.180321 2.048380 39.900936
v 18.180321 5.048379 39.900936
v 18.180321 5.048379 39.900936
v 18.129845 5.048379 39.880032
v 18.129845 2.048380 39.880028
v 18.230797 5.048379 39.880032
v 18.251703 5.048379 39.829556
v 18.230797 5.048379 39.779079
v 18.230797 5.048379 39.779079
v 18.180321 5.048379 39.758171
v 18.129845 5.048379 39.779079
v 18.129845 5.048379 39.779079
v 18.108936 5.048379 39.829556
v 18.129845 5.048379 39.880032
v 18.230797 5.048379 39.779079
v 18.129845 5.048379 39.779079
v 18.129845 5.048379 39.880032
v 18.230797 5.048379 39.880032
v 18.230797 5.048379 39.779079
v 18.129845 5.048379 39.880032
v 18.180321 5.048379 39.900936
v 18.230797 5.048379 39.880032
v 18.129845 5.048379 39.880032
v 10.919029 2.048380 39.900936
v 10.969505 2.048380 39.880028
v 10.969505 5.048379 39.880032
v 10.969505 5.048379 39.880032
v 10.919029 5.048379 39.900936
v 10.919029 2.048380 39.900936
v 10.969505 2.048380 39.880028
v 10.990410 2.048380 39.829552
v 10.990410 5.048379 39.829556
v 10.990410 5.048379 39.829556
v 10.969505 5.048379 39.880032
v 10.969505 2.048380 39.880028
v 10.990410 2.048380 39.829552
v 10.969505 2.048380 39.779076
v 10.969505 5.048379 39.779079
v 10.969505 5.048379 39.779079
v 10.990410 5.048379 39.829556
v 10.990410 2.048380 39.829552
v 10.969505 2.048380 39.779076
v 10.919029 2.048380 39.758171
v 10.919029 5.048379 39.758171
v 10.919029 5.048379 39.758171
v 10.969505 5.048379 39.779079
v 10.969505 2.048380 39.779076
v 10.919029 2.048380 39.758171
v 10.868553 2.048380 39.779076
v 10.868553 5.048379 39.779079
v 10.868553 5.048379 39.779079
v 10.919029 5.048379 39.758171
v 10.919029 2.048380 39.758171
v 10.868553 2.048380 39.779076
v 10.847649 2.048380 39.829552
v 10.847645 5.048379 39.829556
v 10.847645 5.048379 39.829556
v 10.868553 5.048379 39.779079
v 10.868553 2.048380 39.779076
v 10.847649 2.048380 39.829552
v 10.868553 2.048380 39.880028
v 10.868553 5.048379 39.880032
v 10.868553 5.048379 39.880032
v 10.847645 5.048379 39.829556
v 10.847649 2.048380 39.829552
v 10.868553 2.048380 39.880028
v 10.919029 2.048380 39.900936
v 10.919029 5.048379 39.900936
v 10.919029 5.048379 39.900936
v 10.868553 5.048379 39.880032
v 10.868553 2.048380 39.880028
v 10.969505 5.048379 39.880032
v 10.990410 5.048379 39.829556
v 10.969505 5.048379 39.779079
v 10.969505 5.048379 39.779079
v 10.919029 5.048379 39.758171
v 10.868553 5.048379 39.779079
v 10.868553 5.048379 39.779079
v 10.847645 5.048379 39.829556
v 10.868553 5.048379 39.880032
v 10.969505 5.048379 39.779079
v 10.868553 5.048379 39.779079
v 10.868553 5.048379 39.880032
v 10.969505 5.048379 39.880032
v 10.969505 5.048379 39.779079
v 10.868553 5.048379 39.880032
v 10.919029 5.048379 39.900936
v 10.969505 5.048379 39.880032
v 10.868553 5.048379 39.880032
v 6.067986 4.913254 39.810471
v 31.481934 4.913254 39.810471
v 31.481934 4.890065 39.810471
v 6.067986 4.873091 39.810467
v 31.481934 4.873091 39.810471
v 31.481934 4.873091 39.833817
v 6.067986 4.873091 39.850903
v 6.067986 4.873091 39.810467
v 6.067986 4.913254 39.850903
v 6.067986 4.873091 39.850903
v 31.481934 4.873091 39.850903
v 31.481934 4.896280 39.850903
v 31.481934 4.913254 39.850903
v 31.481934 4.913254 39.827560
v 6.067986 4.913254 39.810471
v 6.067986 4.913254 39.850903
v 3.140125 4.873091 39.810467
v 3.140125 4.913254 39.810467
v 6.067986 4.913254 39.810471
v 6.067986 4.913254 39.810471
v 6.067986 4.873091 39.810467
v 3.140125 4.873091 39.810467
v 6.067986 4.873091 39.850903
v 3.099693 4.873091 39.850899
v 3.140125 4.873091 39.810467
v 3.140125 4.873091 39.810467
v 6.067986 4.873091 39.810467
v 6.067986 4.873091 39.850903
v 3.099693 4.913254 39.850899
v 3.099693 4.873091 39.850899
v 6.067986 4.873091 39.850903
v 6.067986 4.873091 39.850903
v 6.067986 4.913254 39.850903
v 3.099693 4.913254 39.850899
v 3.140125 4.913254 39.810467
v 3.099693 4.913254 39.850899
v 6.067986 4.913254 39.850903
v 6.067986 4.913254 39.850903
v 6.067986 4.913254 39.810471
v 3.140125 4.913254 39.810467
v 6.067986 2.250915 39.810471
v 31.481934 2.250915 39.810471
v 31.481934 2.227726 39.810471
v 6.067986 2.210751 39.810467
v 31.481934 2.210751 39.810471
v 31.481934 2.210751 39.833817
v 6.067986 2.210751 39.850903
v 6.067986 2.210751 39.810467
v 6.067986 2.250915 39.850903
v 6.067986 2.210751 39.850903
v 31.481934 2.210751 39.850903
v 31.481934 2.233941 39.850903
v 6.067986 2.250915 39.810471
v 6.067986 2.250915 39.850903
v 31.481934 2.250915 39.850903
v 31.481934 2.250915 39.827560
v 3.140125 2.210751 39.810467
v 3.140125 2.250915 39.810467
v 6.067986 2.250915 39.810471
v 6.067986 2.250915 39.810471
v 6.067986 2.210751 39.810467
v 3.140125 2.210751 39.810467
v 6.067986 2.210751 39.850903
v 3.099693 2.210751 39.850899
v 3.140125 2.210751 39.810467
v 3.140125 2.210751 39.810467
v 6.067986 2.210751 39.810467
v 6.067986 2.210751 39.850903
v 3.099693 2.250915 39.850899
v 3.099693 2.210751 39.850899
v 6.067986 2.210751 39.850903
v 6.067986 2.210751 39.850903
v 6.067986 2.250915 39.850903
v 3.099693 2.250915 39.850899
v 3.140125 2.250915 39.810467
v 3.099693 2.250915 39.850899
v 6.067986 2.250915 39.850903
v 6.067986 2.250915 39.850903
v 6.067986 2.250915 39.810471
v 3.140125 2.250915 39.810467
v 31.481934 4.873091 39.810471
v 6.067986 4.873091 39.810467
v 31.481934 4.890065 39.810471
v 31.481934 4.873091 39.850903
v 6.067986 4.873091 39.850903
v 31.481934 4.873091 39.833817
v 31.481934 4.913254 39.850903
v 6.067986 4.913254 39.850903
v 31.481934 4.896280 39.850903
v 31.481934 4.913254 39.810471
v 6.067986 4.913254 39.810471
v 31.481934 4.913254 39.827560
v 31.481934 2.210751 39.810471
v 6.067986 2.210751 39.810467
v 31.481934 2.227726 39.810471
v 31.481934 2.210751 39.850903
v 6.067986 2.210751 39.850903
v 31.481934 2.210751 39.833817
v 31.481934 2.250915 39.850903
v 6.067986 2.250915 39.850903
v 31.481934 2.233941 39.850903
v 31.481934 2.250915 39.810471
v 6.067986 2.250915 39.810471
v 31.481934 2.250915 39.827560
v 37.703781 4.913254 39.840553
v 37.703781 4.896221 39.840553
v 31.505371 4.892043 39.810471
v 31.505371 4.913254 39.810471
v 37.720924 4.873091 39.837132
v 31.505371 4.873091 39.831825
v 31.505371 4.873091 39.810471
v 37.703781 4.873091 39.840553
v 37.744213 4.873091 39.832485
v 37.744213 4.890120 39.832485
v 31.505371 4.894303 39.850903
v 31.505371 4.873091 39.850903
v 37.727070 4.913254 39.835907
v 31.505371 4.913254 39.829552
v 31.505371 4.913254 39.850903
v 37.744213 4.913254 39.832485
v 37.703781 2.250915 39.840553
v 37.703781 2.233881 39.840553
v 31.505371 2.229702 39.810471
v 31.505371 2.250915 39.810471
v 37.720924 2.210751 39.837132
v 31.505371 2.210751 39.831825
v 31.505371 2.210751 39.810471
v 37.703781 2.210751 39.840553
v 37.744213 2.210751 39.832485
v 37.744213 2.227779 39.832485
v 31.505371 2.231963 39.850903
v 31.505371 2.210751 39.850903
v 37.727070 2.250915 39.835907
v 31.505371 2.250915 39.829552
v 31.505371 2.250915 39.850903
v 37.744213 2.250915 39.832485
v 31.505371 4.873091 39.810471
v 31.505371 4.892043 39.810471
v 37.703781 4.896221 39.840553
v 37.703781 4.873091 39.840553
v 37.744213 4.873091 39.832485
v 31.505371 4.873091 39.850903
v 31.505371 4.873091 39.831825
v 37.720924 4.873091 39.837132
v 31.505371 4.913254 39.850903
v 31.505371 4.894303 39.850903
v 37.744213 4.890120 39.832485
v 37.744213 4.913254 39.832485
v 37.703781 4.913254 39.840553
v 31.505371 4.913254 39.810471
v 31.505371 4.913254 39.829552
v 37.727070 4.913254 39.835907
v 31.505371 2.210751 39.810471
v 31.505371 2.229702 39.810471
v 37.703781 2.233881 39.840553
v 37.703781 2.210751 39.840553
v 37.744213 2.210751 39.832485
v 31.505371 2.210751 39.850903
v 31.505371 2.210751 39.831825
v 37.720924 2.210751 39.837132
v 31.505371 2.250915 39.850903
v 31.505371 2.231963 39.850903
v 37.744213 2.227779 39.832485
v 37.744213 2.250915 39.832485
v 37.703781 2.250915 39.840553
v 31.505371 2.250915 39.810471
v 31.505371 2.250915 39.829552
v 37.727070 2.250915 39.835907
v -31.565338 2.048380 39.900936
v -31.514862 2.048380 39.880028
v -31.514862 5.048379 39.880032
v -31.514862 5.048379 39.880032
v -31.565338 5.048379 39.900936
v -31.565338 2.048380 39.900936
v -31.514862 2.048380 39.880028
v -31.493954 2.048380 39.829552
v -31.493954 5.048379 39.829556
v -31.493954 5.048379 39.829556
v -31.514862 5.048379 39.880032
v -31.514862 2.048380 39.880028
v -31.493954 2.048380 39.829552
v -31.514862 2.048380 39.779076
v -31.514862 5.048379 39.779079
v -31.514862 5.048379 39.779079
v -31.493954 5.048379 39.829556
v -31.493954 2.048380 39.829552
v -31.514862 2.048380 39.779076
v -31.565338 2.048380 39.758171
v -31.565338 5.048379 39.758171
v -31.565338 5.048379 39.758171
v -31.514862 5.048379 39.779079
v -31.514862 2.048380 39.779076
v -31.565338 2.048380 39.758171
v -31.615814 2.048380 39.779076
v -31.615814 5.048379 39.779079
v -31.615814 5.048379 39.779079
v -31.565338 5.048379 39.758171
v -31.565338 2.048380 39.758171
v -31.615814 2.048380 39.779076
v -31.636723 2.048380 39.829552
v -31.636726 5.048379 39.829556
v -31.636726 5.048379 39.829556
v -31.615814 5.048379 39.779079
v -31.615814 2.048380 39.779076
v -31.636723 2.048380 39.829552
v -31.615814 2.048380 39.880028
v -31.615814 5.048379 39.880032
v -31.615814 5.048379 39.880032
v -31.636726 5.048379 39.829556
v -31.636723 2.048380 39.829552
v -31.615814 2.048380 39.880028
v -31.565338 2.048380 39.900936
v -31.565338 5.048379 39.900936
v -31.565338 5.048379 39.900936
v -31.615814 5.048379 39.880032
v -31.615814 2.048380 39.880028
v -31.514862 5.048379 39.880032
v -31.493954 5.048379 39.829556
v -31.514862 5.048379 39.779079
v -31.514862 5.048379 39.779079
v -31.565338 5.048379 39.758171
v -31.615814 5.048379 39.779079
v -31.615814 5.048379 39.779079
v -31.636726 5.048379 39.829556
v -31.615814 5.048379 39.880032
v -31.514862 5.048379 39.779079
v -31.615814 5.048379 39.779079
v -31.615814 5.048379 39.880032
v -31.514862 5.048379 39.880032
v -31.514862 5.048379 39.779079
v -31.615814 5.048379 39.880032
v -31.565338 5.048379 39.900936
v -31.514862 5.048379 39.880032
v -31.615814 5.048379 39.880032
v 3.052792 2.048380 39.757267
v 3.031885 2.048380 39.706791
v 3.031887 5.048379 39.706791
v 3.031887 5.048379 39.706791
v 3.052792 5.048379 39.757267
v 3.052792 2.048380 39.757267
v 3.031885 2.048380 39.706791
v 2.981409 2.048380 39.685883
v 2.981411 5.048379 39.685883
v 2.981411 5.048379 39.685883
v 3.031887 5.048379 39.706791
v 3.031885 2.048380 39.706791
v 2.981409 2.048380 39.685883
v 2.930933 2.048380 39.706791
v 2.930935 5.048379 39.706791
v 2.930935 5.048379 39.706791
v 2.981411 5.048379 39.685883
v 2.981409 2.048380 39.685883
v 2.930933 2.048380 39.706791
v 2.910027 2.048380 39.757267
v 2.910027 5.048379 39.757267
v 2.910027 5.048379 39.757267
v 2.930935 5.048379 39.706791
v 2.930933 2.048380 39.706791
v 2.910027 2.048380 39.757267
v 2.930933 2.048380 39.807739
v 2.930935 5.048379 39.807739
v 2.930935 5.048379 39.807739
v 2.910027 5.048379 39.757267
v 2.910027 2.048380 39.757267
v 2.930933 2.048380 39.807739
v 2.981409 2.048380 39.828648
v 2.981411 5.048379 39.828648
v 2.981411 5.048379 39.828648
v 2.930935 5.048379 39.807739
v 2.930933 2.048380 39.807739
v 2.981409 2.048380 39.828648
v 3.031885 2.048380 39.807739
v 3.031887 5.048379 39.807739
v 3.031887 5.048379 39.807739
v 2.981411 5.048379 39.828648
v 2.981409 2.048380 39.828648
v 3.031885 2.048380 39.807739
v 3.052792 2.048380 39.757267
v 3.052792 5.048379 39.757267
v 3.052792 5.048379 39.757267
v 3.031887 5.048379 39.807739
v 3.031885 2.048380 39.807739
v 3.031887 5.048379 39.706791
v 2.981411 5.048379 39.685883
v 2.930935 5.048379 39.706791
v 2.930935 5.048379 39.706791
v 2.910027 5.048379 39.757267
v 2.930935 5.048379 39.807739
v 2.930935 5.048379 39.807739
v 2.981411 5.048379 39.828648
v 3.031887 5.048379 39.807739
v 2.930935 5.048379 39.706791
v 2.930935 5.048379 39.807739
v 3.031887 5.048379 39.807739
v 3.031887 5.048379 39.706791
v 2.930935 5.048379 39.706791
v 3.031887 5.048379 39.807739
v 3.052792 5.048379 39.757267
v 3.031887 5.048379 39.706791
v 3.031887 5.048379 39.807739
v -3.234467 2.048380 39.900936
v -3.183990 2.048380 39.880028
v -3.183990 5.048379 39.880032
v -3.183990 5.048379 39.880032
v -3.234467 5.048379 39.900936
v -3.234467 2.048380 39.900936
v -3.183990 2.048380 39.880028
v -3.163082 2.048380 39.829552
v -3.163082 5.048379 39.829556
v -3.163082 5.048379 39.829556
v -3.183990 5.048379 39.880032
v -3.183990 2.048380 39.880028
v -3.163082 2.048380 39.829552
v -3.183990 2.048380 39.779076
v -3.183990 5.048379 39.779079
v -3.183990 5.048379 39.779079
v -3.163082 5.048379 39.829556
v -3.163082 2.048380 39.829552
v -3.183990 2.048380 39.779076
v -3.234467 2.048380 39.758171
v -3.234467 5.048379 39.758171
v -3.234467 5.048379 39.758171
v -3.183990 5.048379 39.779079
v -3.183990 2.048380 39.779076
v -3.234467 2.048380 39.758171
v -3.284943 2.048380 39.779076
v -3.284943 5.048379 39.779079
v -3.284943 5.048379 39.779079
v -3.234467 5.048379 39.758171
v -3.234467 2.048380 39.758171
v -3.284943 2.048380 39.779076
v -3.305847 2.048380 39.829552
v -3.305847 5.048379 39.829556
v -3.305847 5.048379 39.829556
v -3.284943 5.048379 39.779079
v -3.284943 2.048380 39.779076
v -3.305847 2.048380 39.829552
v -3.284943 2.048380 39.880028
v -3.284943 5.048379 39.880032
v -3.284943 5.048379 39.880032
v -3.305847 5.048379 39.829556
v -3.305847 2.048380 39.829552
v -3.284943 2.048380 39.880028
v -3.234467 2.048380 39.900936
v -3.234467 5.048379 39.900936
v -3.234467 5.048379 39.900936
v -3.284943 5.048379 39.880032
v -3.284943 2.048380 39.880028
v -3.183990 5.048379 39.880032
v -3.163082 5.048379 39.829556
v -3.183990 5.048379 39.779079
v -3.183990 5.048379 39.779079
v -3.234467 5.048379 39.758171
v -3.284943 5.048379 39.779079
v -3.284943 5.048379 39.779079
v -3.305847 5.048379 39.829556
v -3.284943 5.048379 39.880032
v -3.183990 5.048379 39.779079
v -3.284943 5.048379 39.779079
v -3.284943 5.048379 39.880032
v -3.183990 5.048379 39.880032
v -3.183990 5.048379 39.779079
v -3.284943 5.048379 39.880032
v -3.234467 5.048379 39.900936
v -3.183990 5.048379 39.880032
v -3.284943 5.048379 39.880032
v -9.187378 2.048380 39.900936
v -9.136904 2.048380 39.880028
v -9.136904 5.048379 39.880032
v -9.136904 5.048379 39.880032
v -9.187380 5.048379 39.900936
v -9.187378 2.048380 39.900936
v -9.136904 2.048380 39.880028
v -9.115995 2.048380 39.829552
v -9.115995 5.048379 39.829556
v -9.115995 5.048379 39.829556
v -9.136904 5.048379 39.880032
v -9.136904 2.048380 39.880028
v -9.115995 2.048380 39.829552
v -9.136904 2.048380 39.779076
v -9.136904 5.048379 39.779079
v -9.136904 5.048379 39.779079
v -9.115995 5.048379 39.829556
v -9.115995 2.048380 39.829552
v -9.136904 2.048380 39.779076
v -9.187378 2.048380 39.758171
v -9.187380 5.048379 39.758171
v -9.187380 5.048379 39.758171
v -9.136904 5.048379 39.779079
v -9.136904 2.048380 39.779076
v -9.187378 2.048380 39.758171
v -9.237854 2.048380 39.779076
v -9.237854 5.048379 39.779079
v -9.237854 5.048379 39.779079
v -9.187380 5.048379 39.758171
v -9.187378 2.048380 39.758171
v -9.237854 2.048380 39.779076
v -9.258762 2.048380 39.829552
v -9.258762 5.048379 39.829556
v -9.258762 5.048379 39.829556
v -9.237854 5.048379 39.779079
v -9.237854 2.048380 39.779076
v -9.258762 2.048380 39.829552
v -9.237854 2.048380 39.880028
v -9.237854 5.048379 39.880032
v -9.237854 5.048379 39.880032
v -9.258762 5.048379 39.829556
v -9.258762 2.048380 39.829552
v -9.237854 2.048380 39.880028
v -9.187378 2.048380 39.900936
v -9.187380 5.048379 39.900936
v -9.187380 5.048379 39.900936
v -9.237854 5.048379 39.880032
v -9.237854 2.048380 39.880028
v -9.136904 5.048379 39.880032
v -9.115995 5.048379 39.829556
v -9.136904 5.048379 39.779079
v -9.136904 5.048379 39.779079
v -9.187380 5.048379 39.758171
v -9.237854 5.048379 39.779079
v -9.237854 5.048379 39.779079
v -9.258762 5.048379 39.829556
v -9.237854 5.048379 39.880032
v -9.136904 5.048379 39.779079
v -9.237854 5.048379 39.779079
v -9.237854 5.048379 39.880032
v -9.136904 5.048379 39.880032
v -9.136904 5.048379 39.779079
v -9.237854 5.048379 39.880032
v -9.187380 5.048379 39.900936
v -9.136904 5.048379 39.880032
v -9.237854 5.048379 39.880032
v -16.527687 2.048380 39.900936
v -16.477211 2.048380 39.880028
v -16.477211 5.048379 39.880032
v -16.477211 5.048379 39.880032
v -16.527687 5.048379 39.900936
v -16.527687 2.048380 39.900936
v -16.477211 2.048380 39.880028
v -16.456305 2.048380 39.829552
v -16.456305 5.048379 39.829556
v -16.456305 5.048379 39.829556
v -16.477211 5.048379 39.880032
v -16.477211 2.048380 39.880028
v -16.456305 2.048380 39.829552
v -16.477211 2.048380 39.779076
v -16.477211 5.048379 39.779079
v -16.477211 5.048379 39.779079
v -16.456305 5.048379 39.829556
v -16.456305 2.048380 39.829552
v -16.477211 2.048380 39.779076
v -16.527687 2.048380 39.758171
v -16.527687 5.048379 39.758171
v -16.527687 5.048379 39.758171
v -16.477211 5.048379 39.779079
v -16.477211 2.048380 39.779076
v -16.527687 2.048380 39.758171
v -16.578163 2.048380 39.779076
v -16.578163 5.048379 39.779079
v -16.578163 5.048379 39.779079
v -16.527687 5.048379 39.758171
v -16.527687 2.048380 39.758171
v -16.578163 2.048380 39.779076
v -16.599070 2.048380 39.829552
v -16.599072 5.048379 39.829556
v -16.599072 5.048379 39.829556
v -16.578163 5.048379 39.779079
v -16.578163 2.048380 39.779076
v -16.599070 2.048380 39.829552
v -16.578163 2.048380 39.880028
v -16.578163 5.048379 39.880032
v -16.578163 5.048379 39.880032
v -16.599072 5.048379 39.829556
v -16.599070 2.048380 39.829552
v -16.578163 2.048380 39.880028
v -16.527687 2.048380 39.900936
v -16.527687 5.048379 39.900936
v -16.527687 5.048379 39.900936
v -16.578163 5.048379 39.880032
v -16.578163 2.048380 39.880028
v -16.477211 5.048379 39.880032
v -16.456305 5.048379 39.829556
v -16.477211 5.048379 39.779079
v -16.477211 5.048379 39.779079
v -16.527687 5.048379 39.758171
v -16.578163 5.048379 39.779079
v -16.578163 5.048379 39.779079
v -16.599072 5.048379 39.829556
v -16.578163 5.048379 39.880032
v -16.477211 5.048379 39.779079
v -16.578163 5.048379 39.779079
v -16.578163 5.048379 39.880032
v -16.477211 5.048379 39.880032
v -16.477211 5.048379 39.779079
v -16.578163 5.048379 39.880032
v -16.527687 5.048379 39.900936
v -16.477211 5.048379 39.880032
v -16.578163 5.048379 39.880032
v -23.788979 2.048380 39.900936
v -23.738503 2.048380 39.880028
v -23.738503 5.048379 39.880032
v -23.738503 5.048379 39.880032
v -23.788979 5.048379 39.900936
v -23.788979 2.048380 39.900936
v -23.738503 2.048380 39.880028
v -23.717598 2.048380 39.829552
v -23.717598 5.048379 39.829556
v -23.717598 5.048379 39.829556
v -23.738503 5.048379 39.880032
v -23.738503 2.048380 39.880028
v -23.717598 2.048380 39.829552
v -23.738503 2.048380 39.779076
v -23.738503 5.048379 39.779079
v -23.738503 5.048379 39.779079
v -23.717598 5.048379 39.829556
v -23.717598 2.048380 39.829552
v -23.738503 2.048380 39.779076
v -23.788979 2.048380 39.758171
v -23.788979 5.048379 39.758171
v -23.788979 5.048379 39.758171
v -23.738503 5.048379 39.779079
v -23.738503 2.048380 39.779076
v -23.788979 2.048380 39.758171
v -23.839455 2.048380 39.779076
v -23.839455 5.048379 39.779079
v -23.839455 5.048379 39.779079
v -23.788979 5.048379 39.758171
v -23.788979 2.048380 39.758171
v -23.839455 2.048380 39.779076
v -23.860359 2.048380 39.829552
v -23.860363 5.048379 39.829556
v -23.860363 5.048379 39.829556
v -23.839455 5.048379 39.779079
v -23.839455 2.048380 39.779076
v -23.860359 2.048380 39.829552
v -23.839455 2.048380 39.880028
v -23.839455 5.048379 39.880032
v -23.839455 5.048379 39.880032
v -23.860363 5.048379 39.829556
v -23.860359 2.048380 39.829552
v -23.839455 2.048380 39.880028
v -23.788979 2.048380 39.900936
v -23.788979 5.048379 39.900936
v -23.788979 5.048379 39.900936
v -23.839455 5.048379 39.880032
v -23.839455 2.048380 39.880028
v -23.738503 5.048379 39.880032
v -23.717598 5.048379 39.829556
v -23.738503 5.048379 39.779079
v -23.738503 5.048379 39.779079
v -23.788979 5.048379 39.758171
v -23.839455 5.048379 39.779079
v -23.839455 5.048379 39.779079
v -23.860363 5.048379 39.829556
v -23.839455 5.048379 39.880032
v -23.738503 5.048379 39.779079
v -23.839455 5.048379 39.779079
v -23.839455 5.048379 39.880032
v -23.738503 5.048379 39.880032
v -23.738503 5.048379 39.779079
v -23.839455 5.048379 39.880032
v -23.788979 5.048379 39.900936
v -23.738503 5.048379 39.880032
v -23.839455 5.048379 39.880032
v -28.640022 4.913254 39.810471
v -3.226074 4.913254 39.810471
v -3.226074 4.890065 39.810471
v -28.640022 4.873091 39.810467
v -3.226074 4.873091 39.810471
v -3.226074 4.873091 39.833817
v -28.640022 4.873091 39.850903
v -28.640022 4.873091 39.810467
v -28.640022 4.913254 39.850903
v -28.640022 4.873091 39.850903
v -3.226074 4.873091 39.850903
v -3.226074 4.896280 39.850903
v -3.226074 4.913254 39.850903
v -3.226074 4.913254 39.827560
v -28.640022 4.913254 39.810471
v -28.640022 4.913254 39.850903
v -31.567883 4.873091 39.810467
v -31.567883 4.913254 39.810467
v -28.640022 4.913254 39.810471
v -28.640022 4.913254 39.810471
v -28.640022 4.873091 39.810467
v -31.567883 4.873091 39.810467
v -28.640022 4.873091 39.850903
v -31.608315 4.873091 39.850899
v -31.567883 4.873091 39.810467
v -31.567883 4.873091 39.810467
v -28.640022 4.873091 39.810467
v -28.640022 4.873091 39.850903
v -31.608315 4.913254 39.850899
v -31.608315 4.873091 39.850899
v -28.640022 4.873091 39.850903
v -28.640022 4.873091 39.850903
v -28.640022 4.913254 39.850903
v -31.608315 4.913254 39.850899
v -31.567883 4.913254 39.810467
v -31.608315 4.913254 39.850899
v -28.640022 4.913254 39.850903
v -28.640022 4.913254 39.850903
v -28.640022 4.913254 39.810471
v -31.567883 4.913254 39.810467
v -28.640022 2.250915 39.810471
v -3.226074 2.250915 39.810471
v -3.226074 2.227726 39.810471
v -28.640022 2.210751 39.810467
v -3.226074 2.210751 39.810471
v -3.226074 2.210751 39.833817
v -28.640022 2.210751 39.850903
v -28.640022 2.210751 39.810467
v -28.640022 2.250915 39.850903
v -28.640022 2.210751 39.850903
v -3.226074 2.210751 39.850903
v -3.226074 2.233941 39.850903
v -28.640022 2.250915 39.810471
v -28.640022 2.250915 39.850903
v -3.226074 2.250915 39.850903
v -3.226074 2.250915 39.827560
v -31.567883 2.210751 39.810467
v -31.567883 2.250915 39.810467
v -28.640022 2.250915 39.810471
v -28.640022 2.250915 39.810471
v -28.640022 2.210751 39.810467
v -31.567883 2.210751 39.810467
v -28.640022 2.210751 39.850903
v -31.608315 2.210751 39.850899
v -31.567883 2.210751 39.810467
v -31.567883 2.210751 39.810467
v -28.640022 2.210751 39.810467
v -28.640022 2.210751 39.850903
v -31.608315 2.250915 39.850899
v -31.608315 2.210751 39.850899
v -28.640022 2.210751 39.850903
v -28.640022 2.210751 39.850903
v -28.640022 2.250915 39.850903
v -31.608315 2.250915 39.850899
v -31.567883 2.250915 39.810467
v -31.608315 2.250915 39.850899
v -28.640022 2.250915 39.850903
v -28.640022 2.250915 39.850903
v -28.640022 2.250915 39.810471
v -31.567883 2.250915 39.810467
v -3.226074 4.873091 39.810471
v -28.640022 4.873091 39.810467
v -3.226074 4.890065 39.810471
v -3.226074 4.873091 39.850903
v -28.640022 4.873091 39.850903
v -3.226074 4.873091 39.833817
v -3.226074 4.913254 39.850903
v -28.640022 4.913254 39.850903
v -3.226074 4.896280 39.850903
v -3.226074 4.913254 39.810471
v -28.640022 4.913254 39.810471
v -3.226074 4.913254 39.827560
v -3.226074 2.210751 39.810471
v -28.640022 2.210751 39.810467
v -3.226074 2.227726 39.810471
v -3.226074 2.210751 39.850903
v -28.640022 2.210751 39.850903
v -3.226074 2.210751 39.833817
v -3.226074 2.250915 39.850903
v -28.640022 2.250915 39.850903
v -3.226074 2.233941 39.850903
v -3.226074 2.250915 39.810471
v -28.640022 2.250915 39.810471
v -3.226074 2.250915 39.827560
v 2.995773 4.913254 39.840553
v 2.995771 4.896221 39.840553
v -3.202637 4.892043 39.810471
v -3.202637 4.913254 39.810471
v 3.012918 4.873091 39.837132
v -3.202637 4.873091 39.831825
v -3.202637 4.873091 39.810471
v 2.995771 4.873091 39.840553
v 3.036205 4.873091 39.832485
v 3.036205 4.890120 39.832485
v -3.202637 4.894303 39.850903
v -3.202637 4.873091 39.850903
v 3.019062 4.913254 39.835907
v -3.202637 4.913254 39.829552
v -3.202637 4.913254 39.850903
v 3.036205 4.913254 39.832485
v 2.995773 2.250915 39.840553
v 2.995771 2.233881 39.840553
v -3.202637 2.229702 39.810471
v -3.202637 2.250915 39.810471
v 3.012918 2.210751 39.837132
v -3.202637 2.210751 39.831825
v -3.202637 2.210751 39.810471
v 2.995771 2.210751 39.840553
v 3.036205 2.210751 39.832485
v 3.036205 2.227779 39.832485
v -3.202637 2.231963 39.850903
v -3.202637 2.210751 39.850903
v 3.019062 2.250915 39.835907
v -3.202637 2.250915 39.829552
v -3.202637 2.250915 39.850903
v 3.036205 2.250915 39.832485
v -3.202637 4.873091 39.810471
v -3.202637 4.892043 39.810471
v 2.995771 4.896221 39.840553
v 2.995771 4.873091 39.840553
v 3.036205 4.873091 39.832485
v -3.202637 4.873091 39.850903
v -3.202637 4.873091 39.831825
v 3.012918 4.873091 39.837132
v -3.202637 4.913254 39.850903
v -3.202637 4.894303 39.850903
v 3.036205 4.890120 39.832485
v 3.036205 4.913254 39.832485
v 2.995773 4.913254 39.840553
v -3.202637 4.913254 39.810471
v -3.202637 4.913254 39.829552
v 3.019062 4.913254 39.835907
v -3.202637 2.210751 39.810471
v -3.202637 2.229702 39.810471
v 2.995771 2.233881 39.840553
v 2.995771 2.210751 39.840553
v 3.036205 2.210751 39.832485
v -3.202637 2.210751 39.850903
v -3.202637 2.210751 39.831825
v 3.012918 2.210751 39.837132
v -3.202637 2.250915 39.850903
v -3.202637 2.231963 39.850903
v 3.036205 2.227779 39.832485
v 3.036205 2.250915 39.832485
v 2.995773 2.250915 39.840553
v -3.202637 2.250915 39.810471
v -3.202637 2.250915 39.829552
v 3.019062 2.250915 39.835907
v -31.621403 2.048380 39.757267
v -31.642309 2.048380 39.706791
v -31.642307 5.048379 39.706791
v -31.642307 5.048379 39.706791
v -31.621403 5.048379 39.757267
v -31.621403 2.048380 39.757267
v -31.642309 2.048380 39.706791
v -31.692785 2.048380 39.685883
v -31.692783 5.048379 39.685883
v -31.692783 5.048379 39.685883
v -31.642307 5.048379 39.706791
v -31.642309 2.048380 39.706791
v -31.692785 2.048380 39.685883
v -31.743261 2.048380 39.706791
v -31.743259 5.048379 39.706791
v -31.743259 5.048379 39.706791
v -31.692783 5.048379 39.685883
v -31.692785 2.048380 39.685883
v -31.743261 2.048380 39.706791
v -31.764168 2.048380 39.757267
v -31.764168 5.048379 39.757267
v -31.764168 5.048379 39.757267
v -31.743259 5.048379 39.706791
v -31.743261 2.048380 39.706791
v -31.764168 2.048380 39.757267
v -31.743261 2.048380 39.807739
v -31.743259 5.048379 39.807739
v -31.743259 5.048379 39.807739
v -31.764168 5.048379 39.757267
v -31.764168 2.048380 39.757267
v -31.743261 2.048380 39.807739
v -31.692785 2.048380 39.828648
v -31.692783 5.048379 39.828648
v -31.692783 5.048379 39.828648
v -31.743259 5.048379 39.807739
v -31.743261 2.048380 39.807739
v -31.692785 2.048380 39.828648
v -31.642309 2.048380 39.807739
v -31.642307 5.048379 39.807739
v -31.642307 5.048379 39.807739
v -31.692783 5.048379 39.828648
v -31.692785 2.048380 39.828648
v -31.642309 2.048380 39.807739
v -31.621403 2.048380 39.757267
v -31.621403 5.048379 39.757267
v -31.621403 5.048379 39.757267
v -31.642307 5.048379 39.807739
v -31.642309 2.048380 39.807739
v -31.642307 5.048379 39.706791
v -31.692783 5.048379 39.685883
v -31.743259 5.048379 39.706791
v -31.743259 5.048379 39.706791
v -31.764168 5.048379 39.757267
v -31.743259 5.048379 39.807739
v -31.743259 5.048379 39.807739
v -31.692783 5.048379 39.828648
v -31.642307 5.048379 39.807739
v -31.743259 5.048379 39.706791
v -31.743259 5.048379 39.807739
v -31.642307 5.048379 39.807739
v -31.642307 5.048379 39.706791
v -31.743259 5.048379 39.706791
v -31.642307 5.048379 39.807739
v -31.621403 5.048379 39.757267
v -31.642307 5.048379 39.706791
v -31.642307 5.048379 39.807739
v -37.908661 2.048380 39.900936
v -37.858185 2.048380 39.880028
v -37.858185 5.048379 39.880032
v -37.858185 5.048379 39.880032
v -37.908661 5.048379 39.900936
v -37.908661 2.048380 39.900936
v -37.858185 2.048380 39.880028
v -37.837276 2.048380 39.829552
v -37.837276 5.048379 39.829556
v -37.837276 5.048379 39.829556
v -37.858185 5.048379 39.880032
v -37.858185 2.048380 39.880028
v -37.837276 2.048380 39.829552
v -37.858185 2.048380 39.779076
v -37.858185 5.048379 39.779079
v -37.858185 5.048379 39.779079
v -37.837276 5.048379 39.829556
v -37.837276 2.048380 39.829552
v -37.858185 2.048380 39.779076
v -37.908661 2.048380 39.758171
v -37.908661 5.048379 39.758171
v -37.908661 5.048379 39.758171
v -37.858185 5.048379 39.779079
v -37.858185 2.048380 39.779076
v -37.908661 2.048380 39.758171
v -37.959137 2.048380 39.779076
v -37.959137 5.048379 39.779079
v -37.959137 5.048379 39.779079
v -37.908661 5.048379 39.758171
v -37.908661 2.048380 39.758171
v -37.959137 2.048380 39.779076
v -37.980042 2.048380 39.829552
v -37.980042 5.048379 39.829556
v -37.980042 5.048379 39.829556
v -37.959137 5.048379 39.779079
v -37.959137 2.048380 39.779076
v -37.980042 2.048380 39.829552
v -37.959137 2.048380 39.880028
v -37.959137 5.048379 39.880032
v -37.959137 5.048379 39.880032
v -37.980042 5.048379 39.829556
v -37.980042 2.048380 39.829552
v -37.959137 2.048380 39.880028
v -37.908661 2.048380 39.900936
v -37.908661 5.048379 39.900936
v -37.908661 5.048379 39.900936
v -37.959137 5.048379 39.880032
v -37.959137 2.048380 39.880028
v -37.858185 5.048379 39.880032
v -37.837276 5.048379 39.829556
v -37.858185 5.048379 39.779079
v -37.858185 5.048379 39.779079
v -37.908661 5.048379 39.758171
v -37.959137 5.048379 39.779079
v -37.959137 5.048379 39.779079
v -37.980042 5.048379 39.829556
v -37.959137 5.048379 39.880032
v -37.858185 5.048379 39.779079
v -37.959137 5.048379 39.779079
v -37.959137 5.048379 39.880032
v -37.858185 5.048379 39.880032
v -37.858185 5.048379 39.779079
v -37.959137 5.048379 39.880032
v -37.908661 5.048379 39.900936
v -37.858185 5.048379 39.880032
v -37.959137 5.048379 39.880032
v -43.861572 2.048380 39.900936
v -43.811096 2.048380 39.880028
v -43.811096 5.048379 39.880032
v -43.811096 5.048379 39.880032
v -43.861572 5.048379 39.900936
v -43.861572 2.048380 39.900936
v -43.811096 2.048380 39.880028
v -43.790192 2.048380 39.829552
v -43.790192 5.048379 39.829556
v -43.790192 5.048379 39.829556
v -43.811096 5.048379 39.880032
v -43.811096 2.048380 39.880028
v -43.790192 2.048380 39.829552
v -43.811096 2.048380 39.779076
v -43.811096 5.048379 39.779079
v -43.811096 5.048379 39.779079
v -43.790192 5.048379 39.829556
v -43.790192 2.048380 39.829552
v -43.811096 2.048380 39.779076
v -43.861572 2.048380 39.758171
v -43.861572 5.048379 39.758171
v -43.861572 5.048379 39.758171
v -43.811096 5.048379 39.779079
v -43.811096 2.048380 39.779076
v -43.861572 2.048380 39.758171
v -43.912048 2.048380 39.779076
v -43.912048 5.048379 39.779079
v -43.912048 5.048379 39.779079
v -43.861572 5.048379 39.758171
v -43.861572 2.048380 39.758171
v -43.912048 2.048380 39.779076
v -43.932957 2.048380 39.829552
v -43.932957 5.048379 39.829556
v -43.932957 5.048379 39.829556
v -43.912048 5.048379 39.779079
v -43.912048 2.048380 39.779076
v -43.932957 2.048380 39.829552
v -43.912048 2.048380 39.880028
v -43.912048 5.048379 39.880032
v -43.912048 5.048379 39.880032
v -43.932957 5.048379 39.829556
v -43.932957 2.048380 39.829552
v -43.912048 2.048380 39.880028
v -43.861572 2.048380 39.900936
v -43.861572 5.048379 39.900936
v -43.861572 5.048379 39.900936
v -43.912048 5.048379 39.880032
v -43.912048 2.048380 39.880028
v -43.811096 5.048379 39.880032
v -43.790192 5.048379 39.829556
v -43.811096 5.048379 39.779079
v -43.811096 5.048379 39.779079
v -43.861572 5.048379 39.758171
v -43.912048 5.048379 39.779079
v -43.912048 5.048379 39.779079
v -43.932957 5.048379 39.829556
v -43.912048 5.048379 39.880032
v -43.811096 5.048379 39.779079
v -43.912048 5.048379 39.779079
v -43.912048 5.048379 39.880032
v -43.811096 5.048379 39.880032
v -43.811096 5.048379 39.779079
v -43.912048 5.048379 39.880032
v -43.861572 5.048379 39.900936
v -43.811096 5.048379 39.880032
v -43.912048 5.048379 39.880032
v -43.893555 4.885960 39.810467
v -37.900269 4.890065 39.810471
v -37.900269 4.873091 39.810471
v -43.893555 4.873091 39.810467
v -43.893555 4.873091 39.850903
v -43.893555 4.873091 39.837948
v -37.900269 4.873091 39.833817
v -37.900269 4.873091 39.850903
v -43.893555 4.900386 39.850903
v -37.900269 4.896280 39.850903
v -37.900269 4.913254 39.850903
v -43.893555 4.913254 39.850903
v -43.893555 4.913254 39.823425
v -37.900269 4.913254 39.827560
v -37.900269 4.913254 39.810471
v -43.893555 4.913254 39.810471
v -43.893555 2.223619 39.810467
v -37.900269 2.227726 39.810471
v -37.900269 2.210751 39.810471
v -43.893555 2.210751 39.810467
v -43.893555 2.210751 39.850903
v -43.893555 2.210751 39.837948
v -37.900269 2.210751 39.833817
v -37.900269 2.210751 39.850903
v -43.893555 2.250915 39.850903
v -43.893555 2.238045 39.850903
v -37.900269 2.233941 39.850903
v -37.900269 2.250915 39.850903
v -43.893555 2.250915 39.823425
v -37.900269 2.250915 39.827560
v -37.900269 2.250915 39.810471
v -43.893555 2.250915 39.810471
v -31.678421 4.913254 39.840553
v -31.678423 4.896221 39.840553
v -37.876831 4.892043 39.810471
v -37.876831 4.913254 39.810471
v -31.661276 4.873091 39.837132
v -37.876831 4.873091 39.831825
v -37.876831 4.873091 39.810471
v -31.678423 4.873091 39.840553
v -31.637989 4.873091 39.832485
v -31.637989 4.890120 39.832485
v -37.876831 4.894303 39.850903
v -37.876831 4.873091 39.850903
v -31.655132 4.913254 39.835907
v -37.876831 4.913254 39.829552
v -37.876831 4.913254 39.850903
v -31.637989 4.913254 39.832485
v -31.678421 2.250915 39.840553
v -31.678423 2.233881 39.840553
v -37.876831 2.229702 39.810471
v -37.876831 2.250915 39.810471
v -31.661276 2.210751 39.837132
v -37.876831 2.210751 39.831825
v -37.876831 2.210751 39.810471
v -31.678423 2.210751 39.840553
v -31.637989 2.210751 39.832485
v -31.637989 2.227779 39.832485
v -37.876831 2.231963 39.850903
v -37.876831 2.210751 39.850903
v -31.655132 2.250915 39.835907
v -37.876831 2.250915 39.829552
v -37.876831 2.250915 39.850903
v -31.637989 2.250915 39.832485
v -37.876831 4.873091 39.810471
v -37.876831 4.892043 39.810471
v -31.678423 4.896221 39.840553
v -31.678423 4.873091 39.840553
v -31.637989 4.873091 39.832485
v -37.876831 4.873091 39.850903
v -37.876831 4.873091 39.831825
v -31.661276 4.873091 39.837132
v -37.876831 4.913254 39.850903
v -37.876831 4.894303 39.850903
v -31.637989 4.890120 39.832485
v -31.637989 4.913254 39.832485
v -31.678421 4.913254 39.840553
v -37.876831 4.913254 39.810471
v -37.876831 4.913254 39.829552
v -31.655132 4.913254 39.835907
v -37.876831 2.210751 39.810471
v -37.876831 2.229702 39.810471
v -31.678423 2.233881 39.840553
v -31.678423 2.210751 39.840553
v -31.637989 2.210751 39.832485
v -37.876831 2.210751 39.850903
v -37.876831 2.210751 39.831825
v -31.661276 2.210751 39.837132
v -37.876831 2.250915 39.850903
v -37.876831 2.231963 39.850903
v -31.637989 2.227779 39.832485
v -31.637989 2.250915 39.832485
v -31.678421 2.250915 39.840553
v -37.876831 2.250915 39.810471
v -37.876831 2.250915 39.829552
v -31.655132 2.250915 39.835907
v -37.900269 4.913254 39.810471
v -37.900269 4.890065 39.810471
v -43.893555 4.885960 39.810467
v -43.893555 4.913254 39.810471
v -37.900269 4.873091 39.810471
v -37.900269 4.873091 39.833817
v -43.893555 4.873091 39.837948
v -43.893555 4.873091 39.810467
v -37.900269 4.873091 39.850903
v -37.900269 4.896280 39.850903
v -43.893555 4.900386 39.850903
v -43.893555 4.873091 39.850903
v -37.900269 4.913254 39.850903
v -37.900269 4.913254 39.827560
v -43.893555 4.913254 39.823425
v -43.893555 4.913254 39.850903
v -37.900269 2.250915 39.810471
v -37.900269 2.227726 39.810471
v -43.893555 2.223619 39.810467
v -43.893555 2.250915 39.810471
v -37.900269 2.210751 39.810471
v -37.900269 2.210751 39.833817
v -43.893555 2.210751 39.837948
v -43.893555 2.210751 39.810467
v -37.900269 2.210751 39.850903
v -37.900269 2.233941 39.850903
v -43.893555 2.238045 39.850903
v -43.893555 2.210751 39.850903
v -37.900269 2.250915 39.850903
v -37.900269 2.250915 39.827560
v -43.893555 2.250915 39.823425
v -43.893555 2.250915 39.850903
v -44.271778 1.925359 40.132999
v -43.721840 1.925359 40.132999
v -43.721840 1.925360 39.631500
v -44.271778 1.925360 39.631500
v -44.355862 1.367353 40.216930
v -43.637753 1.367353 40.216930
v -43.721840 1.925359 40.132999
v -44.271778 1.925359 40.132999
v -43.637753 1.367353 40.216930
v -43.637753 1.367354 39.525311
v -43.721840 1.925360 39.631500
v -43.721840 1.925359 40.132999
v -43.637753 1.367354 39.525311
v -44.355862 1.367354 39.525311
v -44.271778 1.925360 39.631500
v -43.721840 1.925360 39.631500
v -44.355862 1.367354 39.525311
v -44.355862 1.367353 40.216930
v -44.271778 1.925359 40.132999
v -44.271778 1.925360 39.631500
v -47.333168 4.719609 39.955498
v -44.112518 4.719609 39.955498
v -44.112518 4.719609 39.767887
v -47.333168 4.719609 39.767887
v -47.333168 1.398045 39.955498
v -44.112518 1.398045 39.955498
v -44.112518 4.719609 39.955498
v -47.333168 4.719609 39.955498
v -44.112518 1.398045 39.955498
v -44.112518 1.398046 39.767887
v -44.112518 4.719609 39.767887
v -44.112518 4.719609 39.955498
v -44.112518 1.398046 39.767887
v -47.333168 1.398046 39.767887
v -47.333168 4.719609 39.767887
v -44.112518 4.719609 39.767887
v -47.333168 1.398046 39.767887
v -47.333168 1.398045 39.955498
v -47.333168 4.719609 39.955498
v -47.333168 4.719609 39.767887
v -47.665268 1.925359 40.132999
v -47.115330 1.925359 40.132999
v -47.115330 1.925360 39.631500
v -47.665268 1.925360 39.631500
v -47.749352 1.367353 40.216930
v -47.031242 1.367353 40.216930
v -47.115330 1.925359 40.132999
v -47.665268 1.925359 40.132999
v -47.031242 1.367353 40.216930
v -47.031242 1.367354 39.525311
v -47.115330 1.925360 39.631500
v -47.115330 1.925359 40.132999
v -47.031242 1.367354 39.525311
v -47.749352 1.367354 39.525311
v -47.665268 1.925360 39.631500
v -47.115330 1.925360 39.631500
v -47.749352 1.367354 39.525311
v -47.749352 1.367353 40.216930
v -47.665268 1.925359 40.132999
v -47.665268 1.925360 39.631500
v -50.937523 1.925359 40.132999
v -50.387581 1.925359 40.132999
v -50.387581 1.925360 39.631500
v -50.937523 1.925360 39.631500
v -51.021606 1.367353 40.216930
v -50.303497 1.367353 40.216930
v -50.387581 1.925359 40.132999
v -50.937523 1.925359 40.132999
v -50.303497 1.367353 40.216930
v -50.303497 1.367354 39.525311
v -50.387581 1.925360 39.631500
v -50.387581 1.925359 40.132999
v -50.303497 1.367354 39.525311
v -51.021606 1.367354 39.525311
v -50.937523 1.925360 39.631500
v -50.387581 1.925360 39.631500
v -51.021606 1.367354 39.525311
v -51.021606 1.367353 40.216930
v -50.937523 1.925359 40.132999
v -50.937523 1.925360 39.631500
v -54.197250 1.925359 40.132999
v -53.647308 1.925359 40.132999
v -53.647308 1.925360 39.631500
v -54.197250 1.925360 39.631500
v -54.281334 1.367353 40.216930
v -53.563225 1.367353 40.216930
v -53.647308 1.925359 40.132999
v -54.197250 1.925359 40.132999
v -53.563225 1.367353 40.216930
v -53.563225 1.367354 39.525311
v -53.647308 1.925360 39.631500
v -53.647308 1.925359 40.132999
v -53.563225 1.367354 39.525311
v -54.281334 1.367354 39.525311
v -54.197250 1.925360 39.631500
v -53.647308 1.925360 39.631500
v -54.281334 1.367354 39.525311
v -54.281334 1.367353 40.216930
v -54.197250 1.925359 40.132999
v -54.197250 1.925360 39.631500
v -50.605423 4.719609 39.955498
v -47.384773 4.719609 39.955498
v -47.384773 4.719609 39.767887
v -50.605423 4.719609 39.767887
v -50.605423 1.398045 39.955498
v -47.384773 1.398045 39.955498
v -47.384773 4.719609 39.955498
v -50.605423 4.719609 39.955498
v -47.384773 1.398045 39.955498
v -47.384773 1.398046 39.767887
v -47.384773 4.719609 39.767887
v -47.384773 4.719609 39.955498
v -47.384773 1.398046 39.767887
v -50.605423 1.398046 39.767887
v -50.605423 4.719609 39.767887
v -47.384773 4.719609 39.767887
v -50.605423 1.398046 39.767887
v -50.605423 1.398045 39.955498
v -50.605423 4.719609 39.955498
v -50.605423 4.719609 39.767887
v -57.473614 1.925359 40.132999
v -56.923676 1.925359 40.132999
v -56.923676 1.925360 39.631500
v -57.473614 1.925360 39.631500
v -57.557701 1.367353 40.216930
v -56.839592 1.367353 40.216930
v -56.923676 1.925359 40.132999
v -57.473614 1.925359 40.132999
v -56.839592 1.367353 40.216930
v -56.839592 1.367354 39.525311
v -56.923676 1.925360 39.631500
v -56.923676 1.925359 40.132999
v -56.839592 1.367354 39.525311
v -57.557701 1.367354 39.525311
v -57.473614 1.925360 39.631500
v -56.923676 1.925360 39.631500
v -57.557701 1.367354 39.525311
v -57.557701 1.367353 40.216930
v -57.473614 1.925359 40.132999
v -57.473614 1.925360 39.631500
v -53.865150 4.719609 39.955498
v -50.644497 4.719609 39.955498
v -50.644497 4.719609 39.767887
v -53.865150 4.719609 39.767887
v -53.865150 1.398045 39.955498
v -50.644497 1.398045 39.955498
v -50.644497 4.719609 39.955498
v -53.865150 4.719609 39.955498
v -50.644497 1.398045 39.955498
v -50.644497 1.398046 39.767887
v -50.644497 4.719609 39.767887
v -50.644497 4.719609 39.955498
v -50.644497 1.398046 39.767887
v -53.865150 1.398046 39.767887
v -53.865150 4.719609 39.767887
v -50.644497 4.719609 39.767887
v -53.865150 1.398046 39.767887
v -53.865150 1.398045 39.955498
v -53.865150 4.719609 39.955498
v -53.865150 4.719609 39.767887
v -60.696060 1.925359 40.132999
v -60.146122 1.925359 40.132999
v -60.146122 1.925360 39.631500
v -60.696060 1.925360 39.631500
v -60.780148 1.367353 40.216930
v -60.062038 1.367353 40.216930
v -60.146122 1.925359 40.132999
v -60.696060 1.925359 40.132999
v -60.062038 1.367353 40.216930
v -60.062038 1.367354 39.525311
v -60.146122 1.925360 39.631500
v -60.146122 1.925359 40.132999
v -60.062038 1.367354 39.525311
v -60.780148 1.367354 39.525311
v -60.696060 1.925360 39.631500
v -60.146122 1.925360 39.631500
v -60.780148 1.367354 39.525311
v -60.780148 1.367353 40.216930
v -60.696060 1.925359 40.132999
v -60.696060 1.925360 39.631500
v -57.141518 4.719609 39.955498
v -53.920864 4.719609 39.955498
v -53.920864 4.719609 39.767887
v -57.141518 4.719609 39.767887
v -57.141518 1.398045 39.955498
v -53.920864 1.398045 39.955498
v -53.920864 4.719609 39.955498
v -57.141518 4.719609 39.955498
v -53.920864 1.398045 39.955498
v -53.920864 1.398046 39.767887
v -53.920864 4.719609 39.767887
v -53.920864 4.719609 39.955498
v -53.920864 1.398046 39.767887
v -57.141518 1.398046 39.767887
v -57.141518 4.719609 39.767887
v -53.920864 4.719609 39.767887
v -57.141518 1.398046 39.767887
v -57.141518 1.398045 39.955498
v -57.141518 4.719609 39.955498
v -57.141518 4.719609 39.767887
v -63.659706 4.719609 39.955498
v -60.439056 4.719609 39.955498
v -60.439056 4.719609 39.767887
v -63.659706 4.719609 39.767887
v -63.659706 1.398045 39.955498
v -60.439056 1.398045 39.955498
v -60.439056 4.719609 39.955498
v -63.659706 4.719609 39.955498
v -60.439056 1.398045 39.955498
v -60.439056 1.398046 39.767887
v -60.439056 4.719609 39.767887
v -60.439056 4.719609 39.955498
v -60.439056 1.398046 39.767887
v -63.659706 1.398046 39.767887
v -63.659706 4.719609 39.767887
v -60.439056 4.719609 39.767887
v -63.659706 1.398046 39.767887
v -63.659706 1.398045 39.955498
v -63.659706 4.719609 39.955498
v -63.659706 4.719609 39.767887
v -60.413651 4.719609 39.955498
v -57.192997 4.719609 39.955498
v -57.192997 4.719609 39.767887
v -60.413651 4.719609 39.767887
v -60.413651 1.398045 39.955498
v -57.192997 1.398045 39.955498
v -57.192997 4.719609 39.955498
v -60.413651 4.719609 39.955498
v -57.192997 1.398045 39.955498
v -57.192997 1.398046 39.767887
v -57.192997 4.719609 39.767887
v -57.192997 4.719609 39.955498
v -57.192997 1.398046 39.767887
v -60.413651 1.398046 39.767887
v -60.413651 4.719609 39.767887
v -57.192997 4.719609 39.767887
v -60.413651 1.398046 39.767887
v -60.413651 1.398045 39.955498
v -60.413651 4.719609 39.955498
v -60.413651 4.719609 39.767887
v -67.213455 1.925359 40.132999
v -66.663521 1.925359 40.132999
v -66.663521 1.925360 39.631500
v -67.213455 1.925360 39.631500
v -67.297546 1.367353 40.216930
v -66.579437 1.367353 40.216930
v -66.663521 1.925359 40.132999
v -67.213455 1.925359 40.132999
v -66.579437 1.367353 40.216930
v -66.579437 1.367354 39.525311
v -66.663521 1.925360 39.631500
v -66.663521 1.925359 40.132999
v -66.579437 1.367354 39.525311
v -67.297546 1.367354 39.525311
v -67.213455 1.925360 39.631500
v -66.663521 1.925360 39.631500
v -67.297546 1.367354 39.525311
v -67.297546 1.367353 40.216930
v -67.213455 1.925359 40.132999
v -67.213455 1.925360 39.631500
v -63.942116 1.925359 40.132999
v -63.392181 1.925359 40.132999
v -63.392181 1.925360 39.631500
v -63.942116 1.925360 39.631500
v -64.026199 1.367353 40.216930
v -63.308094 1.367353 40.216930
v -63.392181 1.925359 40.132999
v -63.942116 1.925359 40.132999
v -63.308094 1.367353 40.216930
v -63.308094 1.367354 39.525311
v -63.392181 1.925360 39.631500
v -63.392181 1.925359 40.132999
v -63.308094 1.367354 39.525311
v -64.026199 1.367354 39.525311
v -63.942116 1.925360 39.631500
v -63.392181 1.925360 39.631500
v -64.026199 1.367354 39.525311
v -64.026199 1.367353 40.216930
v -63.942116 1.925359 40.132999
v -63.942116 1.925360 39.631500
v -66.931046 4.472076 39.050705
v -63.710396 4.472076 39.050705
v -63.710396 4.395969 38.879227
v -66.931046 4.395969 38.879227
v -66.931046 1.436099 40.398159
v -63.710396 1.436099 40.398159
v -63.710396 4.472076 39.050705
v -66.931046 4.472076 39.050705
v -63.710396 1.436099 40.398159
v -63.710396 1.359992 40.226681
v -63.710396 4.395969 38.879227
v -63.710396 4.472076 39.050705
v -63.710396 1.359992 40.226681
v -66.931046 1.359992 40.226681
v -66.931046 4.395969 38.879227
v -63.710396 4.395969 38.879227
v -66.931046 1.359992 40.226681
v -66.931046 1.436099 40.398159
v -66.931046 4.472076 39.050705
v -66.931046 4.395969 38.879227
v -70.200844 4.719609 39.955498
v -66.980194 4.719609 39.955498
v -66.980194 4.719609 39.767887
v -70.200844 4.719609 39.767887
v -70.200844 1.398045 39.955498
v -66.980194 1.398045 39.955498
v -66.980194 4.719609 39.955498
v -70.200844 4.719609 39.955498
v -66.980194 1.398045 39.955498
v -66.980194 1.398046 39.767887
v -66.980194 4.719609 39.767887
v -66.980194 4.719609 39.955498
v -66.980194 1.398046 39.767887
v -70.200844 1.398046 39.767887
v -70.200844 4.719609 39.767887
v -66.980194 4.719609 39.767887
v -70.200844 1.398046 39.767887
v -70.200844 1.398045 39.955498
v -70.200844 4.719609 39.955498
v -70.200844 4.719609 39.767887
v -70.532944 1.925359 40.132999
v -69.983002 1.925359 40.132999
v -69.983002 1.925360 39.631500
v -70.532944 1.925360 39.631500
v -70.617027 1.367353 40.216930
v -69.898918 1.367353 40.216930
v -69.983002 1.925359 40.132999
v -70.532944 1.925359 40.132999
v -69.898918 1.367353 40.216930
v -69.898918 1.367354 39.525311
v -69.983002 1.925360 39.631500
v -69.983002 1.925359 40.132999
v -69.898918 1.367354 39.525311
v -70.617027 1.367354 39.525311
v -70.532944 1.925360 39.631500
v -69.983002 1.925360 39.631500
v -70.617027 1.367354 39.525311
v -70.617027 1.367353 40.216930
v -70.532944 1.925359 40.132999
v -70.532944 1.925360 39.631500
v -73.805199 1.925359 40.132999
v -73.255257 1.925359 40.132999
v -73.255257 1.925360 39.631500
v -73.805199 1.925360 39.631500
v -73.889282 1.367353 40.216930
v -73.171173 1.367353 40.216930
v -73.255257 1.925359 40.132999
v -73.805199 1.925359 40.132999
v -73.171173 1.367353 40.216930
v -73.171173 1.367354 39.525311
v -73.255257 1.925360 39.631500
v -73.255257 1.925359 40.132999
v -73.171173 1.367354 39.525311
v -73.889282 1.367354 39.525311
v -73.805199 1.925360 39.631500
v -73.255257 1.925360 39.631500
v -73.889282 1.367354 39.525311
v -73.889282 1.367353 40.216930
v -73.805199 1.925359 40.132999
v -73.805199 1.925360 39.631500
v -77.064926 1.925359 40.132999
v -76.514984 1.925359 40.132999
v -76.514984 1.925360 39.631500
v -77.064926 1.925360 39.631500
v -77.149010 1.367353 40.216930
v -76.430901 1.367353 40.216930
v -76.514984 1.925359 40.132999
v -77.064926 1.925359 40.132999
v -76.430901 1.367353 40.216930
v -76.430901 1.367354 39.525311
v -76.514984 1.925360 39.631500
v -76.514984 1.925359 40.132999
v -76.430901 1.367354 39.525311
v -77.149010 1.367354 39.525311
v -77.064926 1.925360 39.631500
v -76.514984 1.925360 39.631500
v -77.149010 1.367354 39.525311
v -77.149010 1.367353 40.216930
v -77.064926 1.925359 40.132999
v -77.064926 1.925360 39.631500
v -73.473099 4.719609 39.955498
v -70.252449 4.719609 39.955498
v -70.252449 4.719609 39.767887
v -73.473099 4.719609 39.767887
v -73.473099 1.398045 39.955498
v -70.252449 1.398045 39.955498
v -70.252449 4.719609 39.955498
v -73.473099 4.719609 39.955498
v -70.252449 1.398045 39.955498
v -70.252449 1.398046 39.767887
v -70.252449 4.719609 39.767887
v -70.252449 4.719609 39.955498
v -70.252449 1.398046 39.767887
v -73.473099 1.398046 39.767887
v -73.473099 4.719609 39.767887
v -70.252449 4.719609 39.767887
v -73.473099 1.398046 39.767887
v -73.473099 1.398045 39.955498
v -73.473099 4.719609 39.955498
v -73.473099 4.719609 39.767887
v -80.341293 1.925359 40.132999
v -79.791351 1.925359 40.132999
v -79.791351 1.925360 39.631500
v -80.341293 1.925360 39.631500
v -80.425377 1.367353 40.216930
v -79.707268 1.367353 40.216930
v -79.791351 1.925359 40.132999
v -80.341293 1.925359 40.132999
v -79.707268 1.367353 40.216930
v -79.707268 1.367354 39.525311
v -79.791351 1.925360 39.631500
v -79.791351 1.925359 40.132999
v -79.707268 1.367354 39.525311
v -80.425377 1.367354 39.525311
v -80.341293 1.925360 39.631500
v -79.791351 1.925360 39.631500
v -80.425377 1.367354 39.525311
v -80.425377 1.367353 40.216930
v -80.341293 1.925359 40.132999
v -80.341293 1.925360 39.631500
v -76.732826 4.719609 39.955498
v -73.512177 4.719609 39.955498
v -73.512177 4.719609 39.767887
v -76.732826 4.719609 39.767887
v -76.732826 1.398045 39.955498
v -73.512177 1.398045 39.955498
v -73.512177 4.719609 39.955498
v -76.732826 4.719609 39.955498
v -73.512177 1.398045 39.955498
v -73.512177 1.398046 39.767887
v -73.512177 4.719609 39.767887
v -73.512177 4.719609 39.955498
v -73.512177 1.398046 39.767887
v -76.732826 1.398046 39.767887
v -76.732826 4.719609 39.767887
v -73.512177 4.719609 39.767887
v -76.732826 1.398046 39.767887
v -76.732826 1.398045 39.955498
v -76.732826 4.719609 39.955498
v -76.732826 4.719609 39.767887
v -83.563736 1.925359 40.132999
v -83.013802 1.925359 40.132999
v -83.013802 1.925360 39.631500
v -83.563736 1.925360 39.631500
v -83.647827 1.367353 40.216930
v -82.929718 1.367353 40.216930
v -83.013802 1.925359 40.132999
v -83.563736 1.925359 40.132999
v -82.929718 1.367353 40.216930
v -82.929718 1.367354 39.525311
v -83.013802 1.925360 39.631500
v -83.013802 1.925359 40.132999
v -82.929718 1.367354 39.525311
v -83.647827 1.367354 39.525311
v -83.563736 1.925360 39.631500
v -83.013802 1.925360 39.631500
v -83.647827 1.367354 39.525311
v -83.647827 1.367353 40.216930
v -83.563736 1.925359 40.132999
v -83.563736 1.925360 39.631500
v -80.009193 4.719609 39.955498
v -76.788544 4.719609 39.955498
v -76.788544 4.719609 39.767887
v -80.009193 4.719609 39.767887
v -80.009193 1.398045 39.955498
v -76.788544 1.398045 39.955498
v -76.788544 4.719609 39.955498
v -80.009193 4.719609 39.955498
v -76.788544 1.398045 39.955498
v -76.788544 1.398046 39.767887
v -76.788544 4.719609 39.767887
v -76.788544 4.719609 39.955498
v -76.788544 1.398046 39.767887
v -80.009193 1.398046 39.767887
v -80.009193 4.719609 39.767887
v -76.788544 4.719609 39.767887
v -80.009193 1.398046 39.767887
v -80.009193 1.398045 39.955498
v -80.009193 4.719609 39.955498
v -80.009193 4.719609 39.767887
v -86.527382 4.719609 39.955498
v -83.306732 4.719609 39.955498
v -83.306732 4.719609 39.767887
v -86.527382 4.719609 39.767887
v -86.527382 1.398045 39.955498
v -83.306732 1.398045 39.955498
v -83.306732 4.719609 39.955498
v -86.527382 4.719609 39.955498
v -83.306732 1.398045 39.955498
v -83.306732 1.398046 39.767887
v -83.306732 4.719609 39.767887
v -83.306732 4.719609 39.955498
v -83.306732 1.398046 39.767887
v -86.527382 1.398046 39.767887
v -86.527382 4.719609 39.767887
v -83.306732 4.719609 39.767887
v -86.527382 1.398046 39.767887
v -86.527382 1.398045 39.955498
v -86.527382 4.719609 39.955498
v -86.527382 4.719609 39.767887
v -83.281326 4.719609 39.955498
v -80.060677 4.719609 39.955498
v -80.060677 4.719609 39.767887
v -83.281326 4.719609 39.767887
v -83.281326 1.398045 39.955498
v -80.060677 1.398045 39.955498
v -80.060677 4.719609 39.955498
v -83.281326 4.719609 39.955498
v -80.060677 1.398045 39.955498
v -80.060677 1.398046 39.767887
v -80.060677 4.719609 39.767887
v -80.060677 4.719609 39.955498
v -80.060677 1.398046 39.767887
v -83.281326 1.398046 39.767887
v -83.281326 4.719609 39.767887
v -80.060677 4.719609 39.767887
v -83.281326 1.398046 39.767887
v -83.281326 1.398045 39.955498
v -83.281326 4.719609 39.955498
v -83.281326 4.719609 39.767887
v -86.809792 1.925359 40.132999
v -86.259857 1.925359 40.132999
v -86.259857 1.925360 39.631500
v -86.809792 1.925360 39.631500
v -86.893875 1.367353 40.216930
v -86.175766 1.367353 40.216930
v -86.259857 1.925359 40.132999
v -86.809792 1.925359 40.132999
v -86.175766 1.367353 40.216930
v -86.175766 1.367354 39.525311
v -86.259857 1.925360 39.631500
v -86.259857 1.925359 40.132999
v -86.175766 1.367354 39.525311
v -86.893875 1.367354 39.525311
v -86.809792 1.925360 39.631500
v -86.259857 1.925360 39.631500
v -86.893875 1.367354 39.525311
v -86.893875 1.367353 40.216930
v -86.809792 1.925359 40.132999
v -86.809792 1.925360 39.631500
v -90.107529 1.925359 40.132999
v -89.557587 1.925359 40.132999
v -89.557587 1.925360 39.631500
v -90.107529 1.925360 39.631500
v -90.191612 1.367353 40.216930
v -89.473503 1.367353 40.216930
v -89.557587 1.925359 40.132999
v -90.107529 1.925359 40.132999
v -89.473503 1.367353 40.216930
v -89.473503 1.367354 39.525311
v -89.557587 1.925360 39.631500
v -89.557587 1.925359 40.132999
v -89.473503 1.367354 39.525311
v -90.191612 1.367354 39.525311
v -90.107529 1.925360 39.631500
v -89.557587 1.925360 39.631500
v -90.191612 1.367354 39.525311
v -90.191612 1.367353 40.216930
v -90.107529 1.925359 40.132999
v -90.107529 1.925360 39.631500
v -93.329971 1.925359 40.132999
v -92.780037 1.925359 40.132999
v -92.780037 1.925360 39.631500
v -93.329971 1.925360 39.631500
v -93.414062 1.367353 40.216930
v -92.695953 1.367353 40.216930
v -92.780037 1.925359 40.132999
v -93.329971 1.925359 40.132999
v -92.695953 1.367353 40.216930
v -92.695953 1.367354 39.525311
v -92.780037 1.925360 39.631500
v -92.780037 1.925359 40.132999
v -92.695953 1.367354 39.525311
v -93.414062 1.367354 39.525311
v -93.329971 1.925360 39.631500
v -92.780037 1.925360 39.631500
v -93.414062 1.367354 39.525311
v -93.414062 1.367353 40.216930
v -93.329971 1.925359 40.132999
v -93.329971 1.925360 39.631500
v -89.775429 4.719609 39.955498
v -86.554779 4.719609 39.955498
v -86.554779 4.719609 39.767887
v -89.775429 4.719609 39.767887
v -89.775429 1.398045 39.955498
v -86.554779 1.398045 39.955498
v -86.554779 4.719609 39.955498
v -89.775429 4.719609 39.955498
v -86.554779 1.398045 39.955498
v -86.554779 1.398046 39.767887
v -86.554779 4.719609 39.767887
v -86.554779 4.719609 39.955498
v -86.554779 1.398046 39.767887
v -89.775429 1.398046 39.767887
v -89.775429 4.719609 39.767887
v -86.554779 4.719609 39.767887
v -89.775429 1.398046 39.767887
v -89.775429 1.398045 39.955498
v -89.775429 4.719609 39.955498
v -89.775429 4.719609 39.767887
v -96.293617 4.719609 39.955498
v -93.072968 4.719609 39.955498
v -93.072968 4.719609 39.767887
v -96.293617 4.719609 39.767887
v -96.293617 1.398045 39.955498
v -93.072968 1.398045 39.955498
v -93.072968 4.719609 39.955498
v -96.293617 4.719609 39.955498
v -93.072968 1.398045 39.955498
v -93.072968 1.398046 39.767887
v -93.072968 4.719609 39.767887
v -93.072968 4.719609 39.955498
v -93.072968 1.398046 39.767887
v -96.293617 1.398046 39.767887
v -96.293617 4.719609 39.767887
v -93.072968 4.719609 39.767887
v -96.293617 1.398046 39.767887
v -96.293617 1.398045 39.955498
v -96.293617 4.719609 39.955498
v -96.293617 4.719609 39.767887
v -93.047562 4.719609 39.955498
v -89.826912 4.719609 39.955498
v -89.826912 4.719609 39.767887
v -93.047562 4.719609 39.767887
v -93.047562 1.398045 39.955498
v -89.826912 1.398045 39.955498
v -89.826912 4.719609 39.955498
v -93.047562 4.719609 39.955498
v -89.826912 1.398045 39.955498
v -89.826912 1.398046 39.767887
v -89.826912 4.719609 39.767887
v -89.826912 4.719609 39.955498
v -89.826912 1.398046 39.767887
v -93.047562 1.398046 39.767887
v -93.047562 4.719609 39.767887
v -89.826912 4.719609 39.767887
v -93.047562 1.398046 39.767887
v -93.047562 1.398045 39.955498
v -93.047562 4.719609 39.955498
v -93.047562 4.719609 39.767887
v -96.576027 1.925359 40.132999
v -96.026093 1.925359 40.132999
v -96.026093 1.925360 39.631500
v -96.576027 1.925360 39.631500
v -96.660110 1.367353 40.216930
v -95.942001 1.367353 40.216930
v -96.026093 1.925359 40.132999
v -96.576027 1.925359 40.132999
v -95.942001 1.367353 40.216930
v -95.942001 1.367354 39.525311
v -96.026093 1.925360 39.631500
v -96.026093 1.925359 40.132999
v -95.942001 1.367354 39.525311
v -96.660110 1.367354 39.525311
v -96.576027 1.925360 39.631500
v -96.026093 1.925360 39.631500
v -96.660110 1.367354 39.525311
v -96.660110 1.367353 40.216930
v -96.576027 1.925359 40.132999
v -96.576027 1.925360 39.631500
v -96.406303 4.719610 36.523643
v -96.406303 4.719609 39.744293
v -96.218697 4.719609 39.744293
v -96.218697 4.719610 36.523643
v -96.406303 1.398046 36.523643
v -96.406303 1.398046 39.744293
v -96.406303 4.719609 39.744293
v -96.406303 4.719610 36.523643
v -96.406303 1.398046 39.744293
v -96.218697 1.398046 39.744293
v -96.218697 4.719609 39.744293
v -96.406303 4.719609 39.744293
v -96.218697 1.398046 39.744293
v -96.218697 1.398046 36.523643
v -96.218697 4.719610 36.523643
v -96.218697 4.719609 39.744293
v -96.218697 1.398046 36.523643
v -96.406303 1.398046 36.523643
v -96.406303 4.719610 36.523643
v -96.218697 4.719610 36.523643
v -96.583809 1.925360 36.191544
v -96.583809 1.925360 36.741482
v -96.082306 1.925360 36.741482
v -96.082306 1.925360 36.191544
v -96.667740 1.367354 36.107460
v -96.667740 1.367354 36.825569
v -96.583809 1.925360 36.741482
v -96.583809 1.925360 36.191544
v -96.667740 1.367354 36.825569
v -95.976120 1.367354 36.825569
v -96.082306 1.925360 36.741482
v -96.583809 1.925360 36.741482
v -95.976120 1.367354 36.825569
v -95.976120 1.367354 36.107460
v -96.082306 1.925360 36.191544
v -96.082306 1.925360 36.741482
v -95.976120 1.367354 36.107460
v -96.667740 1.367354 36.107460
v -96.583809 1.925360 36.191544
v -96.082306 1.925360 36.191544
v -96.583809 1.925361 32.919289
v -96.583809 1.925361 33.469227
v -96.082306 1.925361 33.469231
v -96.082306 1.925361 32.919289
v -96.667740 1.367355 32.835205
v -96.667740 1.367355 33.553314
v -96.583809 1.925361 33.469227
v -96.583809 1.925361 32.919289
v -96.667740 1.367355 33.553314
v -95.976120 1.367355 33.553314
v -96.082306 1.925361 33.469231
v -96.583809 1.925361 33.469227
v -95.976120 1.367355 33.553314
v -95.976120 1.367355 32.835205
v -96.082306 1.925361 32.919289
v -96.082306 1.925361 33.469231
v -95.976120 1.367355 32.835205
v -96.667740 1.367355 32.835205
v -96.583809 1.925361 32.919289
v -96.082306 1.925361 32.919289
v -96.583809 1.925361 29.659563
v -96.583809 1.925361 30.209503
v -96.082306 1.925361 30.209503
v -96.082306 1.925361 29.659563
v -96.667740 1.367355 29.575478
v -96.667740 1.367355 30.293587
v -96.583809 1.925361 30.209503
v -96.583809 1.925361 29.659563
v -96.667740 1.367355 30.293587
v -95.976120 1.367355 30.293589
v -96.082306 1.925361 30.209503
v -96.583809 1.925361 30.209503
v -95.976120 1.367355 30.293589
v -95.976120 1.367355 29.575480
v -96.082306 1.925361 29.659563
v -96.082306 1.925361 30.209503
v -95.976120 1.367355 29.575480
v -96.667740 1.367355 29.575478
v -96.583809 1.925361 29.659563
v -96.082306 1.925361 29.659563
v -96.406303 4.719611 33.251389
v -96.406303 4.719610 36.472038
v -96.218697 4.719610 36.472038
v -96.218697 4.719611 33.251389
v -96.406303 1.398047 33.251389
v -96.406303 1.398046 36.472038
v -96.406303 4.719610 36.472038
v -96.406303 4.719611 33.251389
v -96.406303 1.398046 36.472038
v -96.218697 1.398046 36.472038
v -96.218697 4.719610 36.472038
v -96.406303 4.719610 36.472038
v -96.218697 1.398046 36.472038
v -96.218697 1.398047 33.251389
v -96.218697 4.719611 33.251389
v -96.218697 4.719610 36.472038
v -96.218697 1.398047 33.251389
v -96.406303 1.398047 33.251389
v -96.406303 4.719611 33.251389
v -96.218697 4.719611 33.251389
v -96.583801 1.925362 26.383196
v -96.583801 1.925362 26.933134
v -96.082306 1.925362 26.933136
v -96.082306 1.925362 26.383198
v -96.667732 1.367356 26.299110
v -96.667732 1.367356 27.017220
v -96.583801 1.925362 26.933134
v -96.583801 1.925362 26.383196
v -96.667732 1.367356 27.017220
v -95.976112 1.367356 27.017221
v -96.082306 1.925362 26.933136
v -96.583801 1.925362 26.933134
v -95.976112 1.367356 27.017221
v -95.976112 1.367356 26.299112
v -96.082306 1.925362 26.383198
v -96.082306 1.925362 26.933136
v -95.976112 1.367356 26.299112
v -96.667732 1.367356 26.299110
v -96.583801 1.925362 26.383196
v -96.082306 1.925362 26.383198
v -96.406303 4.719611 29.991661
v -96.406303 4.719611 33.212315
v -96.218697 4.719611 33.212315
v -96.218697 4.719611 29.991663
v -96.406303 1.398047 29.991661
v -96.406303 1.398047 33.212315
v -96.406303 4.719611 33.212315
v -96.406303 4.719611 29.991661
v -96.406303 1.398047 33.212315
v -96.218697 1.398047 33.212315
v -96.218697 4.719611 33.212315
v -96.406303 4.719611 33.212315
v -96.218697 1.398047 33.212315
v -96.218697 1.398047 29.991663
v -96.218697 4.719611 29.991663
v -96.218697 4.719611 33.212315
v -96.218697 1.398047 29.991663
v -96.406303 1.398047 29.991661
v -96.406303 4.719611 29.991661
v -96.218697 4.719611 29.991663
v -96.583801 1.925362 23.160749
v -96.583801 1.925362 23.710690
v -96.082306 1.925362 23.710690
v -96.082306 1.925362 23.160749
v -96.667732 1.367356 23.076664
v -96.667732 1.367356 23.794773
v -96.583801 1.925362 23.710690
v -96.583801 1.925362 23.160749
v -96.667732 1.367356 23.794773
v -95.976112 1.367356 23.794773
v -96.082306 1.925362 23.710690
v -96.583801 1.925362 23.710690
v -95.976112 1.367356 23.794773
v -95.976112 1.367356 23.076664
v -96.082306 1.925362 23.160749
v -96.082306 1.925362 23.710690
v -95.976112 1.367356 23.076664
v -96.667732 1.367356 23.076664
v -96.583801 1.925362 23.160749
v -96.082306 1.925362 23.160749
v -96.406303 4.719612 26.715294
v -96.406303 4.719611 29.935946
v -96.218697 4.719611 29.935947
v -96.218689 4.719612 26.715296
v -96.406303 1.398048 26.715294
v -96.406303 1.398047 29.935946
v -96.406303 4.719611 29.935946
v -96.406303 4.719612 26.715294
v -96.406303 1.398047 29.935946
v -96.218697 1.398047 29.935947
v -96.218697 4.719611 29.935947
v -96.406303 4.719611 29.935946
v -96.218697 1.398047 29.935947
v -96.218689 1.398048 26.715296
v -96.218689 4.719612 26.715296
v -96.218697 4.719611 29.935947
v -96.218689 1.398048 26.715296
v -96.406303 1.398048 26.715294
v -96.406303 4.719612 26.715294
v -96.218689 4.719612 26.715296
v -96.406303 4.719613 20.197105
v -96.406303 4.719612 23.417757
v -96.218689 4.719612 23.417757
v -96.218689 4.719613 20.197105
v -96.406303 1.398049 20.197105
v -96.406303 1.398048 23.417757
v -96.406303 4.719612 23.417757
v -96.406303 4.719613 20.197105
v -96.406303 1.398048 23.417757
v -96.218689 1.398048 23.417757
v -96.218689 4.719612 23.417757
v -96.406303 4.719612 23.417757
v -96.218689 1.398048 23.417757
v -96.218689 1.398049 20.197105
v -96.218689 4.719613 20.197105
v -96.218689 4.719612 23.417757
v -96.218689 1.398049 20.197105
v -96.406303 1.398049 20.197105
v -96.406303 4.719613 20.197105
v -96.218689 4.719613 20.197105
v -96.406303 4.719612 23.443161
v -96.406303 4.719612 26.663813
v -96.218689 4.719612 26.663815
v -96.218689 4.719612 23.443161
v -96.406303 1.398048 23.443161
v -96.406303 1.398048 26.663813
v -96.406303 4.719612 26.663813
v -96.406303 4.719612 23.443161
v -96.406303 1.398048 26.663813
v -96.218689 1.398048 26.663815
v -96.218689 4.719612 26.663815
v -96.406303 4.719612 26.663813
v -96.218689 1.398048 26.663815
v -96.218689 1.398048 23.443161
v -96.218689 4.719612 23.443161
v -96.218689 4.719612 26.663815
v -96.218689 1.398048 23.443161
v -96.406303 1.398048 23.443161
v -96.406303 4.719612 23.443161
v -96.218689 4.719612 23.443161
v -96.583801 1.925363 19.914694
v -96.583801 1.925363 20.464632
v -96.082306 1.925363 20.464632
v -96.082306 1.925363 19.914694
v -96.667732 1.367357 19.830608
v -96.667732 1.367357 20.548717
v -96.583801 1.925363 20.464632
v -96.583801 1.925363 19.914694
v -96.667732 1.367357 20.548717
v -95.976112 1.367357 20.548717
v -96.082306 1.925363 20.464632
v -96.583801 1.925363 20.464632
v -95.976112 1.367357 20.548717
v -95.976112 1.367357 19.830608
v -96.082306 1.925363 19.914694
v -96.082306 1.925363 20.464632
v -95.976112 1.367357 19.830608
v -96.667732 1.367357 19.830608
v -96.583801 1.925363 19.914694
v -96.082306 1.925363 19.914694
v -96.583801 1.925364 14.541365
v -96.583801 1.925364 15.091304
v -96.082306 1.925364 15.091305
v -96.082306 1.925364 14.541366
v -96.667732 1.367358 14.457279
v -96.667732 1.367357 15.175388
v -96.583801 1.925364 15.091304
v -96.583801 1.925364 14.541365
v -96.667732 1.367357 15.175388
v -95.976112 1.367357 15.175388
v -96.082306 1.925364 15.091305
v -96.583801 1.925364 15.091304
v -95.976112 1.367357 15.175388
v -95.976112 1.367358 14.457279
v -96.082306 1.925364 14.541366
v -96.082306 1.925364 15.091305
v -95.976112 1.367358 14.457279
v -96.667732 1.367358 14.457279
v -96.583801 1.925364 14.541365
v -96.082306 1.925364 14.541366
v -96.406303 4.719614 11.577722
v -96.406303 4.719614 14.798373
v -96.218689 4.719614 14.798373
v -96.218689 4.719614 11.577722
v -96.406303 1.398050 11.577721
v -96.406303 1.398050 14.798372
v -96.406303 4.719614 14.798373
v -96.406303 4.719614 11.577722
v -96.406303 1.398050 14.798372
v -96.218689 1.398050 14.798372
v -96.218689 4.719614 14.798373
v -96.406303 4.719614 14.798373
v -96.218689 1.398050 14.798372
v -96.218689 1.398050 11.577721
v -96.218689 4.719614 11.577722
v -96.218689 4.719614 14.798373
v -96.218689 1.398050 11.577721
v -96.406303 1.398050 11.577721
v -96.406303 4.719614 11.577722
v -96.218689 4.719614 11.577722
v -96.583801 1.925364 11.295309
v -96.583801 1.925364 11.845247
v -96.082306 1.925364 11.845247
v -96.082306 1.925364 11.295309
v -96.667732 1.367358 11.211224
v -96.667732 1.367358 11.929333
v -96.583801 1.925364 11.845247
v -96.583801 1.925364 11.295309
v -96.667732 1.367358 11.929333
v -95.976112 1.367358 11.929333
v -96.082306 1.925364 11.845247
v -96.583801 1.925364 11.845247
v -95.976112 1.367358 11.929333
v -95.976112 1.367358 11.211224
v -96.082306 1.925364 11.295309
v -96.082306 1.925364 11.845247
v -95.976112 1.367358 11.211224
v -96.667732 1.367358 11.211224
v -96.583801 1.925364 11.295309
v -96.082306 1.925364 11.295309
v -92.935753 4.719614 11.437813
v -96.156403 4.719614 11.437813
v -96.156403 4.719614 11.625422
v -92.935753 4.719614 11.625422
v -92.935753 1.398050 11.437812
v -96.156403 1.398050 11.437812
v -96.156403 4.719614 11.437813
v -92.935753 4.719614 11.437813
v -96.156403 1.398050 11.437812
v -96.156403 1.398050 11.625422
v -96.156403 4.719614 11.625422
v -96.156403 4.719614 11.437813
v -96.156403 1.398050 11.625422
v -92.935753 1.398050 11.625422
v -92.935753 4.719614 11.625422
v -96.156403 4.719614 11.625422
v -92.935753 1.398050 11.625422
v -92.935753 1.398050 11.437812
v -92.935753 4.719614 11.437813
v -92.935753 4.719614 11.625422
v -92.603653 1.925364 11.260310
v -93.153587 1.925364 11.260310
v -93.153595 1.925364 11.761809
v -92.603653 1.925364 11.761809
v -92.519569 1.367358 11.176379
v -93.237679 1.367358 11.176379
v -93.153587 1.925364 11.260310
v -92.603653 1.925364 11.260310
v -93.237679 1.367358 11.176379
v -93.237679 1.367358 11.867999
v -93.153595 1.925364 11.761809
v -93.153587 1.925364 11.260310
v -93.237679 1.367358 11.867999
v -92.519569 1.367358 11.867999
v -92.603653 1.925364 11.761809
v -93.153595 1.925364 11.761809
v -92.519569 1.367358 11.867999
v -92.519569 1.367358 11.176379
v -92.603653 1.925364 11.260310
v -92.603653 1.925364 11.761809
v -89.331398 1.925364 11.260311
v -89.881340 1.925364 11.260311
v -89.881340 1.925364 11.761810
v -89.331398 1.925364 11.761810
v -89.247314 1.367358 11.176380
v -89.965424 1.367358 11.176380
v -89.881340 1.925364 11.260311
v -89.331398 1.925364 11.260311
v -89.965424 1.367358 11.176380
v -89.965424 1.367358 11.868000
v -89.881340 1.925364 11.761810
v -89.881340 1.925364 11.260311
v -89.965424 1.367358 11.868000
v -89.247314 1.367358 11.868000
v -89.331398 1.925364 11.761810
v -89.881340 1.925364 11.761810
v -89.247314 1.367358 11.868000
v -89.247314 1.367358 11.176380
v -89.331398 1.925364 11.260311
v -89.331398 1.925364 11.761810
v -86.071671 1.925364 11.260311
v -86.621613 1.925364 11.260311
v -86.621613 1.925364 11.761810
v -86.071671 1.925364 11.761810
v -85.987587 1.367358 11.176380
v -86.705696 1.367358 11.176380
v -86.621613 1.925364 11.260311
v -86.071671 1.925364 11.260311
v -86.705696 1.367358 11.176380
v -86.705696 1.367358 11.868000
v -86.621613 1.925364 11.761810
v -86.621613 1.925364 11.260311
v -86.705696 1.367358 11.868000
v -85.987587 1.367358 11.868000
v -86.071671 1.925364 11.761810
v -86.621613 1.925364 11.761810
v -85.987587 1.367358 11.868000
v -85.987587 1.367358 11.176380
v -86.071671 1.925364 11.260311
v -86.071671 1.925364 11.761810
v -89.663498 4.719614 11.437814
v -92.884148 4.719614 11.437813
v -92.884148 4.719614 11.625422
v -89.663498 4.719614 11.625424
v -89.663498 1.398050 11.437813
v -92.884148 1.398050 11.437812
v -92.884148 4.719614 11.437813
v -89.663498 4.719614 11.437814
v -92.884148 1.398050 11.437812
v -92.884148 1.398050 11.625422
v -92.884148 4.719614 11.625422
v -92.884148 4.719614 11.437813
v -92.884148 1.398050 11.625422
v -89.663498 1.398050 11.625423
v -89.663498 4.719614 11.625424
v -92.884148 4.719614 11.625422
v -89.663498 1.398050 11.625423
v -89.663498 1.398050 11.437813
v -89.663498 4.719614 11.437814
v -89.663498 4.719614 11.625424
v -82.795303 1.925364 11.260311
v -83.345245 1.925364 11.260311
v -83.345245 1.925364 11.761810
v -82.795303 1.925364 11.761810
v -82.711220 1.367358 11.176380
v -83.429329 1.367358 11.176380
v -83.345245 1.925364 11.260311
v -82.795303 1.925364 11.260311
v -83.429329 1.367358 11.176380
v -83.429329 1.367358 11.868000
v -83.345245 1.925364 11.761810
v -83.345245 1.925364 11.260311
v -83.429329 1.367358 11.868000
v -82.711220 1.367358 11.868000
v -82.795303 1.925364 11.761810
v -83.345245 1.925364 11.761810
v -82.711220 1.367358 11.868000
v -82.711220 1.367358 11.176380
v -82.795303 1.925364 11.260311
v -82.795303 1.925364 11.761810
v -86.403770 4.719614 11.437814
v -89.624420 4.719614 11.437814
v -89.624428 4.719614 11.625424
v -86.403770 4.719614 11.625424
v -86.403770 1.398050 11.437813
v -89.624420 1.398050 11.437813
v -89.624420 4.719614 11.437814
v -86.403770 4.719614 11.437814
v -89.624420 1.398050 11.437813
v -89.624428 1.398050 11.625423
v -89.624428 4.719614 11.625424
v -89.624420 4.719614 11.437814
v -89.624428 1.398050 11.625423
v -86.403770 1.398050 11.625423
v -86.403770 4.719614 11.625424
v -89.624428 4.719614 11.625424
v -86.403770 1.398050 11.625423
v -86.403770 1.398050 11.437813
v -86.403770 4.719614 11.437814
v -86.403770 4.719614 11.625424
v -79.572861 1.925364 11.260311
v -80.122795 1.925364 11.260311
v -80.122795 1.925364 11.761810
v -79.572861 1.925364 11.761810
v -79.488770 1.367358 11.176381
v -80.206879 1.367358 11.176380
v -80.122795 1.925364 11.260311
v -79.572861 1.925364 11.260311
v -80.206879 1.367358 11.176380
v -80.206886 1.367358 11.868000
v -80.122795 1.925364 11.761810
v -80.122795 1.925364 11.260311
v -80.206886 1.367358 11.868000
v -79.488777 1.367358 11.868001
v -79.572861 1.925364 11.761810
v -80.122795 1.925364 11.761810
v -79.488777 1.367358 11.868001
v -79.488770 1.367358 11.176381
v -79.572861 1.925364 11.260311
v -79.572861 1.925364 11.761810
v -83.127403 4.719614 11.437814
v -86.348053 4.719614 11.437814
v -86.348053 4.719614 11.625424
v -83.127403 4.719614 11.625424
v -83.127403 1.398050 11.437813
v -86.348053 1.398050 11.437813
v -86.348053 4.719614 11.437814
v -83.127403 4.719614 11.437814
v -86.348053 1.398050 11.437813
v -86.348053 1.398050 11.625423
v -86.348053 4.719614 11.625424
v -86.348053 4.719614 11.437814
v -86.348053 1.398050 11.625423
v -83.127403 1.398050 11.625423
v -83.127403 4.719614 11.625424
v -86.348053 4.719614 11.625424
v -83.127403 1.398050 11.625423
v -83.127403 1.398050 11.437813
v -83.127403 4.719614 11.437814
v -83.127403 4.719614 11.625424
v -76.609215 4.719614 11.437815
v -79.829865 4.719614 11.437814
v -79.829865 4.719614 11.625424
v -76.609215 4.719614 11.625425
v -76.609215 1.398050 11.437814
v -79.829865 1.398050 11.437813
v -79.829865 4.719614 11.437814
v -76.609215 4.719614 11.437815
v -79.829865 1.398050 11.437813
v -79.829865 1.398050 11.625423
v -79.829865 4.719614 11.625424
v -79.829865 4.719614 11.437814
v -79.829865 1.398050 11.625423
v -76.609215 1.398050 11.625424
v -76.609215 4.719614 11.625425
v -79.829865 4.719614 11.625424
v -76.609215 1.398050 11.625424
v -76.609215 1.398050 11.437814
v -76.609215 4.719614 11.437815
v -76.609215 4.719614 11.625425
v -79.855270 4.719614 11.437814
v -83.075920 4.719614 11.437814
v -83.075920 4.719614 11.625424
v -79.855270 4.719614 11.625424
v -79.855270 1.398050 11.437813
v -83.075920 1.398050 11.437813
v -83.075920 4.719614 11.437814
v -79.855270 4.719614 11.437814
v -83.075920 1.398050 11.437813
v -83.075920 1.398050 11.625423
v -83.075920 4.719614 11.625424
v -83.075920 4.719614 11.437814
v -83.075920 1.398050 11.625423
v -79.855270 1.398050 11.625423
v -79.855270 4.719614 11.625424
v -83.075920 4.719614 11.625424
v -79.855270 1.398050 11.625423
v -79.855270 1.398050 11.437813
v -79.855270 4.719614 11.437814
v -79.855270 4.719614 11.625424
v -76.326805 1.925364 11.260312
v -76.876740 1.925364 11.260312
v -76.876740 1.925364 11.761811
v -76.326805 1.925364 11.761811
v -76.242714 1.367358 11.176381
v -76.960823 1.367358 11.176381
v -76.876740 1.925364 11.260312
v -76.326805 1.925364 11.260312
v -76.960823 1.367358 11.176381
v -76.960831 1.367358 11.868001
v -76.876740 1.925364 11.761811
v -76.876740 1.925364 11.260312
v -76.960831 1.367358 11.868001
v -76.242722 1.367358 11.868001
v -76.326805 1.925364 11.761811
v -76.876740 1.925364 11.761811
v -76.242722 1.367358 11.868001
v -76.242714 1.367358 11.176381
v -76.326805 1.925364 11.260312
v -76.326805 1.925364 11.761811
v -73.281334 4.719614 11.437813
v -76.501984 4.719614 11.437813
v -76.501984 4.719614 11.625422
v -73.281334 4.719614 11.625422
v -73.281334 1.398050 11.437812
v -76.501984 1.398050 11.437812
v -76.501984 4.719614 11.437813
v -73.281334 4.719614 11.437813
v -76.501984 1.398050 11.437812
v -76.501984 1.398050 11.625422
v -76.501984 4.719614 11.625422
v -76.501984 4.719614 11.437813
v -76.501984 1.398050 11.625422
v -73.281334 1.398050 11.625422
v -73.281334 4.719614 11.625422
v -76.501984 4.719614 11.625422
v -73.281334 1.398050 11.625422
v -73.281334 1.398050 11.437812
v -73.281334 4.719614 11.437813
v -73.281334 4.719614 11.625422
v -72.949234 1.925364 11.260310
v -73.499168 1.925364 11.260310
v -73.499176 1.925364 11.761809
v -72.949234 1.925364 11.761809
v -72.865150 1.367358 11.176379
v -73.583260 1.367358 11.176379
v -73.499168 1.925364 11.260310
v -72.949234 1.925364 11.260310
v -73.583260 1.367358 11.176379
v -73.583260 1.367358 11.867999
v -73.499176 1.925364 11.761809
v -73.499168 1.925364 11.260310
v -73.583260 1.367358 11.867999
v -72.865150 1.367358 11.867999
v -72.949234 1.925364 11.761809
v -73.499176 1.925364 11.761809
v -72.865150 1.367358 11.867999
v -72.865150 1.367358 11.176379
v -72.949234 1.925364 11.260310
v -72.949234 1.925364 11.761809
v -69.676979 1.925364 11.260311
v -70.226921 1.925364 11.260311
v -70.226921 1.925364 11.761810
v -69.676979 1.925364 11.761810
v -69.592896 1.367358 11.176380
v -70.311005 1.367358 11.176380
v -70.226921 1.925364 11.260311
v -69.676979 1.925364 11.260311
v -70.311005 1.367358 11.176380
v -70.311005 1.367358 11.868000
v -70.226921 1.925364 11.761810
v -70.226921 1.925364 11.260311
v -70.311005 1.367358 11.868000
v -69.592896 1.367358 11.868000
v -69.676979 1.925364 11.761810
v -70.226921 1.925364 11.761810
v -69.592896 1.367358 11.868000
v -69.592896 1.367358 11.176380
v -69.676979 1.925364 11.260311
v -69.676979 1.925364 11.761810
v -66.417252 1.925364 11.260311
v -66.967194 1.925364 11.260311
v -66.967194 1.925364 11.761810
v -66.417252 1.925364 11.761810
v -66.333168 1.367358 11.176380
v -67.051277 1.367358 11.176380
v -66.967194 1.925364 11.260311
v -66.417252 1.925364 11.260311
v -67.051277 1.367358 11.176380
v -67.051277 1.367358 11.868000
v -66.967194 1.925364 11.761810
v -66.967194 1.925364 11.260311
v -67.051277 1.367358 11.868000
v -66.333168 1.367358 11.868000
v -66.417252 1.925364 11.761810
v -66.967194 1.925364 11.761810
v -66.333168 1.367358 11.868000
v -66.333168 1.367358 11.176380
v -66.417252 1.925364 11.260311
v -66.417252 1.925364 11.761810
v -70.009079 4.719614 11.437814
v -73.229729 4.719614 11.437813
v -73.229729 4.719614 11.625422
v -70.009079 4.719614 11.625424
v -70.009079 1.398050 11.437813
v -73.229729 1.398050 11.437812
v -73.229729 4.719614 11.437813
v -70.009079 4.719614 11.437814
v -73.229729 1.398050 11.437812
v -73.229729 1.398050 11.625422
v -73.229729 4.719614 11.625422
v -73.229729 4.719614 11.437813
v -73.229729 1.398050 11.625422
v -70.009079 1.398050 11.625423
v -70.009079 4.719614 11.625424
v -73.229729 4.719614 11.625422
v -70.009079 1.398050 11.625423
v -70.009079 1.398050 11.437813
v -70.009079 4.719614 11.437814
v -70.009079 4.719614 11.625424
v -63.140888 1.925364 11.260311
v -63.690826 1.925364 11.260311
v -63.690826 1.925364 11.761810
v -63.140888 1.925364 11.761810
v -63.056801 1.367358 11.176380
v -63.774910 1.367358 11.176380
v -63.690826 1.925364 11.260311
v -63.140888 1.925364 11.260311
v -63.774910 1.367358 11.176380
v -63.774910 1.367358 11.868000
v -63.690826 1.925364 11.761810
v -63.690826 1.925364 11.260311
v -63.774910 1.367358 11.868000
v -63.056801 1.367358 11.868000
v -63.140888 1.925364 11.761810
v -63.690826 1.925364 11.761810
v -63.056801 1.367358 11.868000
v -63.056801 1.367358 11.176380
v -63.140888 1.925364 11.260311
v -63.140888 1.925364 11.761810
v -66.749352 4.719614 11.437814
v -69.970001 4.719614 11.437814
v -69.970009 4.719614 11.625424
v -66.749352 4.719614 11.625424
v -66.749352 1.398050 11.437813
v -69.970001 1.398050 11.437813
v -69.970001 4.719614 11.437814
v -66.749352 4.719614 11.437814
v -69.970001 1.398050 11.437813
v -69.970009 1.398050 11.625423
v -69.970009 4.719614 11.625424
v -69.970001 4.719614 11.437814
v -69.970009 1.398050 11.625423
v -66.749352 1.398050 11.625423
v -66.749352 4.719614 11.625424
v -69.970009 4.719614 11.625424
v -66.749352 1.398050 11.625423
v -66.749352 1.398050 11.437813
v -66.749352 4.719614 11.437814
v -66.749352 4.719614 11.625424
v -59.918442 1.925364 11.260311
v -60.468380 1.925364 11.260311
v -60.468380 1.925364 11.761810
v -59.918442 1.925364 11.761810
v -59.834354 1.367358 11.176381
v -60.552464 1.367358 11.176380
v -60.468380 1.925364 11.260311
v -59.918442 1.925364 11.260311
v -60.552464 1.367358 11.176380
v -60.552464 1.367358 11.868000
v -60.468380 1.925364 11.761810
v -60.468380 1.925364 11.260311
v -60.552464 1.367358 11.868000
v -59.834354 1.367358 11.868001
v -59.918442 1.925364 11.761810
v -60.468380 1.925364 11.761810
v -59.834354 1.367358 11.868001
v -59.834354 1.367358 11.176381
v -59.918442 1.925364 11.260311
v -59.918442 1.925364 11.761810
v -63.472984 4.719614 11.437814
v -66.693634 4.719614 11.437814
v -66.693634 4.719614 11.625424
v -63.472984 4.719614 11.625424
v -63.472984 1.398050 11.437813
v -66.693634 1.398050 11.437813
v -66.693634 4.719614 11.437814
v -63.472984 4.719614 11.437814
v -66.693634 1.398050 11.437813
v -66.693634 1.398050 11.625423
v -66.693634 4.719614 11.625424
v -66.693634 4.719614 11.437814
v -66.693634 1.398050 11.625423
v -63.472984 1.398050 11.625423
v -63.472984 4.719614 11.625424
v -66.693634 4.719614 11.625424
v -63.472984 1.398050 11.625423
v -63.472984 1.398050 11.437813
v -63.472984 4.719614 11.437814
v -63.472984 4.719614 11.625424
v -56.954796 4.719614 11.437815
v -60.175446 4.719614 11.437814
v -60.175449 4.719614 11.625424
v -56.954796 4.719614 11.625425
v -56.954796 1.398050 11.437814
v -60.175446 1.398050 11.437813
v -60.175446 4.719614 11.437814
v -56.954796 4.719614 11.437815
v -60.175446 1.398050 11.437813
v -60.175449 1.398050 11.625423
v -60.175449 4.719614 11.625424
v -60.175446 4.719614 11.437814
v -60.175449 1.398050 11.625423
v -56.954796 1.398050 11.625424
v -56.954796 4.719614 11.625425
v -60.175449 4.719614 11.625424
v -56.954796 1.398050 11.625424
v -56.954796 1.398050 11.437814
v -56.954796 4.719614 11.437815
v -56.954796 4.719614 11.625425
v -60.200851 4.719614 11.437814
v -63.421505 4.719614 11.437814
v -63.421505 4.719614 11.625424
v -60.200851 4.719614 11.625424
v -60.200851 1.398050 11.437813
v -63.421505 1.398050 11.437813
v -63.421505 4.719614 11.437814
v -60.200851 4.719614 11.437814
v -63.421505 1.398050 11.437813
v -63.421505 1.398050 11.625423
v -63.421505 4.719614 11.625424
v -63.421505 4.719614 11.437814
v -63.421505 1.398050 11.625423
v -60.200851 1.398050 11.625423
v -60.200851 4.719614 11.625424
v -63.421505 4.719614 11.625424
v -60.200851 1.398050 11.625423
v -60.200851 1.398050 11.437813
v -60.200851 4.719614 11.437814
v -60.200851 4.719614 11.625424
v -56.672382 1.925364 11.260312
v -57.222321 1.925364 11.260312
v -57.222324 1.925364 11.761811
v -56.672386 1.925364 11.761811
v -56.588299 1.367358 11.176381
v -57.306408 1.367358 11.176381
v -57.222321 1.925364 11.260312
v -56.672382 1.925364 11.260312
v -57.306408 1.367358 11.176381
v -57.306408 1.367358 11.868001
v -57.222324 1.925364 11.761811
v -57.222321 1.925364 11.260312
v -57.306408 1.367358 11.868001
v -56.588299 1.367358 11.868001
v -56.672386 1.925364 11.761811
v -57.222324 1.925364 11.761811
v -56.588299 1.367358 11.868001
v -56.588299 1.367358 11.176381
v -56.672382 1.925364 11.260312
v -56.672386 1.925364 11.761811
v -53.657921 4.719614 11.437813
v -56.878571 4.719614 11.437813
v -56.878571 4.719614 11.625422
v -53.657921 4.719614 11.625422
v -53.657921 1.398050 11.437812
v -56.878571 1.398050 11.437812
v -56.878571 4.719614 11.437813
v -53.657921 4.719614 11.437813
v -56.878571 1.398050 11.437812
v -56.878571 1.398050 11.625422
v -56.878571 4.719614 11.625422
v -56.878571 4.719614 11.437813
v -56.878571 1.398050 11.625422
v -53.657921 1.398050 11.625422
v -53.657921 4.719614 11.625422
v -56.878571 4.719614 11.625422
v -53.657921 1.398050 11.625422
v -53.657921 1.398050 11.437812
v -53.657921 4.719614 11.437813
v -53.657921 4.719614 11.625422
v -53.325821 1.925364 11.260310
v -53.875759 1.925364 11.260310
v -53.875759 1.925364 11.761809
v -53.325821 1.925364 11.761809
v -53.241737 1.367358 11.176379
v -53.959846 1.367358 11.176379
v -53.875759 1.925364 11.260310
v -53.325821 1.925364 11.260310
v -53.959846 1.367358 11.176379
v -53.959846 1.367358 11.867999
v -53.875759 1.925364 11.761809
v -53.875759 1.925364 11.260310
v -53.959846 1.367358 11.867999
v -53.241737 1.367358 11.867999
v -53.325821 1.925364 11.761809
v -53.875759 1.925364 11.761809
v -53.241737 1.367358 11.867999
v -53.241737 1.367358 11.176379
v -53.325821 1.925364 11.260310
v -53.325821 1.925364 11.761809
v -50.053566 1.925364 11.260311
v -50.603504 1.925364 11.260311
v -50.603508 1.925364 11.761810
v -50.053566 1.925364 11.761810
v -49.969482 1.367358 11.176380
v -50.687592 1.367358 11.176380
v -50.603504 1.925364 11.260311
v -50.053566 1.925364 11.260311
v -50.687592 1.367358 11.176380
v -50.687592 1.367358 11.868000
v -50.603508 1.925364 11.761810
v -50.603504 1.925364 11.260311
v -50.687592 1.367358 11.868000
v -49.969482 1.367358 11.868000
v -50.053566 1.925364 11.761810
v -50.603508 1.925364 11.761810
v -49.969482 1.367358 11.868000
v -49.969482 1.367358 11.176380
v -50.053566 1.925364 11.260311
v -50.053566 1.925364 11.761810
v -46.793839 1.925364 11.260311
v -47.343781 1.925364 11.260311
v -47.343781 1.925364 11.761810
v -46.793842 1.925364 11.761810
v -46.709755 1.367358 11.176380
v -47.427864 1.367358 11.176380
v -47.343781 1.925364 11.260311
v -46.793839 1.925364 11.260311
v -47.427864 1.367358 11.176380
v -47.427864 1.367358 11.868000
v -47.343781 1.925364 11.761810
v -47.343781 1.925364 11.260311
v -47.427864 1.367358 11.868000
v -46.709755 1.367358 11.868000
v -46.793842 1.925364 11.761810
v -47.343781 1.925364 11.761810
v -46.709755 1.367358 11.868000
v -46.709755 1.367358 11.176380
v -46.793839 1.925364 11.260311
v -46.793842 1.925364 11.761810
v -50.385666 4.719614 11.437814
v -53.606316 4.719614 11.437813
v -53.606316 4.719614 11.625422
v -50.385666 4.719614 11.625424
v -50.385666 1.398050 11.437813
v -53.606316 1.398050 11.437812
v -53.606316 4.719614 11.437813
v -50.385666 4.719614 11.437814
v -53.606316 1.398050 11.437812
v -53.606316 1.398050 11.625422
v -53.606316 4.719614 11.625422
v -53.606316 4.719614 11.437813
v -53.606316 1.398050 11.625422
v -50.385666 1.398050 11.625423
v -50.385666 4.719614 11.625424
v -53.606316 4.719614 11.625422
v -50.385666 1.398050 11.625423
v -50.385666 1.398050 11.437813
v -50.385666 4.719614 11.437814
v -50.385666 4.719614 11.625424
v -43.517475 1.925364 11.260311
v -44.067413 1.925364 11.260311
v -44.067413 1.925364 11.761810
v -43.517475 1.925364 11.761810
v -43.433388 1.367358 11.176380
v -44.151497 1.367358 11.176380
v -44.067413 1.925364 11.260311
v -43.517475 1.925364 11.260311
v -44.151497 1.367358 11.176380
v -44.151497 1.367358 11.868000
v -44.067413 1.925364 11.761810
v -44.067413 1.925364 11.260311
v -44.151497 1.367358 11.868000
v -43.433388 1.367358 11.868000
v -43.517475 1.925364 11.761810
v -44.067413 1.925364 11.761810
v -43.433388 1.367358 11.868000
v -43.433388 1.367358 11.176380
v -43.517475 1.925364 11.260311
v -43.517475 1.925364 11.761810
v -47.125938 4.719614 11.437814
v -50.346592 4.719614 11.437814
v -50.346592 4.719614 11.625424
v -47.125938 4.719614 11.625424
v -47.125938 1.398050 11.437813
v -50.346592 1.398050 11.437813
v -50.346592 4.719614 11.437814
v -47.125938 4.719614 11.437814
v -50.346592 1.398050 11.437813
v -50.346592 1.398050 11.625423
v -50.346592 4.719614 11.625424
v -50.346592 4.719614 11.437814
v -50.346592 1.398050 11.625423
v -47.125938 1.398050 11.625423
v -47.125938 4.719614 11.625424
v -50.346592 4.719614 11.625424
v -47.125938 1.398050 11.625423
v -47.125938 1.398050 11.437813
v -47.125938 4.719614 11.437814
v -47.125938 4.719614 11.625424
v -43.849571 4.719614 11.437814
v -47.070225 4.719614 11.437814
v -47.070225 4.719614 11.625424
v -43.849571 4.719614 11.625424
v -43.849571 1.398050 11.437813
v -47.070225 1.398050 11.437813
v -47.070225 4.719614 11.437814
v -43.849571 4.719614 11.437814
v -47.070225 1.398050 11.437813
v -47.070225 1.398050 11.625423
v -47.070225 4.719614 11.625424
v -47.070225 4.719614 11.437814
v -47.070225 1.398050 11.625423
v -43.849571 1.398050 11.625423
v -43.849571 4.719614 11.625424
v -47.070225 4.719614 11.625424
v -43.849571 1.398050 11.625423
v -43.849571 1.398050 11.437813
v -43.849571 4.719614 11.437814
v -43.849571 4.719614 11.625424
v -43.805977 4.719614 14.883340
v -43.805977 4.719614 11.662690
v -43.993587 4.719614 11.662690
v -43.993587 4.719614 14.883340
v -43.805977 1.398050 14.883339
v -43.805977 1.398050 11.662689
v -43.805977 4.719614 11.662690
v -43.805977 4.719614 14.883340
v -43.805977 1.398050 11.662689
v -43.993587 1.398050 11.662689
v -43.993587 4.719614 11.662690
v -43.805977 4.719614 11.662690
v -43.993587 1.398050 11.662689
v -43.993587 1.398050 14.883339
v -43.993587 4.719614 14.883340
v -43.993587 4.719614 11.662690
v -43.993587 1.398050 14.883339
v -43.805977 1.398050 14.883339
v -43.805977 4.719614 14.883340
v -43.993587 4.719614 14.883340
v -43.628475 1.925364 15.215439
v -43.628475 1.925364 14.665501
v -44.129974 1.925364 14.665501
v -44.129974 1.925364 15.215439
v -43.544544 1.367357 15.299522
v -43.544544 1.367358 14.581413
v -43.628475 1.925364 14.665501
v -43.628475 1.925364 15.215439
v -43.544544 1.367358 14.581413
v -44.236164 1.367358 14.581413
v -44.129974 1.925364 14.665501
v -43.628475 1.925364 14.665501
v -44.236164 1.367358 14.581413
v -44.236164 1.367357 15.299522
v -44.129974 1.925364 15.215439
v -44.129974 1.925364 14.665501
v -44.236164 1.367357 15.299522
v -43.544544 1.367357 15.299522
v -43.628475 1.925364 15.215439
v -44.129974 1.925364 15.215439
v -43.628475 1.925363 18.487694
v -43.628475 1.925363 17.937754
v -44.129974 1.925363 17.937754
v -44.129974 1.925363 18.487694
v -43.544544 1.367357 18.571777
v -43.544544 1.367357 17.853668
v -43.628475 1.925363 17.937754
v -43.628475 1.925363 18.487694
v -43.544544 1.367357 17.853668
v -44.236164 1.367357 17.853668
v -44.129974 1.925363 17.937754
v -43.628475 1.925363 17.937754
v -44.236164 1.367357 17.853668
v -44.236164 1.367357 18.571777
v -44.129974 1.925363 18.487694
v -44.129974 1.925363 17.937754
v -44.236164 1.367357 18.571777
v -43.544544 1.367357 18.571777
v -43.628475 1.925363 18.487694
v -44.129974 1.925363 18.487694
v -43.628475 1.925362 21.747419
v -43.628475 1.925363 21.197479
v -44.129974 1.925363 21.197479
v -44.129974 1.925362 21.747419
v -43.544544 1.367356 21.831505
v -43.544544 1.367357 21.113396
v -43.628475 1.925363 21.197479
v -43.628475 1.925362 21.747419
v -43.544544 1.367357 21.113396
v -44.236164 1.367357 21.113394
v -44.129974 1.925363 21.197479
v -43.628475 1.925363 21.197479
v -44.236164 1.367357 21.113394
v -44.236164 1.367356 21.831503
v -44.129974 1.925362 21.747419
v -44.129974 1.925363 21.197479
v -44.236164 1.367356 21.831503
v -43.544544 1.367356 21.831505
v -43.628475 1.925362 21.747419
v -44.129974 1.925362 21.747419
v -43.805977 4.719613 18.155594
v -43.805977 4.719614 14.934945
v -43.993587 4.719614 14.934945
v -43.993587 4.719613 18.155594
v -43.805977 1.398049 18.155594
v -43.805977 1.398050 14.934944
v -43.805977 4.719614 14.934945
v -43.805977 4.719613 18.155594
v -43.805977 1.398050 14.934944
v -43.993587 1.398050 14.934944
v -43.993587 4.719614 14.934945
v -43.805977 4.719614 14.934945
v -43.993587 1.398050 14.934944
v -43.993587 1.398049 18.155594
v -43.993587 4.719613 18.155594
v -43.993587 4.719614 14.934945
v -43.993587 1.398049 18.155594
v -43.805977 1.398049 18.155594
v -43.805977 4.719613 18.155594
v -43.993587 4.719613 18.155594
v -43.628475 1.925362 25.023787
v -43.628475 1.925362 24.473848
v -44.129974 1.925362 24.473846
v -44.129974 1.925362 25.023785
v -43.544544 1.367356 25.107872
v -43.544544 1.367356 24.389763
v -43.628475 1.925362 24.473848
v -43.628475 1.925362 25.023787
v -43.544544 1.367356 24.389763
v -44.236164 1.367356 24.389761
v -44.129974 1.925362 24.473846
v -43.628475 1.925362 24.473848
v -44.236164 1.367356 24.389761
v -44.236164 1.367356 25.107870
v -44.129974 1.925362 25.023785
v -44.129974 1.925362 24.473846
v -44.236164 1.367356 25.107870
v -43.544544 1.367356 25.107872
v -43.628475 1.925362 25.023787
v -44.129974 1.925362 25.023785
v -43.805977 4.719613 21.415321
v -43.805977 4.719613 18.194668
v -43.993587 4.719613 18.194668
v -43.993587 4.719613 21.415319
v -43.805977 1.398049 21.415321
v -43.805977 1.398049 18.194668
v -43.805977 4.719613 18.194668
v -43.805977 4.719613 21.415321
v -43.805977 1.398049 18.194668
v -43.993587 1.398049 18.194668
v -43.993587 4.719613 18.194668
v -43.805977 4.719613 18.194668
v -43.993587 1.398049 18.194668
v -43.993587 1.398049 21.415319
v -43.993587 4.719613 21.415319
v -43.993587 4.719613 18.194668
v -43.993587 1.398049 21.415319
v -43.805977 1.398049 21.415321
v -43.805977 4.719613 21.415321
v -43.993587 4.719613 21.415319
v -43.628475 1.925361 28.246233
v -43.628475 1.925362 27.696293
v -44.129974 1.925362 27.696293
v -44.129974 1.925361 28.246233
v -43.544544 1.367355 28.330318
v -43.544544 1.367355 27.612209
v -43.628475 1.925362 27.696293
v -43.628475 1.925361 28.246233
v -43.544544 1.367355 27.612209
v -44.236164 1.367355 27.612209
v -44.129974 1.925362 27.696293
v -43.628475 1.925362 27.696293
v -44.236164 1.367355 27.612209
v -44.236164 1.367355 28.330318
v -44.129974 1.925361 28.246233
v -44.129974 1.925362 27.696293
v -44.236164 1.367355 28.330318
v -43.544544 1.367355 28.330318
v -43.628475 1.925361 28.246233
v -44.129974 1.925361 28.246233
v -43.805977 4.719612 24.691689
v -43.805977 4.719613 21.471037
v -43.993587 4.719613 21.471035
v -43.993587 4.719612 24.691687
v -43.805977 1.398048 24.691689
v -43.805977 1.398049 21.471037
v -43.805977 4.719613 21.471037
v -43.805977 4.719612 24.691689
v -43.805977 1.398049 21.471037
v -43.993587 1.398049 21.471035
v -43.993587 4.719613 21.471035
v -43.805977 4.719613 21.471037
v -43.993587 1.398049 21.471035
v -43.993587 1.398048 24.691687
v -43.993587 4.719612 24.691687
v -43.993587 4.719613 21.471035
v -43.993587 1.398048 24.691687
v -43.805977 1.398048 24.691689
v -43.805977 4.719612 24.691689
v -43.993587 4.719612 24.691687
v -43.805977 4.719611 31.209877
v -43.805977 4.719611 27.989225
v -43.993587 4.719611 27.989225
v -43.993587 4.719611 31.209877
v -43.805977 1.398047 31.209877
v -43.805977 1.398047 27.989225
v -43.805977 4.719611 27.989225
v -43.805977 4.719611 31.209877
v -43.805977 1.398047 27.989225
v -43.993587 1.398047 27.989225
v -43.993587 4.719611 27.989225
v -43.805977 4.719611 27.989225
v -43.993587 1.398047 27.989225
v -43.993587 1.398047 31.209877
v -43.993587 4.719611 31.209877
v -43.993587 4.719611 27.989225
v -43.993587 1.398047 31.209877
v -43.805977 1.398047 31.209877
v -43.805977 4.719611 31.209877
v -43.993587 4.719611 31.209877
v -43.805977 4.719611 27.963821
v -43.805977 4.719612 24.743170
v -43.993587 4.719612 24.743168
v -43.993587 4.719611 27.963821
v -43.805977 1.398047 27.963821
v -43.805977 1.398048 24.743170
v -43.805977 4.719612 24.743170
v -43.805977 4.719611 27.963821
v -43.805977 1.398048 24.743170
v -43.993587 1.398048 24.743168
v -43.993587 4.719612 24.743168
v -43.805977 4.719612 24.743170
v -43.993587 1.398048 24.743168
v -43.993587 1.398047 27.963821
v -43.993587 4.719611 27.963821
v -43.993587 4.719612 24.743168
v -43.993587 1.398047 27.963821
v -43.805977 1.398047 27.963821
v -43.805977 4.719611 27.963821
v -43.993587 4.719611 27.963821
v -43.628475 1.925361 31.492289
v -43.628475 1.925361 30.942350
v -44.129974 1.925361 30.942350
v -44.129974 1.925361 31.492289
v -43.544544 1.367355 31.576374
v -43.544544 1.367355 30.858265
v -43.628475 1.925361 30.942350
v -43.628475 1.925361 31.492289
v -43.544544 1.367355 30.858265
v -44.236164 1.367355 30.858265
v -44.129974 1.925361 30.942350
v -43.628475 1.925361 30.942350
v -44.236164 1.367355 30.858265
v -44.236164 1.367355 31.576374
v -44.129974 1.925361 31.492289
v -44.129974 1.925361 30.942350
v -44.236164 1.367355 31.576374
v -43.544544 1.367355 31.576374
v -43.628475 1.925361 31.492289
v -44.129974 1.925361 31.492289
v -43.805977 4.719610 34.546425
v -43.805977 4.719611 31.325775
v -43.993587 4.719611 31.325775
v -43.993587 4.719610 34.546425
v -43.805977 1.398046 34.546425
v -43.805977 1.398047 31.325775
v -43.805977 4.719611 31.325775
v -43.805977 4.719610 34.546425
v -43.805977 1.398047 31.325775
v -43.993587 1.398047 31.325775
v -43.993587 4.719611 31.325775
v -43.805977 4.719611 31.325775
v -43.993587 1.398047 31.325775
v -43.993587 1.398046 34.546425
v -43.993587 4.719610 34.546425
v -43.993587 4.719611 31.325775
v -43.993587 1.398046 34.546425
v -43.805977 1.398046 34.546425
v -43.805977 4.719610 34.546425
v -43.993587 4.719610 34.546425
v -43.628475 1.925360 34.878525
v -43.628475 1.925360 34.328587
v -44.129974 1.925360 34.328587
v -44.129974 1.925360 34.878525
v -43.544544 1.367354 34.962608
v -43.544544 1.367354 34.244499
v -43.628475 1.925360 34.328587
v -43.628475 1.925360 34.878525
v -43.544544 1.367354 34.244499
v -44.236164 1.367354 34.244499
v -44.129974 1.925360 34.328587
v -43.628475 1.925360 34.328587
v -44.236164 1.367354 34.244499
v -44.236164 1.367354 34.962608
v -44.129974 1.925360 34.878525
v -44.129974 1.925360 34.328587
v -44.236164 1.367354 34.962608
v -43.544544 1.367354 34.962608
v -43.628475 1.925360 34.878525
v -44.129974 1.925360 34.878525
v -43.628475 1.925360 38.150780
v -43.628475 1.925360 37.600842
v -44.129974 1.925360 37.600838
v -44.129974 1.925360 38.150780
v -43.544544 1.367354 38.234863
v -43.544544 1.367354 37.516754
v -43.628475 1.925360 37.600842
v -43.628475 1.925360 38.150780
v -43.544544 1.367354 37.516754
v -44.236164 1.367354 37.516754
v -44.129974 1.925360 37.600838
v -43.628475 1.925360 37.600842
v -44.236164 1.367354 37.516754
v -44.236164 1.367354 38.234863
v -44.129974 1.925360 38.150780
v -44.129974 1.925360 37.600838
v -44.236164 1.367354 38.234863
v -43.544544 1.367354 38.234863
v -43.628475 1.925360 38.150780
v -44.129974 1.925360 38.150780
v -43.805977 4.719610 37.818680
v -43.805977 4.719610 34.598030
v -43.993587 4.719610 34.598030
v -43.993587 4.719610 37.818680
v -43.805977 1.398046 37.818680
v -43.805977 1.398046 34.598030
v -43.805977 4.719610 34.598030
v -43.805977 4.719610 37.818680
v -43.805977 1.398046 34.598030
v -43.993587 1.398046 34.598030
v -43.993587 4.719610 34.598030
v -43.805977 4.719610 34.598030
v -43.993587 1.398046 34.598030
v -43.993587 1.398046 37.818680
v -43.993587 4.719610 37.818680
v -43.993587 4.719610 34.598030
v -43.993587 1.398046 37.818680
v -43.805977 1.398046 37.818680
v -43.805977 4.719610 37.818680
v -43.993587 4.719610 37.818680
v -43.805977 4.719609 39.736122
v -43.805977 4.719610 37.857754
v -43.993587 4.719610 37.857754
v -43.993587 4.719609 39.736122
v -43.805977 1.398046 39.736122
v -43.805977 1.398046 37.857754
v -43.805977 4.719610 37.857754
v -43.805977 4.719609 39.736122
v -43.805977 1.398046 37.857754
v -43.993587 1.398046 37.857754
v -43.993587 4.719610 37.857754
v -43.805977 4.719610 37.857754
v -43.993587 1.398046 37.857754
v -43.993587 1.398046 39.736122
v -43.993587 4.719609 39.736122
v -43.993587 4.719610 37.857754
v -43.993587 1.398046 39.736122
v -43.805977 1.398046 39.736122
v -43.805977 4.719609 39.736122
v -43.993587 4.719609 39.736122
vt 0.724687 -8.125194
vt 0.845468 -8.125194
vt 0.845468 3.000002
vt 0.845468 3.000002
vt 0.724687 3.000002
vt 0.724687 -8.125194
vt 0.845468 -8.125194
vt 0.966249 -8.125194
vt 0.966249 3.000002
vt 0.966249 3.000002
vt 0.845468 3.000002
vt 0.845468 -8.125194
vt 0.000000 -8.125194
vt 0.120781 -8.125194
vt 0.120781 3.000002
vt 0.120781 3.000002
vt 0.000000 3.000002
vt 0.000000 -8.125194
vt 0.120781 -8.125194
vt 0.241562 -8.125194
vt 0.241562 3.000002
vt 0.241562 3.000002
vt 0.120781 3.000002
vt 0.120781 -8.125194
vt 0.241562 -8.125194
vt 0.362344 -8.125194
vt 0.362344 3.000002
vt 0.362344 3.000002
vt 0.241562 3.000002
vt 0.241562 -8.125194
vt 0.362344 -8.125194
vt 0.483125 -8.125194
vt 0.483125 3.000002
vt 0.483125 3.000002
vt 0.362344 3.000002
vt 0.362344 -8.125194
vt 0.483125 -8.125194
vt 0.603906 -8.125194
vt 0.603906 3.000002
vt 0.603906 3.000002
vt 0.483125 3.000002
vt 0.483125 -8.125194
vt 0.603906 -8.125194
vt 0.724687 -8.125194
vt 0.724687 3.000002
vt 0.724687 3.000002
vt 0.603906 3.000002
vt 0.603906 -8.125194
vt 0.141504 1.370755
vt 0.000000 -2.562596
vt 0.141504 -6.495947
vt 0.141504 -6.495947
vt 0.483125 -8.125194
vt 0.824745 -6.495946
vt 0.824745 -6.495946
vt 0.966249 -2.562595
vt 0.824745 1.370755
vt 0.141504 -6.495947
vt 0.824745 -6.495946
vt 0.824745 1.370755
vt 0.141504 1.370755
vt 0.141504 -6.495947
vt 0.824745 1.370755
vt 0.483125 3.000002
vt 0.141504 1.370755
vt 0.824745 1.370755
vt 0.724687 -8.125194
vt 0.845468 -8.125194
vt 0.845468 3.000002
vt 0.845468 3.000002
vt 0.724687 3.000002
vt 0.724687 -8.125194
vt 0.845468 -8.125194
vt 0.966249 -8.125194
vt 0.966249 3.000002
vt 0.966249 3.000002
vt 0.845468 3.000002
vt 0.845468 -8.125194
vt 0.000000 -8.125194
vt 0.120781 -8.125194
vt 0.120781 3.000002
vt 0.120781 3.000002
vt 0.000000 3.000002
vt 0.000000 -8.125194
vt 0.120781 -8.125194
vt 0.241562 -8.125194
vt 0.241562 3.000002
vt 0.241562 3.000002
vt 0.120781 3.000002
vt 0.120781 -8.125194
vt 0.241562 -8.125194
vt 0.362344 -8.125194
vt 0.362344 3.000002
vt 0.362344 3.000002
vt 0.241562 3.000002
vt 0.241562 -8.125194
vt 0.362344 -8.125194
vt 0.483125 -8.125194
vt 0.483125 3.000002
vt 0.483125 3.000002
vt 0.362344 3.000002
vt 0.362344 -8.125194
vt 0.483125 -8.125194
vt 0.603906 -8.125194
vt 0.603906 3.000002
vt 0.603906 3.000002
vt 0.483125 3.000002
vt 0.483125 -8.125194
vt 0.603906 -8.125194
vt 0.724687 -8.125194
vt 0.724687 3.000002
vt 0.724687 3.000002
vt 0.603906 3.000002
vt 0.603906 -8.125194
vt 0.141504 1.370755
vt 0.000000 -2.562596
vt 0.141504 -6.495947
vt 0.141504 -6.495947
vt 0.483125 -8.125194
vt 0.824745 -6.495946
vt 0.824745 -6.495946
vt 0.966249 -2.562595
vt 0.824745 1.370755
vt 0.141504 -6.495947
vt 0.824745 -6.495946
vt 0.824745 1.370755
vt 0.141504 1.370755
vt 0.141504 -6.495947
vt 0.824745 1.370755
vt 0.483125 3.000002
vt 0.141504 1.370755
vt 0.824745 1.370755
vt 0.724687 -8.125194
vt 0.845468 -8.125194
vt 0.845468 3.000002
vt 0.845468 3.000002
vt 0.724687 3.000002
vt 0.724687 -8.125194
vt 0.845468 -8.125194
vt 0.966249 -8.125194
vt 0.966249 3.000002
vt 0.966249 3.000002
vt 0.845468 3.000002
vt 0.845468 -8.125194
vt 0.000000 -8.125194
vt 0.120781 -8.125194
vt 0.120781 3.000002
vt 0.120781 3.000002
vt 0.000000 3.000002
vt 0.000000 -8.125194
vt 0.120781 -8.125194
vt 0.241562 -8.125194
vt 0.241562 3.000002
vt 0.241562 3.000002
vt 0.120781 3.000002
vt 0.120781 -8.125194
vt 0.241562 -8.125194
vt 0.362344 -8.125194
vt 0.362344 3.000002
vt 0.362344 3.000002
vt 0.241562 3.000002
vt 0.241562 -8.125194
vt 0.362344 -8.125194
vt 0.483125 -8.125194
vt 0.483125 3.000002
vt 0.483125 3.000002
vt 0.362344 3.000002
vt 0.362344 -8.125194
vt 0.483125 -8.125194
vt 0.603906 -8.125194
vt 0.603906 3.000002
vt 0.603906 3.000002
vt 0.483125 3.000002
vt 0.483125 -8.125194
vt 0.603906 -8.125194
vt 0.724687 -8.125194
vt 0.724687 3.000002
vt 0.724687 3.000002
vt 0.603906 3.000002
vt 0.603906 -8.125194
vt 0.141504 1.370755
vt 0.000000 -2.562596
vt 0.141504 -6.495947
vt 0.141504 -6.495947
vt 0.483125 -8.125194
vt 0.824745 -6.495946
vt 0.824745 -6.495946
vt 0.966249 -2.562595
vt 0.824745 1.370755
vt 0.141504 -6.495947
vt 0.824745 -6.495946
vt 0.824745 1.370755
vt 0.141504 1.370755
vt 0.141504 -6.495947
vt 0.824745 1.370755
vt 0.483125 3.000002
vt 0.141504 1.370755
vt 0.824745 1.370755
vt 0.724687 -8.125194
vt 0.845468 -8.125194
vt 0.845468 3.000002
vt 0.845468 3.000002
vt 0.724687 3.000002
vt 0.724687 -8.125194
vt 0.845468 -8.125194
vt 0.966249 -8.125194
vt 0.966249 3.000002
vt 0.966249 3.000002
vt 0.845468 3.000002
vt 0.845468 -8.125194
vt 0.000000 -8.125194
vt 0.120781 -8.125194
vt 0.120781 3.000002
vt 0.120781 3.000002
vt 0.000000 3.000002
vt 0.000000 -8.125194
vt 0.120781 -8.125194
vt 0.241562 -8.125194
vt 0.241562 3.000002
vt 0.241562 3.000002
vt 0.120781 3.000002
vt 0.120781 -8.125194
vt 0.241562 -8.125194
vt 0.362344 -8.125194
vt 0.362344 3.000002
vt 0.362344 3.000002
vt 0.241562 3.000002
vt 0.241562 -8.125194
vt 0.362344 -8.125194
vt 0.483125 -8.125194
vt 0.483125 3.000002
vt 0.483125 3.000002
vt 0.362344 3.000002
vt 0.362344 -8.125194
vt 0.483125 -8.125194
vt 0.603906 -8.125194
vt 0.603906 3.000002
vt 0.603906 3.000002
vt 0.483125 3.000002
vt 0.483125 -8.125194
vt 0.603906 -8.125194
vt 0.724687 -8.125194
vt 0.724687 3.000002
vt 0.724687 3.000002
vt 0.603906 3.000002
vt 0.603906 -8.125194
vt 0.141504 1.370755
vt 0.000000 -2.562596
vt 0.141504 -6.495947
vt 0.141504 -6.495947
vt 0.483125 -8.125194
vt 0.824745 -6.495946
vt 0.824745 -6.495946
vt 0.966249 -2.562595
vt 0.824745 1.370755
vt 0.141504 -6.495947
vt 0.824745 -6.495946
vt 0.824745 1.370755
vt 0.141504 1.370755
vt 0.141504 -6.495947
vt 0.824745 1.370755
vt 0.483125 3.000002
vt 0.141504 1.370755
vt 0.824745 1.370755
vt 0.724687 -8.125194
vt 0.845468 -8.125194
vt 0.845468 3.000002
vt 0.845468 3.000002
vt 0.724687 3.000002
vt 0.724687 -8.125194
vt 0.845468 -8.125194
vt 0.966249 -8.125194
vt 0.966249 3.000002
vt 0.966249 3.000002
vt 0.845468 3.000002
vt 0.845468 -8.125194
vt 0.000000 -8.125194
vt 0.120781 -8.125194
vt 0.120781 3.000002
vt 0.120781 3.000002
vt 0.000000 3.000002
vt 0.000000 -8.125194
vt 0.120781 -8.125194
vt 0.241562 -8.125194
vt 0.241562 3.000002
vt 0.241562 3.000002
vt 0.120781 3.000002
vt 0.120781 -8.125194
vt 0.241562 -8.125194
vt 0.362344 -8.125194
vt 0.362344 3.000002
vt 0.362344 3.000002
vt 0.241562 3.000002
vt 0.241562 -8.125194
vt 0.362344 -8.125194
vt 0.483125 -8.125194
vt 0.483125 3.000002
vt 0.483125 3.000002
vt 0.362344 3.000002
vt 0.362344 -8.125194
vt 0.483125 -8.125194
vt 0.603906 -8.125194
vt 0.603906 3.000002
vt 0.603906 3.000002
vt 0.483125 3.000002
vt 0.483125 -8.125194
vt 0.603906 -8.125194
vt 0.724687 -8.125194
vt 0.724687 3.000002
vt 0.724687 3.000002
vt 0.603906 3.000002
vt 0.603906 -8.125194
vt 0.141504 1.370755
vt 0.000000 -2.562596
vt 0.141504 -6.495947
vt 0.141504 -6.495947
vt 0.483125 -8.125194
vt 0.824745 -6.495946
vt 0.824745 -6.495946
vt 0.966249 -2.562595
vt 0.824745 1.370755
vt 0.141504 -6.495947
vt 0.824745 -6.495946
vt 0.824745 1.370755
vt 0.141504 1.370755
vt 0.141504 -6.495947
vt 0.824745 1.370755
vt 0.483125 3.000002
vt 0.141504 1.370755
vt 0.824745 1.370755
vt 0.724687 -8.125194
vt 0.845468 -8.125194
vt 0.845468 3.000002
vt 0.845468 3.000002
vt 0.724687 3.000002
vt 0.724687 -8.125194
vt 0.845468 -8.125194
vt 0.966249 -8.125194
vt 0.966249 3.000002
vt 0.966249 3.000002
vt 0.845468 3.000002
vt 0.845468 -8.125194
vt 0.000000 -8.125194
vt 0.120781 -8.125194
vt 0.120781 3.000002
vt 0.120781 3.000002
vt 0.000000 3.000002
vt 0.000000 -8.125194
vt 0.120781 -8.125194
vt 0.241562 -8.125194
vt 0.241562 3.000002
vt 0.241562 3.000002
vt 0.120781 3.000002
vt 0.120781 -8.125194
vt 0.241562 -8.125194
vt 0.362344 -8.125194
vt 0.362344 3.000002
vt 0.362344 3.000002
vt 0.241562 3.000002
vt 0.241562 -8.125194
vt 0.362344 -8.125194
vt 0.483125 -8.125194
vt 0.483125 3.000002
vt 0.483125 3.000002
vt 0.362344 3.000002
vt 0.362344 -8.125194
vt 0.483125 -8.125194
vt 0.603906 -8.125194
vt 0.603906 3.000002
vt 0.603906 3.000002
vt 0.483125 3.000002
vt 0.483125 -8.125194
vt 0.603906 -8.125194
vt 0.724687 -8.125194
vt 0.724687 3.000002
vt 0.724687 3.000002
vt 0.603906 3.000002
vt 0.603906 -8.125194
vt 0.141504 1.370755
vt 0.000000 -2.562596
vt 0.141504 -6.495947
vt 0.141504 -6.495947
vt 0.483125 -8.125194
vt 0.824745 -6.495946
vt 0.824745 -6.495946
vt 0.966249 -2.562595
vt 0.824745 1.370755
vt 0.141504 -6.495947
vt 0.824745 -6.495946
vt 0.824745 1.370755
vt 0.141504 1.370755
vt 0.141504 -6.495947
vt 0.824745 1.370755
vt 0.483125 3.000002
vt 0.141504 1.370755
vt 0.824745 1.370755
vt 0.724687 -8.125194
vt 0.845468 -8.125194
vt 0.845468 3.000002
vt 0.845468 3.000002
vt 0.724687 3.000002
vt 0.724687 -8.125194
vt 0.845468 -8.125194
vt 0.966249 -8.125194
vt 0.966249 3.000002
vt 0.966249 3.000002
vt 0.845468 3.000002
vt 0.845468 -8.125194
vt 0.000000 -8.125194
vt 0.120781 -8.125194
vt 0.120781 3.000002
vt 0.120781 3.000002
vt 0.000000 3.000002
vt 0.000000 -8.125194
vt 0.120781 -8.125194
vt 0.241562 -8.125194
vt 0.241562 3.000002
vt 0.241562 3.000002
vt 0.120781 3.000002
vt 0.120781 -8.125194
vt 0.241562 -8.125194
vt 0.362344 -8.125194
vt 0.362344 3.000002
vt 0.362344 3.000002
vt 0.241562 3.000002
vt 0.241562 -8.125194
vt 0.362344 -8.125194
vt 0.483125 -8.125194
vt 0.483125 3.000002
vt 0.483125 3.000002
vt 0.362344 3.000002
vt 0.362344 -8.125194
vt 0.483125 -8.125194
vt 0.603906 -8.125194
vt 0.603906 3.000002
vt 0.603906 3.000002
vt 0.483125 3.000002
vt 0.483125 -8.125194
vt 0.603906 -8.125194
vt 0.724687 -8.125194
vt 0.724687 3.000002
vt 0.724687 3.000002
vt 0.603906 3.000002
vt 0.603906 -8.125194
vt 0.141504 1.370755
vt 0.000000 -2.562596
vt 0.141504 -6.495947
vt 0.141504 -6.495947
vt 0.483125 -8.125194
vt 0.824745 -6.495946
vt 0.824745 -6.495946
vt 0.966249 -2.562595
vt 0.824745 1.370755
vt 0.141504 -6.495947
vt 0.824745 -6.495946
vt 0.824745 1.370755
vt 0.141504 1.370755
vt 0.141504 -6.495947
vt 0.824745 1.370755
vt 0.483125 3.000002
vt 0.141504 1.370755
vt 0.824745 1.370755
vt 0.724687 -8.125194
vt 0.845468 -8.125194
vt 0.845468 3.000002
vt 0.845468 3.000002
vt 0.724687 3.000002
vt 0.724687 -8.125194
vt 0.845468 -8.125194
vt 0.966249 -8.125194
vt 0.966249 3.000002
vt 0.966249 3.000002
vt 0.845468 3.000002
vt 0.845468 -8.125194
vt 0.000000 -8.125194
vt 0.120781 -8.125194
vt 0.120781 3.000002
vt 0.120781 3.000002
vt 0.000000 3.000002
vt 0.000000 -8.125194
vt 0.120781 -8.125194
vt 0.241562 -8.125194
vt 0.241562 3.000002
vt 0.241562 3.000002
vt 0.120781 3.000002
vt 0.120781 -8.125194
vt 0.241562 -8.125194
vt 0.362344 -8.125194
vt 0.362344 3.000002
vt 0.362344 3.000002
vt 0.241562 3.000002
vt 0.241562 -8.125194
vt 0.362344 -8.125194
vt 0.483125 -8.125194
vt 0.483125 3.000002
vt 0.483125 3.000002
vt 0.362344 3.000002
vt 0.362344 -8.125194
vt 0.483125 -8.125194
vt 0.603906 -8.125194
vt 0.603906 3.000002
vt 0.603906 3.000002
vt 0.483125 3.000002
vt 0.483125 -8.125194
vt 0.603906 -8.125194
vt 0.724687 -8.125194
vt 0.724687 3.000002
vt 0.724687 3.000002
vt 0.603906 3.000002
vt 0.603906 -8.125194
vt 0.141504 1.370755
vt 0.000000 -2.562596
vt 0.141504 -6.495947
vt 0.141504 -6.495947
vt 0.483125 -8.125194
vt 0.824745 -6.495946
vt 0.824745 -6.495946
vt 0.966249 -2.562595
vt 0.824745 1.370755
vt 0.141504 -6.495947
vt 0.824745 -6.495946
vt 0.824745 1.370755
vt 0.141504 1.370755
vt 0.141504 -6.495947
vt 0.824745 1.370755
vt 0.483125 3.000002
vt 0.141504 1.370755
vt 0.824745 1.370755
vt 0.724687 -8.125194
vt 0.845468 -8.125194
vt 0.845468 3.000002
vt 0.845468 3.000002
vt 0.724687 3.000002
vt 0.724687 -8.125194
vt 0.845468 -8.125194
vt 0.966249 -8.125194
vt 0.966249 3.000002
vt 0.966249 3.000002
vt 0.845468 3.000002
vt 0.845468 -8.125194
vt 0.000000 -8.125194
vt 0.120781 -8.125194
vt 0.120781 3.000002
vt 0.120781 3.000002
vt 0.000000 3.000002
vt 0.000000 -8.125194
vt 0.120781 -8.125194
vt 0.241562 -8.125194
vt 0.241562 3.000002
vt 0.241562 3.000002
vt 0.120781 3.000002
vt 0.120781 -8.125194
vt 0.241562 -8.125194
vt 0.362344 -8.125194
vt 0.362344 3.000002
vt 0.362344 3.000002
vt 0.241562 3.000002
vt 0.241562 -8.125194
vt 0.362344 -8.125194
vt 0.483125 -8.125194
vt 0.483125 3.000002
vt 0.483125 3.000002
vt 0.362344 3.000002
vt 0.362344 -8.125194
vt 0.483125 -8.125194
vt 0.603906 -8.125194
vt 0.603906 3.000002
vt 0.603906 3.000002
vt 0.483125 3.000002
vt 0.483125 -8.125194
vt 0.603906 -8.125194
vt 0.724687 -8.125194
vt 0.724687 3.000002
vt 0.724687 3.000002
vt 0.603906 3.000002
vt 0.603906 -8.125194
vt 0.141504 1.370755
vt 0.000000 -2.562596
vt 0.141504 -6.495947
vt 0.141504 -6.495947
vt 0.483125 -8.125194
vt 0.824745 -6.495946
vt 0.824745 -6.495946
vt 0.966249 -2.562595
vt 0.824745 1.370755
vt 0.141504 -6.495947
vt 0.824745 -6.495946
vt 0.824745 1.370755
vt 0.141504 1.370755
vt 0.141504 -6.495947
vt 0.824745 1.370755
vt 0.483125 3.000002
vt 0.141504 1.370755
vt 0.824745 1.370755
vt 0.724687 -8.125194
vt 0.845468 -8.125194
vt 0.845468 3.000002
vt 0.845468 3.000002
vt 0.724687 3.000002
vt 0.724687 -8.125194
vt 0.845468 -8.125194
vt 0.966249 -8.125194
vt 0.966249 3.000002
vt 0.966249 3.000002
vt 0.845468 3.000002
vt 0.845468 -8.125194
vt 0.000000 -8.125194
vt 0.120781 -8.125194
vt 0.120781 3.000002
vt 0.120781 3.000002
vt 0.000000 3.000002
vt 0.000000 -8.125194
vt 0.120781 -8.125194
vt 0.241562 -8.125194
vt 0.241562 3.000002
vt 0.241562 3.000002
vt 0.120781 3.000002
vt 0.120781 -8.125194
vt 0.241562 -8.125194
vt 0.362344 -8.125194
vt 0.362344 3.000002
vt 0.362344 3.000002
vt 0.241562 3.000002
vt 0.241562 -8.125194
vt 0.362344 -8.125194
vt 0.483125 -8.125194
vt 0.483125 3.000002
vt 0.483125 3.000002
vt 0.362344 3.000002
vt 0.362344 -8.125194
vt 0.483125 -8.125194
vt 0.603906 -8.125194
vt 0.603906 3.000002
vt 0.603906 3.000002
vt 0.483125 3.000002
vt 0.483125 -8.125194
vt 0.603906 -8.125194
vt 0.724687 -8.125194
vt 0.724687 3.000002
vt 0.724687 3.000002
vt 0.603906 3.000002
vt 0.603906 -8.125194
vt 0.141504 1.370755
vt 0.000000 -2.562596
vt 0.141504 -6.495947
vt 0.141504 -6.495947
vt 0.483125 -8.125194
vt 0.824745 -6.495946
vt 0.824745 -6.495946
vt 0.966249 -2.562595
vt 0.824745 1.370755
vt 0.141504 -6.495947
vt 0.824745 -6.495946
vt 0.824745 1.370755
vt 0.141504 1.370755
vt 0.141504 -6.495947
vt 0.824745 1.370755
vt 0.483125 3.000002
vt 0.141504 1.370755
vt 0.824745 1.370755
vt 0.724687 -8.125194
vt 0.845468 -8.125194
vt 0.845468 3.000002
vt 0.845468 3.000002
vt 0.724687 3.000002
vt 0.724687 -8.125194
vt 0.845468 -8.125194
vt 0.966249 -8.125194
vt 0.966249 3.000002
vt 0.966249 3.000002
vt 0.845468 3.000002
vt 0.845468 -8.125194
vt 0.000000 -8.125194
vt 0.120781 -8.125194
vt 0.120781 3.000002
vt 0.120781 3.000002
vt 0.000000 3.000002
vt 0.000000 -8.125194
vt 0.120781 -8.125194
vt 0.241562 -8.125194
vt 0.241562 3.000002
vt 0.241562 3.000002
vt 0.120781 3.000002
vt 0.120781 -8.125194
vt 0.241562 -8.125194
vt 0.362344 -8.125194
vt 0.362344 3.000002
vt 0.362344 3.000002
vt 0.241562 3.000002
vt 0.241562 -8.125194
vt 0.362344 -8.125194
vt 0.483125 -8.125194
vt 0.483125 3.000002
vt 0.483125 3.000002
vt 0.362344 3.000002
vt 0.362344 -8.125194
vt 0.483125 -8.125194
vt 0.603906 -8.125194
vt 0.603906 3.000002
vt 0.603906 3.000002
vt 0.483125 3.000002
vt 0.483125 -8.125194
vt 0.603906 -8.125194
vt 0.724687 -8.125194
vt 0.724687 3.000002
vt 0.724687 3.000002
vt 0.603906 3.000002
vt 0.603906 -8.125194
vt 0.141504 1.370755
vt 0.000000 -2.562596
vt 0.141504 -6.495947
vt 0.141504 -6.495947
vt 0.483125 -8.125194
vt 0.824745 -6.495946
vt 0.824745 -6.495946
vt 0.966249 -2.562595
vt 0.824745 1.370755
vt 0.141504 -6.495947
vt 0.824745 -6.495946
vt 0.824745 1.370755
vt 0.141504 1.370755
vt 0.141504 -6.495947
vt 0.824745 1.370755
vt 0.483125 3.000002
vt 0.141504 1.370755
vt 0.824745 1.370755
vt 0.724687 -8.125194
vt 0.845468 -8.125194
vt 0.845468 3.000002
vt 0.845468 3.000002
vt 0.724687 3.000002
vt 0.724687 -8.125194
vt 0.845468 -8.125194
vt 0.966249 -8.125194
vt 0.966249 3.000002
vt 0.966249 3.000002
vt 0.845468 3.000002
vt 0.845468 -8.125194
vt 0.000000 -8.125194
vt 0.120781 -8.125194
vt 0.120781 3.000002
vt 0.120781 3.000002
vt 0.000000 3.000002
vt 0.000000 -8.125194
vt 0.120781 -8.125194
vt 0.241562 -8.125194
vt 0.241562 3.000002
vt 0.241562 3.000002
vt 0.120781 3.000002
vt 0.120781 -8.125194
vt 0.241562 -8.125194
vt 0.362344 -8.125194
vt 0.362344 3.000002
vt 0.362344 3.000002
vt 0.241562 3.000002
vt 0.241562 -8.125194
vt 0.362344 -8.125194
vt 0.483125 -8.125194
vt 0.483125 3.000002
vt 0.483125 3.000002
vt 0.362344 3.000002
vt 0.362344 -8.125194
vt 0.483125 -8.125194
vt 0.603906 -8.125194
vt 0.603906 3.000002
vt 0.603906 3.000002
vt 0.483125 3.000002
vt 0.483125 -8.125194
vt 0.603906 -8.125194
vt 0.724687 -8.125194
vt 0.724687 3.000002
vt 0.724687 3.000002
vt 0.603906 3.000002
vt 0.603906 -8.125194
vt 0.141504 1.370755
vt 0.000000 -2.562596
vt 0.141504 -6.495947
vt 0.141504 -6.495947
vt 0.483125 -8.125194
vt 0.824745 -6.495946
vt 0.824745 -6.495946
vt 0.966249 -2.562595
vt 0.824745 1.370755
vt 0.141504 -6.495947
vt 0.824745 -6.495946
vt 0.824745 1.370755
vt 0.141504 1.370755
vt 0.141504 -6.495947
vt 0.824745 1.370755
vt 0.483125 3.000002
vt 0.141504 1.370755
vt 0.824745 1.370755
vt 0.724687 -8.125194
vt 0.845468 -8.125194
vt 0.845468 3.000002
vt 0.845468 3.000002
vt 0.724687 3.000002
vt 0.724687 -8.125194
vt 0.845468 -8.125194
vt 0.966249 -8.125194
vt 0.966249 3.000002
vt 0.966249 3.000002
vt 0.845468 3.000002
vt 0.845468 -8.125194
vt 0.000000 -8.125194
vt 0.120781 -8.125194
vt 0.120781 3.000002
vt 0.120781 3.000002
vt 0.000000 3.000002
vt 0.000000 -8.125194
vt 0.120781 -8.125194
vt 0.241562 -8.125194
vt 0.241562 3.000002
vt 0.241562 3.000002
vt 0.120781 3.000002
vt 0.120781 -8.125194
vt 0.241562 -8.125194
vt 0.362344 -8.125194
vt 0.362344 3.000002
vt 0.362344 3.000002
vt 0.241562 3.000002
vt 0.241562 -8.125194
vt 0.362344 -8.125194
vt 0.483125 -8.125194
vt 0.483125 3.000002
vt 0.483125 3.000002
vt 0.362344 3.000002
vt 0.362344 -8.125194
vt 0.483125 -8.125194
vt 0.603906 -8.125194
vt 0.603906 3.000002
vt 0.603906 3.000002
vt 0.483125 3.000002
vt 0.483125 -8.125194
vt 0.603906 -8.125194
vt 0.724687 -8.125194
vt 0.724687 3.000002
vt 0.724687 3.000002
vt 0.603906 3.000002
vt 0.603906 -8.125194
vt 0.141504 1.370755
vt 0.000000 -2.562596
vt 0.141504 -6.495947
vt 0.141504 -6.495947
vt 0.483125 -8.125194
vt 0.824745 -6.495946
vt 0.824745 -6.495946
vt 0.966249 -2.562595
vt 0.824745 1.370755
vt 0.141504 -6.495947
vt 0.824745 -6.495946
vt 0.824745 1.370755
vt 0.141504 1.370755
vt 0.141504 -6.495947
vt 0.824745 1.370755
vt 0.483125 3.000002
vt 0.141504 1.370755
vt 0.824745 1.370755
vt 0.724687 -8.125194
vt 0.845468 -8.125194
vt 0.845468 3.000002
vt 0.845468 3.000002
vt 0.724687 3.000002
vt 0.724687 -8.125194
vt 0.845468 -8.125194
vt 0.966249 -8.125194
vt 0.966249 3.000002
vt 0.966249 3.000002
vt 0.845468 3.000002
vt 0.845468 -8.125194
vt 0.000000 -8.125194
vt 0.120781 -8.125194
vt 0.120781 3.000002
vt 0.120781 3.000002
vt 0.000000 3.000002
vt 0.000000 -8.125194
vt 0.120781 -8.125194
vt 0.241562 -8.125194
vt 0.241562 3.000002
vt 0.241562 3.000002
vt 0.120781 3.000002
vt 0.120781 -8.125194
vt 0.241562 -8.125194
vt 0.362344 -8.125194
vt 0.362344 3.000002
vt 0.362344 3.000002
vt 0.241562 3.000002
vt 0.241562 -8.125194
vt 0.362344 -8.125194
vt 0.483125 -8.125194
vt 0.483125 3.000002
vt 0.483125 3.000002
vt 0.362344 3.000002
vt 0.362344 -8.125194
vt 0.483125 -8.125194
vt 0.603906 -8.125194
vt 0.603906 3.000002
vt 0.603906 3.000002
vt 0.483125 3.000002
vt 0.483125 -8.125194
vt 0.603906 -8.125194
vt 0.724687 -8.125194
vt 0.724687 3.000002
vt 0.724687 3.000002
vt 0.603906 3.000002
vt 0.603906 -8.125194
vt 0.141504 1.370755
vt 0.000000 -2.562596
vt 0.141504 -6.495947
vt 0.141504 -6.495947
vt 0.483125 -8.125194
vt 0.824745 -6.495946
vt 0.824745 -6.495946
vt 0.966249 -2.562595
vt 0.824745 1.370755
vt 0.141504 -6.495947
vt 0.824745 -6.495946
vt 0.824745 1.370755
vt 0.141504 1.370755
vt 0.141504 -6.495947
vt 0.824745 1.370755
vt 0.483125 3.000002
vt 0.141504 1.370755
vt 0.824745 1.370755
vt 0.724687 -8.125194
vt 0.845468 -8.125194
vt 0.845468 3.000002
vt 0.845468 3.000002
vt 0.724687 3.000002
vt 0.724687 -8.125194
vt 0.845468 -8.125194
vt 0.966249 -8.125194
vt 0.966249 3.000002
vt 0.966249 3.000002
vt 0.845468 3.000002
vt 0.845468 -8.125194
vt 0.000000 -8.125194
vt 0.120781 -8.125194
vt 0.120781 3.000002
vt 0.120781 3.000002
vt 0.000000 3.000002
vt 0.000000 -8.125194
vt 0.120781 -8.125194
vt 0.241562 -8.125194
vt 0.241562 3.000002
vt 0.241562 3.000002
vt 0.120781 3.000002
vt 0.120781 -8.125194
vt 0.241562 -8.125194
vt 0.362344 -8.125194
vt 0.362344 3.000002
vt 0.362344 3.000002
vt 0.241562 3.000002
vt 0.241562 -8.125194
vt 0.362344 -8.125194
vt 0.483125 -8.125194
vt 0.483125 3.000002
vt 0.483125 3.000002
vt 0.362344 3.000002
vt 0.362344 -8.125194
vt 0.483125 -8.125194
vt 0.603906 -8.125194
vt 0.603906 3.000002
vt 0.603906 3.000002
vt 0.483125 3.000002
vt 0.483125 -8.125194
vt 0.603906 -8.125194
vt 0.724687 -8.125194
vt 0.724687 3.000002
vt 0.724687 3.000002
vt 0.603906 3.000002
vt 0.603906 -8.125194
vt 0.141504 1.370755
vt 0.000000 -2.562596
vt 0.141504 -6.495947
vt 0.141504 -6.495947
vt 0.483125 -8.125194
vt 0.824745 -6.495946
vt 0.824745 -6.495946
vt 0.966249 -2.562595
vt 0.824745 1.370755
vt 0.141504 -6.495947
vt 0.824745 -6.495946
vt 0.824745 1.370755
vt 0.141504 1.370755
vt 0.141504 -6.495947
vt 0.824745 1.370755
vt 0.483125 3.000002
vt 0.141504 1.370755
vt 0.824745 1.370755
vt 0.724687 -8.125194
vt 0.845468 -8.125194
vt 0.845468 3.000002
vt 0.845468 3.000002
vt 0.724687 3.000002
vt 0.724687 -8.125194
vt 0.845468 -8.125194
vt 0.966249 -8.125194
vt 0.966249 3.000002
vt 0.966249 3.000002
vt 0.845468 3.000002
vt 0.845468 -8.125194
vt 0.000000 -8.125194
vt 0.120781 -8.125194
vt 0.120781 3.000002
vt 0.120781 3.000002
vt 0.000000 3.000002
vt 0.000000 -8.125194
vt 0.120781 -8.125194
vt 0.241562 -8.125194
vt 0.241562 3.000002
vt 0.241562 3.000002
vt 0.120781 3.000002
vt 0.120781 -8.125194
vt 0.241562 -8.125194
vt 0.362344 -8.125194
vt 0.362344 3.000002
vt 0.362344 3.000002
vt 0.241562 3.000002
vt 0.241562 -8.125194
vt 0.362344 -8.125194
vt 0.483125 -8.125194
vt 0.483125 3.000002
vt 0.483125 3.000002
vt 0.362344 3.000002
vt 0.362344 -8.125194
vt 0.483125 -8.125194
vt 0.603906 -8.125194
vt 0.603906 3.000002
vt 0.603906 3.000002
vt 0.483125 3.000002
vt 0.483125 -8.125194
vt 0.603906 -8.125194
vt 0.724687 -8.125194
vt 0.724687 3.000002
vt 0.724687 3.000002
vt 0.603906 3.000002
vt 0.603906 -8.125194
vt 0.141504 1.370755
vt 0.000000 -2.562596
vt 0.141504 -6.495947
vt 0.141504 -6.495947
vt 0.483125 -8.125194
vt 0.824745 -6.495946
vt 0.824745 -6.495946
vt 0.966249 -2.562595
vt 0.824745 1.370755
vt 0.141504 -6.495947
vt 0.824745 -6.495946
vt 0.824745 1.370755
vt 0.141504 1.370755
vt 0.141504 -6.495947
vt 0.824745 1.370755
vt 0.483125 3.000002
vt 0.141504 1.370755
vt 0.824745 1.370755
vt -0.247951 2.500388
vt -0.247951 2.499612
vt 0.345884 2.499612
vt 0.345884 2.499612
vt 0.345884 2.500388
vt -0.247951 2.500388
vt 0.345883 3.247951
vt 0.345883 3.249057
vt -0.249057 2.654116
vt -0.249057 2.654116
vt -0.247951 2.654116
vt 0.345883 3.247951
vt 1.249057 2.499612
vt 1.249057 2.500388
vt 0.654116 2.500388
vt 0.654116 2.500388
vt 0.654116 2.499612
vt 1.249057 2.499612
vt 0.654117 3.249057
vt 0.654117 3.247951
vt 1.247952 2.654116
vt 1.247952 2.654116
vt 1.249057 2.654116
vt 0.654117 3.249057
vt -0.247951 2.499612
vt -0.207748 2.499612
vt -0.207748 2.500388
vt -0.207748 2.500388
vt -0.247951 2.500388
vt -0.247951 2.499612
vt -0.247951 2.654116
vt -0.249057 2.654116
vt -0.208300 2.613360
vt -0.208300 2.613360
vt -0.207748 2.613913
vt -0.247951 2.654116
vt 1.249057 2.500388
vt 1.208300 2.500388
vt 1.208300 2.499612
vt 1.208300 2.499612
vt 1.249057 2.499612
vt 1.249057 2.500388
vt 1.247952 2.654116
vt 1.207748 2.613913
vt 1.208300 2.613360
vt 1.208300 2.613360
vt 1.249057 2.654116
vt 1.247952 2.654116
vt 0.614101 2.500388
vt 0.266763 2.500388
vt 0.266763 2.499940
vt 0.614101 2.499612
vt -0.207748 2.499612
vt 0.226299 2.499612
vt 0.226299 2.499978
vt -0.207748 2.500388
vt 0.266763 2.139402
vt 0.266444 2.139083
vt 0.613548 1.791512
vt 0.614101 1.792064
vt -0.208300 2.613360
vt 0.225746 2.179314
vt 0.226007 2.179574
vt -0.207748 2.613913
vt 0.386452 2.500388
vt 0.386452 2.499612
vt 0.733789 2.499612
vt 0.733789 2.500060
vt 1.208300 2.500388
vt 0.774254 2.500388
vt 0.774254 2.500022
vt 1.208300 2.499612
vt 0.733789 2.138849
vt 0.733470 2.139168
vt 0.385899 1.792064
vt 0.386452 1.791512
vt 1.207748 2.613913
vt 0.773701 2.179866
vt 0.773962 2.179605
vt 1.208300 2.613360
vt 0.654117 2.499612
vt 0.654117 2.500388
vt 0.614101 2.500388
vt 0.614101 2.500388
vt 0.614101 2.499612
vt 0.654117 2.499612
vt 0.613548 1.791512
vt 0.654117 1.750943
vt 0.654117 1.752049
vt 0.654117 1.752049
vt 0.614101 1.792064
vt 0.613548 1.791512
vt 0.345883 2.500388
vt 0.345883 2.499612
vt 0.386452 2.499612
vt 0.386452 2.499612
vt 0.386452 2.500388
vt 0.345883 2.500388
vt 0.345883 1.752049
vt 0.345883 1.750943
vt 0.386452 1.791512
vt 0.386452 1.791512
vt 0.385899 1.792064
vt 0.345883 1.752049
vt -0.247951 2.500388
vt -0.247951 2.499612
vt 0.345884 2.499612
vt 0.345884 2.499612
vt 0.345884 2.500388
vt -0.247951 2.500388
vt 0.345883 3.247951
vt 0.345883 3.249057
vt -0.249057 2.654116
vt -0.249057 2.654116
vt -0.247951 2.654116
vt 0.345883 3.247951
vt 1.249057 2.499612
vt 1.249057 2.500388
vt 0.654116 2.500388
vt 0.654116 2.500388
vt 0.654116 2.499612
vt 1.249057 2.499612
vt 0.654117 3.249057
vt 0.654117 3.247951
vt 1.247952 2.654116
vt 1.247952 2.654116
vt 1.249057 2.654116
vt 0.654117 3.249057
vt -0.247951 2.499612
vt -0.207748 2.499612
vt -0.207748 2.500388
vt -0.207748 2.500388
vt -0.247951 2.500388
vt -0.247951 2.499612
vt -0.247951 2.654116
vt -0.249057 2.654116
vt -0.208300 2.613360
vt -0.208300 2.613360
vt -0.207748 2.613913
vt -0.247951 2.654116
vt 1.249057 2.500388
vt 1.208300 2.500388
vt 1.208300 2.499612
vt 1.208300 2.499612
vt 1.249057 2.499612
vt 1.249057 2.500388
vt 1.247952 2.654116
vt 1.207748 2.613913
vt 1.208300 2.613360
vt 1.208300 2.613360
vt 1.249057 2.654116
vt 1.247952 2.654116
vt 0.614101 2.500388
vt 0.266763 2.500388
vt 0.266763 2.499940
vt 0.614101 2.499612
vt -0.207748 2.499612
vt 0.226299 2.499612
vt 0.226299 2.499978
vt -0.207748 2.500388
vt 0.266763 2.139402
vt 0.266444 2.139083
vt 0.613548 1.791512
vt 0.614101 1.792064
vt -0.208300 2.613360
vt 0.225746 2.179314
vt 0.226007 2.179574
vt -0.207748 2.613913
vt 0.386452 2.500388
vt 0.386452 2.499612
vt 0.733789 2.499612
vt 0.733789 2.500060
vt 1.208300 2.500388
vt 0.774254 2.500388
vt 0.774254 2.500022
vt 1.208300 2.499612
vt 0.385899 1.792064
vt 0.386452 1.791512
vt 0.733789 2.138849
vt 0.733470 2.139168
vt 1.207748 2.613913
vt 0.773701 2.179866
vt 0.773962 2.179605
vt 1.208300 2.613360
vt 0.654117 2.499612
vt 0.654117 2.500388
vt 0.614101 2.500388
vt 0.614101 2.500388
vt 0.614101 2.499612
vt 0.654117 2.499612
vt 0.613548 1.791512
vt 0.654117 1.750943
vt 0.654117 1.752049
vt 0.654117 1.752049
vt 0.614101 1.792064
vt 0.613548 1.791512
vt 0.345883 2.500388
vt 0.345883 2.499612
vt 0.386452 2.499612
vt 0.386452 2.499612
vt 0.386452 2.500388
vt 0.345883 2.500388
vt 0.345883 1.752049
vt 0.345883 1.750943
vt 0.386452 1.791512
vt 0.386452 1.791512
vt 0.385899 1.792064
vt 0.345883 1.752049
vt 0.266763 2.499612
vt 0.614101 2.499612
vt 0.266763 2.499940
vt 0.266211 2.138849
vt 0.613548 1.791512
vt 0.266444 2.139083
vt 0.733789 2.500388
vt 0.386452 2.500388
vt 0.733789 2.500060
vt 0.733237 2.139402
vt 0.385899 1.792064
vt 0.733470 2.139168
vt 0.266763 2.499612
vt 0.614101 2.499612
vt 0.266763 2.499940
vt 0.266211 2.138849
vt 0.613548 1.791512
vt 0.266444 2.139083
vt 0.733789 2.500388
vt 0.386452 2.500388
vt 0.733789 2.500060
vt 0.733237 2.139402
vt 0.385899 1.792064
vt 0.733470 2.139168
vt 0.226299 2.500388
vt -0.207748 2.500388
vt 0.226299 2.499978
vt 0.226299 2.179866
vt -0.207748 2.613913
vt 0.226007 2.179574
vt 0.774254 2.499612
vt 1.208300 2.499612
vt 0.774254 2.500022
vt 0.774254 2.179314
vt 1.208300 2.613360
vt 0.773962 2.179605
vt 0.226299 2.500388
vt -0.207748 2.500388
vt 0.226299 2.499978
vt 0.226299 2.179866
vt -0.207748 2.613913
vt 0.226007 2.179574
vt 0.774254 2.499612
vt 1.208300 2.499612
vt 0.774254 2.500022
vt 0.774254 2.179314
vt 1.208300 2.613360
vt 0.773962 2.179605
vt 0.724687 -8.125194
vt 0.845468 -8.125194
vt 0.845468 3.000002
vt 0.845468 3.000002
vt 0.724687 3.000002
vt 0.724687 -8.125194
vt 0.845468 -8.125194
vt 0.966249 -8.125194
vt 0.966249 3.000002
vt 0.966249 3.000002
vt 0.845468 3.000002
vt 0.845468 -8.125194
vt 0.000000 -8.125194
vt 0.120781 -8.125194
vt 0.120781 3.000002
vt 0.120781 3.000002
vt 0.000000 3.000002
vt 0.000000 -8.125194
vt 0.120781 -8.125194
vt 0.241562 -8.125194
vt 0.241562 3.000002
vt 0.241562 3.000002
vt 0.120781 3.000002
vt 0.120781 -8.125194
vt 0.241562 -8.125194
vt 0.362344 -8.125194
vt 0.362344 3.000002
vt 0.362344 3.000002
vt 0.241562 3.000002
vt 0.241562 -8.125194
vt 0.362344 -8.125194
vt 0.483125 -8.125194
vt 0.483125 3.000002
vt 0.483125 3.000002
vt 0.362344 3.000002
vt 0.362344 -8.125194
vt 0.483125 -8.125194
vt 0.603906 -8.125194
vt 0.603906 3.000002
vt 0.603906 3.000002
vt 0.483125 3.000002
vt 0.483125 -8.125194
vt 0.603906 -8.125194
vt 0.724687 -8.125194
vt 0.724687 3.000002
vt 0.724687 3.000002
vt 0.603906 3.000002
vt 0.603906 -8.125194
vt 0.141504 1.370755
vt 0.000000 -2.562596
vt 0.141504 -6.495947
vt 0.141504 -6.495947
vt 0.483125 -8.125194
vt 0.824745 -6.495946
vt 0.824745 -6.495946
vt 0.966249 -2.562595
vt 0.824745 1.370755
vt 0.141504 -6.495947
vt 0.824745 -6.495946
vt 0.824745 1.370755
vt 0.141504 1.370755
vt 0.141504 -6.495947
vt 0.824745 1.370755
vt 0.483125 3.000002
vt 0.141504 1.370755
vt 0.824745 1.370755
vt 0.724687 -8.125194
vt 0.845468 -8.125194
vt 0.845468 3.000002
vt 0.845468 3.000002
vt 0.724687 3.000002
vt 0.724687 -8.125194
vt 0.845468 -8.125194
vt 0.966249 -8.125194
vt 0.966249 3.000002
vt 0.966249 3.000002
vt 0.845468 3.000002
vt 0.845468 -8.125194
vt 0.000000 -8.125194
vt 0.120781 -8.125194
vt 0.120781 3.000002
vt 0.120781 3.000002
vt 0.000000 3.000002
vt 0.000000 -8.125194
vt 0.120781 -8.125194
vt 0.241562 -8.125194
vt 0.241562 3.000002
vt 0.241562 3.000002
vt 0.120781 3.000002
vt 0.120781 -8.125194
vt 0.241562 -8.125194
vt 0.362344 -8.125194
vt 0.362344 3.000002
vt 0.362344 3.000002
vt 0.241562 3.000002
vt 0.241562 -8.125194
vt 0.362344 -8.125194
vt 0.483125 -8.125194
vt 0.483125 3.000002
vt 0.483125 3.000002
vt 0.362344 3.000002
vt 0.362344 -8.125194
vt 0.483125 -8.125194
vt 0.603906 -8.125194
vt 0.603906 3.000002
vt 0.603906 3.000002
vt 0.483125 3.000002
vt 0.483125 -8.125194
vt 0.603906 -8.125194
vt 0.724687 -8.125194
vt 0.724687 3.000002
vt 0.724687 3.000002
vt 0.603906 3.000002
vt 0.603906 -8.125194
vt 0.141504 1.370755
vt 0.000000 -2.562596
vt 0.141504 -6.495947
vt 0.141504 -6.495947
vt 0.483125 -8.125194
vt 0.824745 -6.495946
vt 0.824745 -6.495946
vt 0.966249 -2.562595
vt 0.824745 1.370755
vt 0.141504 -6.495947
vt 0.824745 -6.495946
vt 0.824745 1.370755
vt 0.141504 1.370755
vt 0.141504 -6.495947
vt 0.824745 1.370755
vt 0.483125 3.000002
vt 0.141504 1.370755
vt 0.824745 1.370755
vt 0.724687 -8.125194
vt 0.845468 -8.125194
vt 0.845468 3.000002
vt 0.845468 3.000002
vt 0.724687 3.000002
vt 0.724687 -8.125194
vt 0.845468 -8.125194
vt 0.966249 -8.125194
vt 0.966249 3.000002
vt 0.966249 3.000002
vt 0.845468 3.000002
vt 0.845468 -8.125194
vt 0.000000 -8.125194
vt 0.120781 -8.125194
vt 0.120781 3.000002
vt 0.120781 3.000002
vt 0.000000 3.000002
vt 0.000000 -8.125194
vt 0.120781 -8.125194
vt 0.241562 -8.125194
vt 0.241562 3.000002
vt 0.241562 3.000002
vt 0.120781 3.000002
vt 0.120781 -8.125194
vt 0.241562 -8.125194
vt 0.362344 -8.125194
vt 0.362344 3.000002
vt 0.362344 3.000002
vt 0.241562 3.000002
vt 0.241562 -8.125194
vt 0.362344 -8.125194
vt 0.483125 -8.125194
vt 0.483125 3.000002
vt 0.483125 3.000002
vt 0.362344 3.000002
vt 0.362344 -8.125194
vt 0.483125 -8.125194
vt 0.603906 -8.125194
vt 0.603906 3.000002
vt 0.603906 3.000002
vt 0.483125 3.000002
vt 0.483125 -8.125194
vt 0.603906 -8.125194
vt 0.724687 -8.125194
vt 0.724687 3.000002
vt 0.724687 3.000002
vt 0.603906 3.000002
vt 0.603906 -8.125194
vt 0.141504 1.370755
vt 0.000000 -2.562596
vt 0.141504 -6.495947
vt 0.141504 -6.495947
vt 0.483125 -8.125194
vt 0.824745 -6.495946
vt 0.824745 -6.495946
vt 0.966249 -2.562595
vt 0.824745 1.370755
vt 0.141504 -6.495947
vt 0.824745 -6.495946
vt 0.824745 1.370755
vt 0.141504 1.370755
vt 0.141504 -6.495947
vt 0.824745 1.370755
vt 0.483125 3.000002
vt 0.141504 1.370755
vt 0.824745 1.370755
vt 0.724687 -8.125194
vt 0.845468 -8.125194
vt 0.845468 3.000002
vt 0.845468 3.000002
vt 0.724687 3.000002
vt 0.724687 -8.125194
vt 0.845468 -8.125194
vt 0.966249 -8.125194
vt 0.966249 3.000002
vt 0.966249 3.000002
vt 0.845468 3.000002
vt 0.845468 -8.125194
vt 0.000000 -8.125194
vt 0.120781 -8.125194
vt 0.120781 3.000002
vt 0.120781 3.000002
vt 0.000000 3.000002
vt 0.000000 -8.125194
vt 0.120781 -8.125194
vt 0.241562 -8.125194
vt 0.241562 3.000002
vt 0.241562 3.000002
vt 0.120781 3.000002
vt 0.120781 -8.125194
vt 0.241562 -8.125194
vt 0.362344 -8.125194
vt 0.362344 3.000002
vt 0.362344 3.000002
vt 0.241562 3.000002
vt 0.241562 -8.125194
vt 0.362344 -8.125194
vt 0.483125 -8.125194
vt 0.483125 3.000002
vt 0.483125 3.000002
vt 0.362344 3.000002
vt 0.362344 -8.125194
vt 0.483125 -8.125194
vt 0.603906 -8.125194
vt 0.603906 3.000002
vt 0.603906 3.000002
vt 0.483125 3.000002
vt 0.483125 -8.125194
vt 0.603906 -8.125194
vt 0.724687 -8.125194
vt 0.724687 3.000002
vt 0.724687 3.000002
vt 0.603906 3.000002
vt 0.603906 -8.125194
vt 0.141504 1.370755
vt 0.000000 -2.562596
vt 0.141504 -6.495947
vt 0.141504 -6.495947
vt 0.483125 -8.125194
vt 0.824745 -6.495946
vt 0.824745 -6.495946
vt 0.966249 -2.562595
vt 0.824745 1.370755
vt 0.141504 -6.495947
vt 0.824745 -6.495946
vt 0.824745 1.370755
vt 0.141504 1.370755
vt 0.141504 -6.495947
vt 0.824745 1.370755
vt 0.483125 3.000002
vt 0.141504 1.370755
vt 0.824745 1.370755
vt 0.724687 -8.125194
vt 0.845468 -8.125194
vt 0.845468 3.000002
vt 0.845468 3.000002
vt 0.724687 3.000002
vt 0.724687 -8.125194
vt 0.845468 -8.125194
vt 0.966249 -8.125194
vt 0.966249 3.000002
vt 0.966249 3.000002
vt 0.845468 3.000002
vt 0.845468 -8.125194
vt 0.000000 -8.125194
vt 0.120781 -8.125194
vt 0.120781 3.000002
vt 0.120781 3.000002
vt 0.000000 3.000002
vt 0.000000 -8.125194
vt 0.120781 -8.125194
vt 0.241562 -8.125194
vt 0.241562 3.000002
vt 0.241562 3.000002
vt 0.120781 3.000002
vt 0.120781 -8.125194
vt 0.241562 -8.125194
vt 0.362344 -8.125194
vt 0.362344 3.000002
vt 0.362344 3.000002
vt 0.241562 3.000002
vt 0.241562 -8.125194
vt 0.362344 -8.125194
vt 0.483125 -8.125194
vt 0.483125 3.000002
vt 0.483125 3.000002
vt 0.362344 3.000002
vt 0.362344 -8.125194
vt 0.483125 -8.125194
vt 0.603906 -8.125194
vt 0.603906 3.000002
vt 0.603906 3.000002
vt 0.483125 3.000002
vt 0.483125 -8.125194
vt 0.603906 -8.125194
vt 0.724687 -8.125194
vt 0.724687 3.000002
vt 0.724687 3.000002
vt 0.603906 3.000002
vt 0.603906 -8.125194
vt 0.141504 1.370755
vt 0.000000 -2.562596
vt 0.141504 -6.495947
vt 0.141504 -6.495947
vt 0.483125 -8.125194
vt 0.824745 -6.495946
vt 0.824745 -6.495946
vt 0.966249 -2.562595
vt 0.824745 1.370755
vt 0.141504 -6.495947
vt 0.824745 -6.495946
vt 0.824745 1.370755
vt 0.141504 1.370755
vt 0.141504 -6.495947
vt 0.824745 1.370755
vt 0.483125 3.000002
vt 0.141504 1.370755
vt 0.824745 1.370755
vt 0.724687 -8.125194
vt 0.845468 -8.125194
vt 0.845468 3.000002
vt 0.845468 3.000002
vt 0.724687 3.000002
vt 0.724687 -8.125194
vt 0.845468 -8.125194
vt 0.966249 -8.125194
vt 0.966249 3.000002
vt 0.966249 3.000002
vt 0.845468 3.000002
vt 0.845468 -8.125194
vt 0.000000 -8.125194
vt 0.120781 -8.125194
vt 0.120781 3.000002
vt 0.120781 3.000002
vt 0.000000 3.000002
vt 0.000000 -8.125194
vt 0.120781 -8.125194
vt 0.241562 -8.125194
vt 0.241562 3.000002
vt 0.241562 3.000002
vt 0.120781 3.000002
vt 0.120781 -8.125194
vt 0.241562 -8.125194
vt 0.362344 -8.125194
vt 0.362344 3.000002
vt 0.362344 3.000002
vt 0.241562 3.000002
vt 0.241562 -8.125194
vt 0.362344 -8.125194
vt 0.483125 -8.125194
vt 0.483125 3.000002
vt 0.483125 3.000002
vt 0.362344 3.000002
vt 0.362344 -8.125194
vt 0.483125 -8.125194
vt 0.603906 -8.125194
vt 0.603906 3.000002
vt 0.603906 3.000002
vt 0.483125 3.000002
vt 0.483125 -8.125194
vt 0.603906 -8.125194
vt 0.724687 -8.125194
vt 0.724687 3.000002
vt 0.724687 3.000002
vt 0.603906 3.000002
vt 0.603906 -8.125194
vt 0.141504 1.370755
vt 0.000000 -2.562596
vt 0.141504 -6.495947
vt 0.141504 -6.495947
vt 0.483125 -8.125194
vt 0.824745 -6.495946
vt 0.824745 -6.495946
vt 0.966249 -2.562595
vt 0.824745 1.370755
vt 0.141504 -6.495947
vt 0.824745 -6.495946
vt 0.824745 1.370755
vt 0.141504 1.370755
vt 0.141504 -6.495947
vt 0.824745 1.370755
vt 0.483125 3.000002
vt 0.141504 1.370755
vt 0.824745 1.370755
vt 0.724687 -8.125194
vt 0.845468 -8.125194
vt 0.845468 3.000002
vt 0.845468 3.000002
vt 0.724687 3.000002
vt 0.724687 -8.125194
vt 0.845468 -8.125194
vt 0.966249 -8.125194
vt 0.966249 3.000002
vt 0.966249 3.000002
vt 0.845468 3.000002
vt 0.845468 -8.125194
vt 0.000000 -8.125194
vt 0.120781 -8.125194
vt 0.120781 3.000002
vt 0.120781 3.000002
vt 0.000000 3.000002
vt 0.000000 -8.125194
vt 0.120781 -8.125194
vt 0.241562 -8.125194
vt 0.241562 3.000002
vt 0.241562 3.000002
vt 0.120781 3.000002
vt 0.120781 -8.125194
vt 0.241562 -8.125194
vt 0.362344 -8.125194
vt 0.362344 3.000002
vt 0.362344 3.000002
vt 0.241562 3.000002
vt 0.241562 -8.125194
vt 0.362344 -8.125194
vt 0.483125 -8.125194
vt 0.483125 3.000002
vt 0.483125 3.000002
vt 0.362344 3.000002
vt 0.362344 -8.125194
vt 0.483125 -8.125194
vt 0.603906 -8.125194
vt 0.603906 3.000002
vt 0.603906 3.000002
vt 0.483125 3.000002
vt 0.483125 -8.125194
vt 0.603906 -8.125194
vt 0.724687 -8.125194
vt 0.724687 3.000002
vt 0.724687 3.000002
vt 0.603906 3.000002
vt 0.603906 -8.125194
vt 0.141504 1.370755
vt 0.000000 -2.562596
vt 0.141504 -6.495947
vt 0.141504 -6.495947
vt 0.483125 -8.125194
vt 0.824745 -6.495946
vt 0.824745 -6.495946
vt 0.966249 -2.562595
vt 0.824745 1.370755
vt 0.141504 -6.495947
vt 0.824745 -6.495946
vt 0.824745 1.370755
vt 0.141504 1.370755
vt 0.141504 -6.495947
vt 0.824745 1.370755
vt 0.483125 3.000002
vt 0.141504 1.370755
vt 0.824745 1.370755
vt 0.724687 -8.125194
vt 0.845468 -8.125194
vt 0.845468 3.000002
vt 0.845468 3.000002
vt 0.724687 3.000002
vt 0.724687 -8.125194
vt 0.845468 -8.125194
vt 0.966249 -8.125194
vt 0.966249 3.000002
vt 0.966249 3.000002
vt 0.845468 3.000002
vt 0.845468 -8.125194
vt 0.000000 -8.125194
vt 0.120781 -8.125194
vt 0.120781 3.000002
vt 0.120781 3.000002
vt 0.000000 3.000002
vt 0.000000 -8.125194
vt 0.120781 -8.125194
vt 0.241562 -8.125194
vt 0.241562 3.000002
vt 0.241562 3.000002
vt 0.120781 3.000002
vt 0.120781 -8.125194
vt 0.241562 -8.125194
vt 0.362344 -8.125194
vt 0.362344 3.000002
vt 0.362344 3.000002
vt 0.241562 3.000002
vt 0.241562 -8.125194
vt 0.362344 -8.125194
vt 0.483125 -8.125194
vt 0.483125 3.000002
vt 0.483125 3.000002
vt 0.362344 3.000002
vt 0.362344 -8.125194
vt 0.483125 -8.125194
vt 0.603906 -8.125194
vt 0.603906 3.000002
vt 0.603906 3.000002
vt 0.483125 3.000002
vt 0.483125 -8.125194
vt 0.603906 -8.125194
vt 0.724687 -8.125194
vt 0.724687 3.000002
vt 0.724687 3.000002
vt 0.603906 3.000002
vt 0.603906 -8.125194
vt 0.141504 1.370755
vt 0.000000 -2.562596
vt 0.141504 -6.495947
vt 0.141504 -6.495947
vt 0.483125 -8.125194
vt 0.824745 -6.495946
vt 0.824745 -6.495946
vt 0.966249 -2.562595
vt 0.824745 1.370755
vt 0.141504 -6.495947
vt 0.824745 -6.495946
vt 0.824745 1.370755
vt 0.141504 1.370755
vt 0.141504 -6.495947
vt 0.824745 1.370755
vt 0.483125 3.000002
vt 0.141504 1.370755
vt 0.824745 1.370755
vt 0.724687 -8.125194
vt 0.845468 -8.125194
vt 0.845468 3.000002
vt 0.845468 3.000002
vt 0.724687 3.000002
vt 0.724687 -8.125194
vt 0.845468 -8.125194
vt 0.966249 -8.125194
vt 0.966249 3.000002
vt 0.966249 3.000002
vt 0.845468 3.000002
vt 0.845468 -8.125194
vt 0.000000 -8.125194
vt 0.120781 -8.125194
vt 0.120781 3.000002
vt 0.120781 3.000002
vt 0.000000 3.000002
vt 0.000000 -8.125194
vt 0.120781 -8.125194
vt 0.241562 -8.125194
vt 0.241562 3.000002
vt 0.241562 3.000002
vt 0.120781 3.000002
vt 0.120781 -8.125194
vt 0.241562 -8.125194
vt 0.362344 -8.125194
vt 0.362344 3.000002
vt 0.362344 3.000002
vt 0.241562 3.000002
vt 0.241562 -8.125194
vt 0.362344 -8.125194
vt 0.483125 -8.125194
vt 0.483125 3.000002
vt 0.483125 3.000002
vt 0.362344 3.000002
vt 0.362344 -8.125194
vt 0.483125 -8.125194
vt 0.603906 -8.125194
vt 0.603906 3.000002
vt 0.603906 3.000002
vt 0.483125 3.000002
vt 0.483125 -8.125194
vt 0.603906 -8.125194
vt 0.724687 -8.125194
vt 0.724687 3.000002
vt 0.724687 3.000002
vt 0.603906 3.000002
vt 0.603906 -8.125194
vt 0.141504 1.370755
vt 0.000000 -2.562596
vt 0.141504 -6.495947
vt 0.141504 -6.495947
vt 0.483125 -8.125194
vt 0.824745 -6.495946
vt 0.824745 -6.495946
vt 0.966249 -2.562595
vt 0.824745 1.370755
vt 0.141504 -6.495947
vt 0.824745 -6.495946
vt 0.824745 1.370755
vt 0.141504 1.370755
vt 0.141504 -6.495947
vt 0.824745 1.370755
vt 0.483125 3.000002
vt 0.141504 1.370755
vt 0.824745 1.370755
vt 0.724687 -8.125194
vt 0.845468 -8.125194
vt 0.845468 3.000002
vt 0.845468 3.000002
vt 0.724687 3.000002
vt 0.724687 -8.125194
vt 0.845468 -8.125194
vt 0.966249 -8.125194
vt 0.966249 3.000002
vt 0.966249 3.000002
vt 0.845468 3.000002
vt 0.845468 -8.125194
vt 0.000000 -8.125194
vt 0.120781 -8.125194
vt 0.120781 3.000002
vt 0.120781 3.000002
vt 0.000000 3.000002
vt 0.000000 -8.125194
vt 0.120781 -8.125194
vt 0.241562 -8.125194
vt 0.241562 3.000002
vt 0.241562 3.000002
vt 0.120781 3.000002
vt 0.120781 -8.125194
vt 0.241562 -8.125194
vt 0.362344 -8.125194
vt 0.362344 3.000002
vt 0.362344 3.000002
vt 0.241562 3.000002
vt 0.241562 -8.125194
vt 0.362344 -8.125194
vt 0.483125 -8.125194
vt 0.483125 3.000002
vt 0.483125 3.000002
vt 0.362344 3.000002
vt 0.362344 -8.125194
vt 0.483125 -8.125194
vt 0.603906 -8.125194
vt 0.603906 3.000002
vt 0.603906 3.000002
vt 0.483125 3.000002
vt 0.483125 -8.125194
vt 0.603906 -8.125194
vt 0.724687 -8.125194
vt 0.724687 3.000002
vt 0.724687 3.000002
vt 0.603906 3.000002
vt 0.603906 -8.125194
vt 0.141504 1.370755
vt 0.000000 -2.562596
vt 0.141504 -6.495947
vt 0.141504 -6.495947
vt 0.483125 -8.125194
vt 0.824745 -6.495946
vt 0.824745 -6.495946
vt 0.966249 -2.562595
vt 0.824745 1.370755
vt 0.141504 -6.495947
vt 0.824745 -6.495946
vt 0.824745 1.370755
vt 0.141504 1.370755
vt 0.141504 -6.495947
vt 0.824745 1.370755
vt 0.483125 3.000002
vt 0.141504 1.370755
vt 0.824745 1.370755
vt 0.724687 -8.125194
vt 0.845468 -8.125194
vt 0.845468 3.000002
vt 0.845468 3.000002
vt 0.724687 3.000002
vt 0.724687 -8.125194
vt 0.845468 -8.125194
vt 0.966249 -8.125194
vt 0.966249 3.000002
vt 0.966249 3.000002
vt 0.845468 3.000002
vt 0.845468 -8.125194
vt 0.000000 -8.125194
vt 0.120781 -8.125194
vt 0.120781 3.000002
vt 0.120781 3.000002
vt 0.000000 3.000002
vt 0.000000 -8.125194
vt 0.120781 -8.125194
vt 0.241562 -8.125194
vt 0.241562 3.000002
vt 0.241562 3.000002
vt 0.120781 3.000002
vt 0.120781 -8.125194
vt 0.241562 -8.125194
vt 0.362344 -8.125194
vt 0.362344 3.000002
vt 0.362344 3.000002
vt 0.241562 3.000002
vt 0.241562 -8.125194
vt 0.362344 -8.125194
vt 0.483125 -8.125194
vt 0.483125 3.000002
vt 0.483125 3.000002
vt 0.362344 3.000002
vt 0.362344 -8.125194
vt 0.483125 -8.125194
vt 0.603906 -8.125194
vt 0.603906 3.000002
vt 0.603906 3.000002
vt 0.483125 3.000002
vt 0.483125 -8.125194
vt 0.603906 -8.125194
vt 0.724687 -8.125194
vt 0.724687 3.000002
vt 0.724687 3.000002
vt 0.603906 3.000002
vt 0.603906 -8.125194
vt 0.141504 1.370755
vt 0.000000 -2.562596
vt 0.141504 -6.495947
vt 0.141504 -6.495947
vt 0.483125 -8.125194
vt 0.824745 -6.495946
vt 0.824745 -6.495946
vt 0.966249 -2.562595
vt 0.824745 1.370755
vt 0.141504 -6.495947
vt 0.824745 -6.495946
vt 0.824745 1.370755
vt 0.141504 1.370755
vt 0.141504 -6.495947
vt 0.824745 1.370755
vt 0.483125 3.000002
vt 0.141504 1.370755
vt 0.824745 1.370755
vt -0.247951 2.499612
vt -0.207748 2.499612
vt -0.207748 2.500388
vt -0.207748 2.500388
vt -0.247951 2.500388
vt -0.247951 2.499612
vt -0.247951 2.654116
vt -0.249057 2.654116
vt -0.208300 2.613360
vt -0.208300 2.613360
vt -0.207748 2.613913
vt -0.247951 2.654116
vt 1.249057 2.500388
vt 1.208300 2.500388
vt 1.208300 2.499612
vt 1.208300 2.499612
vt 1.249057 2.499612
vt 1.249057 2.500388
vt 1.247952 2.654116
vt 1.207748 2.613913
vt 1.208300 2.613360
vt 1.208300 2.613360
vt 1.249057 2.654116
vt 1.247952 2.654116
vt 0.614101 2.500388
vt 0.266763 2.500388
vt 0.266763 2.499940
vt 0.614101 2.499612
vt -0.207748 2.499612
vt -0.148728 2.499612
vt -0.148728 2.500332
vt -0.207748 2.500388
vt 0.266763 2.139402
vt 0.266444 2.139083
vt 0.613548 1.791512
vt 0.614101 1.792064
vt -0.208300 2.613360
vt -0.149281 2.554341
vt -0.148768 2.554854
vt -0.207748 2.613913
vt 0.386452 2.500388
vt 0.386452 2.499612
vt 0.733789 2.499612
vt 0.733789 2.500060
vt 1.208300 2.500388
vt 1.149281 2.500388
vt 1.149281 2.499668
vt 1.208300 2.499612
vt 0.733789 2.138849
vt 0.733470 2.139168
vt 0.385899 1.792064
vt 0.386452 1.791512
vt 1.207748 2.613913
vt 1.148728 2.554893
vt 1.149241 2.554380
vt 1.208300 2.613360
vt 0.654117 2.499612
vt 0.654117 2.500388
vt 0.614101 2.500388
vt 0.614101 2.500388
vt 0.614101 2.499612
vt 0.654117 2.499612
vt 0.613548 1.791512
vt 0.654117 1.750943
vt 0.654117 1.752049
vt 0.654117 1.752049
vt 0.614101 1.792064
vt 0.613548 1.791512
vt 0.345883 2.500388
vt 0.345883 2.499612
vt 0.386452 2.499612
vt 0.386452 2.499612
vt 0.386452 2.500388
vt 0.345883 2.500388
vt 0.345883 1.752049
vt 0.345883 1.750943
vt 0.386452 1.791512
vt 0.386452 1.791512
vt 0.385899 1.792064
vt 0.345883 1.752049
vt -0.247951 2.499612
vt -0.207748 2.499612
vt -0.207748 2.500388
vt -0.207748 2.500388
vt -0.247951 2.500388
vt -0.247951 2.499612
vt -0.247951 2.654116
vt -0.249057 2.654116
vt -0.208300 2.613360
vt -0.208300 2.613360
vt -0.207748 2.613913
vt -0.247951 2.654116
vt 1.249057 2.500388
vt 1.208300 2.500388
vt 1.208300 2.499612
vt 1.208300 2.499612
vt 1.249057 2.499612
vt 1.249057 2.500388
vt 1.247952 2.654116
vt 1.207748 2.613913
vt 1.208300 2.613360
vt 1.208300 2.613360
vt 1.249057 2.654116
vt 1.247952 2.654116
vt 0.614101 2.500388
vt 0.266763 2.500388
vt 0.266763 2.499940
vt 0.614101 2.499612
vt -0.207748 2.499612
vt -0.148728 2.499612
vt -0.148728 2.500332
vt -0.207748 2.500388
vt 0.266763 2.139402
vt 0.266444 2.139083
vt 0.613548 1.791512
vt 0.614101 1.792064
vt -0.208300 2.613360
vt -0.149281 2.554341
vt -0.148768 2.554854
vt -0.207748 2.613913
vt 0.386452 2.500388
vt 0.386452 2.499612
vt 0.733789 2.499612
vt 0.733789 2.500060
vt 1.208300 2.500388
vt 1.149281 2.500388
vt 1.149281 2.499668
vt 1.208300 2.499612
vt 0.385899 1.792064
vt 0.386452 1.791512
vt 0.733789 2.138849
vt 0.733470 2.139168
vt 1.207748 2.613913
vt 1.148728 2.554893
vt 1.149241 2.554380
vt 1.208300 2.613360
vt 0.654117 2.499612
vt 0.654117 2.500388
vt 0.614101 2.500388
vt 0.614101 2.500388
vt 0.614101 2.499612
vt 0.654117 2.499612
vt 0.613548 1.791512
vt 0.654117 1.750943
vt 0.654117 1.752049
vt 0.654117 1.752049
vt 0.614101 1.792064
vt 0.613548 1.791512
vt 0.345883 2.500388
vt 0.345883 2.499612
vt 0.386452 2.499612
vt 0.386452 2.499612
vt 0.386452 2.500388
vt 0.345883 2.500388
vt 0.345883 1.752049
vt 0.345883 1.750943
vt 0.386452 1.791512
vt 0.386452 1.791512
vt 0.385899 1.792064
vt 0.345883 1.752049
vt 0.266763 2.499612
vt 0.614101 2.499612
vt 0.266763 2.499940
vt 0.266211 2.138849
vt 0.613548 1.791512
vt 0.266444 2.139083
vt 0.733789 2.500388
vt 0.386452 2.500388
vt 0.733789 2.500060
vt 0.733237 2.139402
vt 0.385899 1.792064
vt 0.733470 2.139168
vt 0.266763 2.499612
vt 0.614101 2.499612
vt 0.266763 2.499940
vt 0.266211 2.138849
vt 0.613548 1.791512
vt 0.266444 2.139083
vt 0.733789 2.500388
vt 0.386452 2.500388
vt 0.733789 2.500060
vt 0.733237 2.139402
vt 0.385899 1.792064
vt 0.733470 2.139168
vt 0.140795 2.500388
vt 0.140795 2.500059
vt 0.226299 2.499978
vt 0.226299 2.500388
vt 0.140514 2.265182
vt 0.226007 2.179574
vt 0.226299 2.179866
vt 0.140795 2.265370
vt 0.859868 2.499612
vt 0.859868 2.499941
vt 0.774254 2.500022
vt 0.774254 2.499612
vt 0.859587 2.265115
vt 0.773962 2.179605
vt 0.774254 2.179314
vt 0.859868 2.264928
vt 0.140795 2.500388
vt 0.140795 2.500059
vt 0.226299 2.499978
vt 0.226299 2.500388
vt 0.140514 2.265182
vt 0.226007 2.179574
vt 0.226299 2.179866
vt 0.140795 2.265370
vt 0.859868 2.499612
vt 0.859868 2.499941
vt 0.774254 2.500022
vt 0.774254 2.499612
vt 0.859587 2.265115
vt 0.773962 2.179605
vt 0.774254 2.179314
vt 0.859868 2.264928
vt -0.048824 2.499612
vt -0.048824 2.500238
vt -0.148728 2.500332
vt -0.148728 2.499612
vt -0.049376 2.454436
vt -0.048930 2.454882
vt -0.148768 2.554854
vt -0.149281 2.554341
vt 1.049376 2.500388
vt 1.049376 2.499762
vt 1.149281 2.499668
vt 1.149281 2.500388
vt 1.048824 2.454988
vt 1.049269 2.454543
vt 1.149241 2.554380
vt 1.148728 2.554893
vt -0.048824 2.499612
vt -0.048824 2.500238
vt -0.148728 2.500332
vt -0.148728 2.499612
vt -0.049376 2.454436
vt -0.048930 2.454882
vt -0.148768 2.554854
vt -0.149281 2.554341
vt 1.049376 2.500388
vt 1.049376 2.499762
vt 1.149281 2.499668
vt 1.149281 2.500388
vt 1.048824 2.454988
vt 1.049269 2.454543
vt 1.149241 2.554380
vt 1.148728 2.554893
vt -0.148728 2.500388
vt -0.207748 2.500388
vt -0.148728 2.500332
vt -0.148728 2.554893
vt -0.207748 2.613913
vt -0.148768 2.554854
vt 1.149281 2.499612
vt 1.208300 2.499612
vt 1.149281 2.499668
vt 1.149281 2.554341
vt 1.208300 2.613360
vt 1.149241 2.554380
vt -0.148728 2.500388
vt -0.207748 2.500388
vt -0.148728 2.500332
vt -0.148728 2.554893
vt -0.207748 2.613913
vt -0.148768 2.554854
vt 1.149281 2.499612
vt 1.208300 2.499612
vt 1.149281 2.499668
vt 1.149281 2.554341
vt 1.208300 2.613360
vt 1.149241 2.554380
vt -0.148728 2.500388
vt -0.148728 2.500332
vt -0.048824 2.500238
vt -0.048824 2.500388
vt -0.148728 2.554893
vt -0.148768 2.554854
vt -0.048930 2.454882
vt -0.048824 2.454988
vt 1.149281 2.499612
vt 1.149281 2.499668
vt 1.049376 2.499762
vt 1.049376 2.499612
vt 1.149281 2.554341
vt 1.149241 2.554380
vt 1.049269 2.454543
vt 1.049376 2.454436
vt -0.148728 2.500388
vt -0.148728 2.500332
vt -0.048824 2.500238
vt -0.048824 2.500388
vt -0.148728 2.554893
vt -0.148768 2.554854
vt -0.048930 2.454882
vt -0.048824 2.454988
vt 1.149281 2.499612
vt 1.149281 2.499668
vt 1.049376 2.499762
vt 1.049376 2.499612
vt 1.149281 2.554341
vt 1.149241 2.554380
vt 1.049269 2.454543
vt 1.049376 2.454436
vt 0.054875 2.499612
vt 0.054875 2.500140
vt -0.048824 2.500238
vt -0.048824 2.499612
vt 0.054322 2.350738
vt 0.054698 2.351114
vt -0.048930 2.454882
vt -0.049376 2.454436
vt 0.945678 2.500388
vt 0.945678 2.499860
vt 1.049376 2.499762
vt 1.049376 2.500388
vt 0.945125 2.351290
vt 0.945501 2.350914
vt 1.049269 2.454543
vt 1.048824 2.454988
vt 0.054875 2.499612
vt 0.054875 2.500140
vt -0.048824 2.500238
vt -0.048824 2.499612
vt 0.054322 2.350738
vt 0.054698 2.351114
vt -0.048930 2.454882
vt -0.049376 2.454436
vt 0.945678 2.500388
vt 0.945678 2.499860
vt 1.049376 2.499762
vt 1.049376 2.500388
vt 0.945125 2.351290
vt 0.945501 2.350914
vt 1.049269 2.454543
vt 1.048824 2.454988
vt -0.048824 2.500388
vt -0.048824 2.500238
vt 0.054875 2.500140
vt 0.054875 2.500388
vt -0.048824 2.454988
vt -0.048930 2.454882
vt 0.054698 2.351114
vt 0.054875 2.351290
vt 1.049376 2.499612
vt 1.049376 2.499762
vt 0.945678 2.499860
vt 0.945678 2.499612
vt 1.049376 2.454436
vt 1.049269 2.454543
vt 0.945501 2.350914
vt 0.945678 2.350738
vt -0.048824 2.500388
vt -0.048824 2.500238
vt 0.054875 2.500140
vt 0.054875 2.500388
vt -0.048824 2.454988
vt -0.048930 2.454882
vt 0.054698 2.351114
vt 0.054875 2.351290
vt 1.049376 2.499612
vt 1.049376 2.499762
vt 0.945678 2.499860
vt 0.945678 2.499612
vt 1.049376 2.454436
vt 1.049269 2.454543
vt 0.945501 2.350914
vt 0.945678 2.350738
vt 0.140795 2.499612
vt 0.140795 2.500059
vt 0.054875 2.500140
vt 0.054875 2.499612
vt 0.140132 2.264927
vt 0.140514 2.265182
vt 0.054698 2.351114
vt 0.054322 2.350738
vt 0.859868 2.500388
vt 0.859868 2.499941
vt 0.945678 2.499860
vt 0.945678 2.500388
vt 0.859205 2.265370
vt 0.859587 2.265115
vt 0.945501 2.350914
vt 0.945125 2.351290
vt 0.140795 2.499612
vt 0.140795 2.500059
vt 0.054875 2.500140
vt 0.054875 2.499612
vt 0.140132 2.264927
vt 0.140514 2.265182
vt 0.054698 2.351114
vt 0.054322 2.350738
vt 0.859868 2.500388
vt 0.859868 2.499941
vt 0.945678 2.499860
vt 0.945678 2.500388
vt 0.859205 2.265370
vt 0.859587 2.265115
vt 0.945501 2.350914
vt 0.945125 2.351290
vt 0.054875 2.500388
vt 0.054875 2.500140
vt 0.140795 2.500059
vt 0.140795 2.500388
vt 0.054875 2.351290
vt 0.054698 2.351114
vt 0.140514 2.265182
vt 0.140795 2.265370
vt 0.945678 2.499612
vt 0.945678 2.499860
vt 0.859868 2.499941
vt 0.859868 2.499612
vt 0.945678 2.350738
vt 0.945501 2.350914
vt 0.859587 2.265115
vt 0.859868 2.264928
vt 0.054875 2.500388
vt 0.054875 2.500140
vt 0.140795 2.500059
vt 0.140795 2.500388
vt 0.054875 2.351290
vt 0.054698 2.351114
vt 0.140514 2.265182
vt 0.140795 2.265370
vt 0.945678 2.499612
vt 0.945678 2.499860
vt 0.859868 2.499941
vt 0.859868 2.499612
vt 0.945678 2.350738
vt 0.945501 2.350914
vt 0.859587 2.265115
vt 0.859868 2.264928
vt 0.226299 2.499612
vt 0.226299 2.499978
vt 0.140795 2.500059
vt 0.140795 2.499612
vt 0.140132 2.264927
vt 0.225746 2.179314
vt 0.226007 2.179574
vt 0.140514 2.265182
vt 0.774254 2.500388
vt 0.774254 2.500022
vt 0.859868 2.499941
vt 0.859868 2.500388
vt 0.859205 2.265370
vt 0.773701 2.179866
vt 0.773962 2.179605
vt 0.859587 2.265115
vt 0.226299 2.499612
vt 0.226299 2.499978
vt 0.140795 2.500059
vt 0.140795 2.499612
vt 0.140132 2.264927
vt 0.225746 2.179314
vt 0.226007 2.179574
vt 0.140514 2.265182
vt 0.774254 2.500388
vt 0.774254 2.500022
vt 0.859868 2.499941
vt 0.859868 2.500388
vt 0.859205 2.265370
vt 0.773701 2.179866
vt 0.773962 2.179605
vt 0.859587 2.265115
vt 0.724687 -8.125194
vt 0.845468 -8.125194
vt 0.845468 3.000002
vt 0.845468 3.000002
vt 0.724687 3.000002
vt 0.724687 -8.125194
vt 0.845468 -8.125194
vt 0.966249 -8.125194
vt 0.966249 3.000002
vt 0.966249 3.000002
vt 0.845468 3.000002
vt 0.845468 -8.125194
vt 0.000000 -8.125194
vt 0.120781 -8.125194
vt 0.120781 3.000002
vt 0.120781 3.000002
vt 0.000000 3.000002
vt 0.000000 -8.125194
vt 0.120781 -8.125194
vt 0.241562 -8.125194
vt 0.241562 3.000002
vt 0.241562 3.000002
vt 0.120781 3.000002
vt 0.120781 -8.125194
vt 0.241562 -8.125194
vt 0.362344 -8.125194
vt 0.362344 3.000002
vt 0.362344 3.000002
vt 0.241562 3.000002
vt 0.241562 -8.125194
vt 0.362344 -8.125194
vt 0.483125 -8.125194
vt 0.483125 3.000002
vt 0.483125 3.000002
vt 0.362344 3.000002
vt 0.362344 -8.125194
vt 0.483125 -8.125194
vt 0.603906 -8.125194
vt 0.603906 3.000002
vt 0.603906 3.000002
vt 0.483125 3.000002
vt 0.483125 -8.125194
vt 0.603906 -8.125194
vt 0.724687 -8.125194
vt 0.724687 3.000002
vt 0.724687 3.000002
vt 0.603906 3.000002
vt 0.603906 -8.125194
vt 0.141504 1.370755
vt 0.000000 -2.562596
vt 0.141504 -6.495947
vt 0.141504 -6.495947
vt 0.483125 -8.125194
vt 0.824745 -6.495946
vt 0.824745 -6.495946
vt 0.966249 -2.562595
vt 0.824745 1.370755
vt 0.141504 -6.495947
vt 0.824745 -6.495946
vt 0.824745 1.370755
vt 0.141504 1.370755
vt 0.141504 -6.495947
vt 0.824745 1.370755
vt 0.483125 3.000002
vt 0.141504 1.370755
vt 0.824745 1.370755
vt 0.724687 -8.125194
vt 0.845468 -8.125194
vt 0.845468 3.000002
vt 0.845468 3.000002
vt 0.724687 3.000002
vt 0.724687 -8.125194
vt 0.845468 -8.125194
vt 0.966249 -8.125194
vt 0.966249 3.000002
vt 0.966249 3.000002
vt 0.845468 3.000002
vt 0.845468 -8.125194
vt 0.000000 -8.125194
vt 0.120781 -8.125194
vt 0.120781 3.000002
vt 0.120781 3.000002
vt 0.000000 3.000002
vt 0.000000 -8.125194
vt 0.120781 -8.125194
vt 0.241562 -8.125194
vt 0.241562 3.000002
vt 0.241562 3.000002
vt 0.120781 3.000002
vt 0.120781 -8.125194
vt 0.241562 -8.125194
vt 0.362344 -8.125194
vt 0.362344 3.000002
vt 0.362344 3.000002
vt 0.241562 3.000002
vt 0.241562 -8.125194
vt 0.362344 -8.125194
vt 0.483125 -8.125194
vt 0.483125 3.000002
vt 0.483125 3.000002
vt 0.362344 3.000002
vt 0.362344 -8.125194
vt 0.483125 -8.125194
vt 0.603906 -8.125194
vt 0.603906 3.000002
vt 0.603906 3.000002
vt 0.483125 3.000002
vt 0.483125 -8.125194
vt 0.603906 -8.125194
vt 0.724687 -8.125194
vt 0.724687 3.000002
vt 0.724687 3.000002
vt 0.603906 3.000002
vt 0.603906 -8.125194
vt 0.141504 1.370755
vt 0.000000 -2.562596
vt 0.141504 -6.495947
vt 0.141504 -6.495947
vt 0.483125 -8.125194
vt 0.824745 -6.495946
vt 0.824745 -6.495946
vt 0.966249 -2.562595
vt 0.824745 1.370755
vt 0.141504 -6.495947
vt 0.824745 -6.495946
vt 0.824745 1.370755
vt 0.141504 1.370755
vt 0.141504 -6.495947
vt 0.824745 1.370755
vt 0.483125 3.000002
vt 0.141504 1.370755
vt 0.824745 1.370755
vt 0.724687 -8.125194
vt 0.845468 -8.125194
vt 0.845468 3.000002
vt 0.845468 3.000002
vt 0.724687 3.000002
vt 0.724687 -8.125194
vt 0.845468 -8.125194
vt 0.966249 -8.125194
vt 0.966249 3.000002
vt 0.966249 3.000002
vt 0.845468 3.000002
vt 0.845468 -8.125194
vt 0.000000 -8.125194
vt 0.120781 -8.125194
vt 0.120781 3.000002
vt 0.120781 3.000002
vt 0.000000 3.000002
vt 0.000000 -8.125194
vt 0.120781 -8.125194
vt 0.241562 -8.125194
vt 0.241562 3.000002
vt 0.241562 3.000002
vt 0.120781 3.000002
vt 0.120781 -8.125194
vt 0.241562 -8.125194
vt 0.362344 -8.125194
vt 0.362344 3.000002
vt 0.362344 3.000002
vt 0.241562 3.000002
vt 0.241562 -8.125194
vt 0.362344 -8.125194
vt 0.483125 -8.125194
vt 0.483125 3.000002
vt 0.483125 3.000002
vt 0.362344 3.000002
vt 0.362344 -8.125194
vt 0.483125 -8.125194
vt 0.603906 -8.125194
vt 0.603906 3.000002
vt 0.603906 3.000002
vt 0.483125 3.000002
vt 0.483125 -8.125194
vt 0.603906 -8.125194
vt 0.724687 -8.125194
vt 0.724687 3.000002
vt 0.724687 3.000002
vt 0.603906 3.000002
vt 0.603906 -8.125194
vt 0.141504 1.370755
vt 0.000000 -2.562596
vt 0.141504 -6.495947
vt 0.141504 -6.495947
vt 0.483125 -8.125194
vt 0.824745 -6.495946
vt 0.824745 -6.495946
vt 0.966249 -2.562595
vt 0.824745 1.370755
vt 0.141504 -6.495947
vt 0.824745 -6.495946
vt 0.824745 1.370755
vt 0.141504 1.370755
vt 0.141504 -6.495947
vt 0.824745 1.370755
vt 0.483125 3.000002
vt 0.141504 1.370755
vt 0.824745 1.370755
vt 0.724687 -8.125194
vt 0.845468 -8.125194
vt 0.845468 3.000002
vt 0.845468 3.000002
vt 0.724687 3.000002
vt 0.724687 -8.125194
vt 0.845468 -8.125194
vt 0.966249 -8.125194
vt 0.966249 3.000002
vt 0.966249 3.000002
vt 0.845468 3.000002
vt 0.845468 -8.125194
vt 0.000000 -8.125194
vt 0.120781 -8.125194
vt 0.120781 3.000002
vt 0.120781 3.000002
vt 0.000000 3.000002
vt 0.000000 -8.125194
vt 0.120781 -8.125194
vt 0.241562 -8.125194
vt 0.241562 3.000002
vt 0.241562 3.000002
vt 0.120781 3.000002
vt 0.120781 -8.125194
vt 0.241562 -8.125194
vt 0.362344 -8.125194
vt 0.362344 3.000002
vt 0.362344 3.000002
vt 0.241562 3.000002
vt 0.241562 -8.125194
vt 0.362344 -8.125194
vt 0.483125 -8.125194
vt 0.483125 3.000002
vt 0.483125 3.000002
vt 0.362344 3.000002
vt 0.362344 -8.125194
vt 0.483125 -8.125194
vt 0.603906 -8.125194
vt 0.603906 3.000002
vt 0.603906 3.000002
vt 0.483125 3.000002
vt 0.483125 -8.125194
vt 0.603906 -8.125194
vt 0.724687 -8.125194
vt 0.724687 3.000002
vt 0.724687 3.000002
vt 0.603906 3.000002
vt 0.603906 -8.125194
vt 0.141504 1.370755
vt 0.000000 -2.562596
vt 0.141504 -6.495947
vt 0.141504 -6.495947
vt 0.483125 -8.125194
vt 0.824745 -6.495946
vt 0.824745 -6.495946
vt 0.966249 -2.562595
vt 0.824745 1.370755
vt 0.141504 -6.495947
vt 0.824745 -6.495946
vt 0.824745 1.370755
vt 0.141504 1.370755
vt 0.141504 -6.495947
vt 0.824745 1.370755
vt 0.483125 3.000002
vt 0.141504 1.370755
vt 0.824745 1.370755
vt 0.724687 -8.125194
vt 0.845468 -8.125194
vt 0.845468 3.000002
vt 0.845468 3.000002
vt 0.724687 3.000002
vt 0.724687 -8.125194
vt 0.845468 -8.125194
vt 0.966249 -8.125194
vt 0.966249 3.000002
vt 0.966249 3.000002
vt 0.845468 3.000002
vt 0.845468 -8.125194
vt 0.000000 -8.125194
vt 0.120781 -8.125194
vt 0.120781 3.000002
vt 0.120781 3.000002
vt 0.000000 3.000002
vt 0.000000 -8.125194
vt 0.120781 -8.125194
vt 0.241562 -8.125194
vt 0.241562 3.000002
vt 0.241562 3.000002
vt 0.120781 3.000002
vt 0.120781 -8.125194
vt 0.241562 -8.125194
vt 0.362344 -8.125194
vt 0.362344 3.000002
vt 0.362344 3.000002
vt 0.241562 3.000002
vt 0.241562 -8.125194
vt 0.362344 -8.125194
vt 0.483125 -8.125194
vt 0.483125 3.000002
vt 0.483125 3.000002
vt 0.362344 3.000002
vt 0.362344 -8.125194
vt 0.483125 -8.125194
vt 0.603906 -8.125194
vt 0.603906 3.000002
vt 0.603906 3.000002
vt 0.483125 3.000002
vt 0.483125 -8.125194
vt 0.603906 -8.125194
vt 0.724687 -8.125194
vt 0.724687 3.000002
vt 0.724687 3.000002
vt 0.603906 3.000002
vt 0.603906 -8.125194
vt 0.141504 1.370755
vt 0.000000 -2.562596
vt 0.141504 -6.495947
vt 0.141504 -6.495947
vt 0.483125 -8.125194
vt 0.824745 -6.495946
vt 0.824745 -6.495946
vt 0.966249 -2.562595
vt 0.824745 1.370755
vt 0.141504 -6.495947
vt 0.824745 -6.495946
vt 0.824745 1.370755
vt 0.141504 1.370755
vt 0.141504 -6.495947
vt 0.824745 1.370755
vt 0.483125 3.000002
vt 0.141504 1.370755
vt 0.824745 1.370755
vt 0.724687 -8.125194
vt 0.845468 -8.125194
vt 0.845468 3.000002
vt 0.845468 3.000002
vt 0.724687 3.000002
vt 0.724687 -8.125194
vt 0.845468 -8.125194
vt 0.966249 -8.125194
vt 0.966249 3.000002
vt 0.966249 3.000002
vt 0.845468 3.000002
vt 0.845468 -8.125194
vt 0.000000 -8.125194
vt 0.120781 -8.125194
vt 0.120781 3.000002
vt 0.120781 3.000002
vt 0.000000 3.000002
vt 0.000000 -8.125194
vt 0.120781 -8.125194
vt 0.241562 -8.125194
vt 0.241562 3.000002
vt 0.241562 3.000002
vt 0.120781 3.000002
vt 0.120781 -8.125194
vt 0.241562 -8.125194
vt 0.362344 -8.125194
vt 0.362344 3.000002
vt 0.362344 3.000002
vt 0.241562 3.000002
vt 0.241562 -8.125194
vt 0.362344 -8.125194
vt 0.483125 -8.125194
vt 0.483125 3.000002
vt 0.483125 3.000002
vt 0.362344 3.000002
vt 0.362344 -8.125194
vt 0.483125 -8.125194
vt 0.603906 -8.125194
vt 0.603906 3.000002
vt 0.603906 3.000002
vt 0.483125 3.000002
vt 0.483125 -8.125194
vt 0.603906 -8.125194
vt 0.724687 -8.125194
vt 0.724687 3.000002
vt 0.724687 3.000002
vt 0.603906 3.000002
vt 0.603906 -8.125194
vt 0.141504 1.370755
vt 0.000000 -2.562596
vt 0.141504 -6.495947
vt 0.141504 -6.495947
vt 0.483125 -8.125194
vt 0.824745 -6.495946
vt 0.824745 -6.495946
vt 0.966249 -2.562595
vt 0.824745 1.370755
vt 0.141504 -6.495947
vt 0.824745 -6.495946
vt 0.824745 1.370755
vt 0.141504 1.370755
vt 0.141504 -6.495947
vt 0.824745 1.370755
vt 0.483125 3.000002
vt 0.141504 1.370755
vt 0.824745 1.370755
vt 0.724687 -8.125194
vt 0.845468 -8.125194
vt 0.845468 3.000002
vt 0.845468 3.000002
vt 0.724687 3.000002
vt 0.724687 -8.125194
vt 0.845468 -8.125194
vt 0.966249 -8.125194
vt 0.966249 3.000002
vt 0.966249 3.000002
vt 0.845468 3.000002
vt 0.845468 -8.125194
vt 0.000000 -8.125194
vt 0.120781 -8.125194
vt 0.120781 3.000002
vt 0.120781 3.000002
vt 0.000000 3.000002
vt 0.000000 -8.125194
vt 0.120781 -8.125194
vt 0.241562 -8.125194
vt 0.241562 3.000002
vt 0.241562 3.000002
vt 0.120781 3.000002
vt 0.120781 -8.125194
vt 0.241562 -8.125194
vt 0.362344 -8.125194
vt 0.362344 3.000002
vt 0.362344 3.000002
vt 0.241562 3.000002
vt 0.241562 -8.125194
vt 0.362344 -8.125194
vt 0.483125 -8.125194
vt 0.483125 3.000002
vt 0.483125 3.000002
vt 0.362344 3.000002
vt 0.362344 -8.125194
vt 0.483125 -8.125194
vt 0.603906 -8.125194
vt 0.603906 3.000002
vt 0.603906 3.000002
vt 0.483125 3.000002
vt 0.483125 -8.125194
vt 0.603906 -8.125194
vt 0.724687 -8.125194
vt 0.724687 3.000002
vt 0.724687 3.000002
vt 0.603906 3.000002
vt 0.603906 -8.125194
vt 0.141504 1.370755
vt 0.000000 -2.562596
vt 0.141504 -6.495947
vt 0.141504 -6.495947
vt 0.483125 -8.125194
vt 0.824745 -6.495946
vt 0.824745 -6.495946
vt 0.966249 -2.562595
vt 0.824745 1.370755
vt 0.141504 -6.495947
vt 0.824745 -6.495946
vt 0.824745 1.370755
vt 0.141504 1.370755
vt 0.141504 -6.495947
vt 0.824745 1.370755
vt 0.483125 3.000002
vt 0.141504 1.370755
vt 0.824745 1.370755
vt -0.247951 2.500388
vt -0.247951 2.499612
vt 0.345884 2.499612
vt 0.345884 2.499612
vt 0.345884 2.500388
vt -0.247951 2.500388
vt 0.345883 3.247951
vt 0.345883 3.249057
vt -0.249057 2.654116
vt -0.249057 2.654116
vt -0.247951 2.654116
vt 0.345883 3.247951
vt 1.249057 2.499612
vt 1.249057 2.500388
vt 0.654116 2.500388
vt 0.654116 2.500388
vt 0.654116 2.499612
vt 1.249057 2.499612
vt 0.654117 3.249057
vt 0.654117 3.247951
vt 1.247952 2.654116
vt 1.247952 2.654116
vt 1.249057 2.654116
vt 0.654117 3.249057
vt -0.247951 2.500388
vt -0.247951 2.499612
vt 0.345884 2.499612
vt 0.345884 2.499612
vt 0.345884 2.500388
vt -0.247951 2.500388
vt 0.345883 3.247951
vt 0.345883 3.249057
vt -0.249057 2.654116
vt -0.249057 2.654116
vt -0.247951 2.654116
vt 0.345883 3.247951
vt 1.249057 2.499612
vt 1.249057 2.500388
vt 0.654116 2.500388
vt 0.654116 2.500388
vt 0.654116 2.499612
vt 1.249057 2.499612
vt 0.654117 3.249057
vt 0.654117 3.247951
vt 1.247952 2.654116
vt 1.247952 2.654116
vt 1.249057 2.654116
vt 0.654117 3.249057
vt 0.724687 -8.125194
vt 0.845468 -8.125194
vt 0.845468 3.000002
vt 0.845468 3.000002
vt 0.724687 3.000002
vt 0.724687 -8.125194
vt 0.845468 -8.125194
vt 0.966249 -8.125194
vt 0.966249 3.000002
vt 0.966249 3.000002
vt 0.845468 3.000002
vt 0.845468 -8.125194
vt 0.000000 -8.125194
vt 0.120781 -8.125194
vt 0.120781 3.000002
vt 0.120781 3.000002
vt 0.000000 3.000002
vt 0.000000 -8.125194
vt 0.120781 -8.125194
vt 0.241562 -8.125194
vt 0.241562 3.000002
vt 0.241562 3.000002
vt 0.120781 3.000002
vt 0.120781 -8.125194
vt 0.241562 -8.125194
vt 0.362344 -8.125194
vt 0.362344 3.000002
vt 0.362344 3.000002
vt 0.241562 3.000002
vt 0.241562 -8.125194
vt 0.362344 -8.125194
vt 0.483125 -8.125194
vt 0.483125 3.000002
vt 0.483125 3.000002
vt 0.362344 3.000002
vt 0.362344 -8.125194
vt 0.483125 -8.125194
vt 0.603906 -8.125194
vt 0.603906 3.000002
vt 0.603906 3.000002
vt 0.483125 3.000002
vt 0.483125 -8.125194
vt 0.603906 -8.125194
vt 0.724687 -8.125194
vt 0.724687 3.000002
vt 0.724687 3.000002
vt 0.603906 3.000002
vt 0.603906 -8.125194
vt 0.141504 1.370755
vt 0.000000 -2.562596
vt 0.141504 -6.495947
vt 0.141504 -6.495947
vt 0.483125 -8.125194
vt 0.824745 -6.495946
vt 0.824745 -6.495946
vt 0.966249 -2.562595
vt 0.824745 1.370755
vt 0.141504 -6.495947
vt 0.824745 -6.495946
vt 0.824745 1.370755
vt 0.141504 1.370755
vt 0.141504 -6.495947
vt 0.824745 1.370755
vt 0.483125 3.000002
vt 0.141504 1.370755
vt 0.824745 1.370755
vt 0.724687 -8.125194
vt 0.845468 -8.125194
vt 0.845468 3.000002
vt 0.845468 3.000002
vt 0.724687 3.000002
vt 0.724687 -8.125194
vt 0.845468 -8.125194
vt 0.966249 -8.125194
vt 0.966249 3.000002
vt 0.966249 3.000002
vt 0.845468 3.000002
vt 0.845468 -8.125194
vt 0.000000 -8.125194
vt 0.120781 -8.125194
vt 0.120781 3.000002
vt 0.120781 3.000002
vt 0.000000 3.000002
vt 0.000000 -8.125194
vt 0.120781 -8.125194
vt 0.241562 -8.125194
vt 0.241562 3.000002
vt 0.241562 3.000002
vt 0.120781 3.000002
vt 0.120781 -8.125194
vt 0.241562 -8.125194
vt 0.362344 -8.125194
vt 0.362344 3.000002
vt 0.362344 3.000002
vt 0.241562 3.000002
vt 0.241562 -8.125194
vt 0.362344 -8.125194
vt 0.483125 -8.125194
vt 0.483125 3.000002
vt 0.483125 3.000002
vt 0.362344 3.000002
vt 0.362344 -8.125194
vt 0.483125 -8.125194
vt 0.603906 -8.125194
vt 0.603906 3.000002
vt 0.603906 3.000002
vt 0.483125 3.000002
vt 0.483125 -8.125194
vt 0.603906 -8.125194
vt 0.724687 -8.125194
vt 0.724687 3.000002
vt 0.724687 3.000002
vt 0.603906 3.000002
vt 0.603906 -8.125194
vt 0.141504 1.370755
vt 0.000000 -2.562596
vt 0.141504 -6.495947
vt 0.141504 -6.495947
vt 0.483125 -8.125194
vt 0.824745 -6.495946
vt 0.824745 -6.495946
vt 0.966249 -2.562595
vt 0.824745 1.370755
vt 0.141504 -6.495947
vt 0.824745 -6.495946
vt 0.824745 1.370755
vt 0.141504 1.370755
vt 0.141504 -6.495947
vt 0.824745 1.370755
vt 0.483125 3.000002
vt 0.141504 1.370755
vt 0.824745 1.370755
vt 0.724687 -8.125194
vt 0.845468 -8.125194
vt 0.845468 3.000002
vt 0.845468 3.000002
vt 0.724687 3.000002
vt 0.724687 -8.125194
vt 0.845468 -8.125194
vt 0.966249 -8.125194
vt 0.966249 3.000002
vt 0.966249 3.000002
vt 0.845468 3.000002
vt 0.845468 -8.125194
vt 0.000000 -8.125194
vt 0.120781 -8.125194
vt 0.120781 3.000002
vt 0.120781 3.000002
vt 0.000000 3.000002
vt 0.000000 -8.125194
vt 0.120781 -8.125194
vt 0.241562 -8.125194
vt 0.241562 3.000002
vt 0.241562 3.000002
vt 0.120781 3.000002
vt 0.120781 -8.125194
vt 0.241562 -8.125194
vt 0.362344 -8.125194
vt 0.362344 3.000002
vt 0.362344 3.000002
vt 0.241562 3.000002
vt 0.241562 -8.125194
vt 0.362344 -8.125194
vt 0.483125 -8.125194
vt 0.483125 3.000002
vt 0.483125 3.000002
vt 0.362344 3.000002
vt 0.362344 -8.125194
vt 0.483125 -8.125194
vt 0.603906 -8.125194
vt 0.603906 3.000002
vt 0.603906 3.000002
vt 0.483125 3.000002
vt 0.483125 -8.125194
vt 0.603906 -8.125194
vt 0.724687 -8.125194
vt 0.724687 3.000002
vt 0.724687 3.000002
vt 0.603906 3.000002
vt 0.603906 -8.125194
vt 0.141504 1.370755
vt 0.000000 -2.562596
vt 0.141504 -6.495947
vt 0.141504 -6.495947
vt 0.483125 -8.125194
vt 0.824745 -6.495946
vt 0.824745 -6.495946
vt 0.966249 -2.562595
vt 0.824745 1.370755
vt 0.141504 -6.495947
vt 0.824745 -6.495946
vt 0.824745 1.370755
vt 0.141504 1.370755
vt 0.141504 -6.495947
vt 0.824745 1.370755
vt 0.483125 3.000002
vt 0.141504 1.370755
vt 0.824745 1.370755
vt 0.724687 -8.125194
vt 0.845468 -8.125194
vt 0.845468 3.000002
vt 0.845468 3.000002
vt 0.724687 3.000002
vt 0.724687 -8.125194
vt 0.845468 -8.125194
vt 0.966249 -8.125194
vt 0.966249 3.000002
vt 0.966249 3.000002
vt 0.845468 3.000002
vt 0.845468 -8.125194
vt 0.000000 -8.125194
vt 0.120781 -8.125194
vt 0.120781 3.000002
vt 0.120781 3.000002
vt 0.000000 3.000002
vt 0.000000 -8.125194
vt 0.120781 -8.125194
vt 0.241562 -8.125194
vt 0.241562 3.000002
vt 0.241562 3.000002
vt 0.120781 3.000002
vt 0.120781 -8.125194
vt 0.241562 -8.125194
vt 0.362344 -8.125194
vt 0.362344 3.000002
vt 0.362344 3.000002
vt 0.241562 3.000002
vt 0.241562 -8.125194
vt 0.362344 -8.125194
vt 0.483125 -8.125194
vt 0.483125 3.000002
vt 0.483125 3.000002
vt 0.362344 3.000002
vt 0.362344 -8.125194
vt 0.483125 -8.125194
vt 0.603906 -8.125194
vt 0.603906 3.000002
vt 0.603906 3.000002
vt 0.483125 3.000002
vt 0.483125 -8.125194
vt 0.603906 -8.125194
vt 0.724687 -8.125194
vt 0.724687 3.000002
vt 0.724687 3.000002
vt 0.603906 3.000002
vt 0.603906 -8.125194
vt 0.141504 1.370755
vt 0.000000 -2.562596
vt 0.141504 -6.495947
vt 0.141504 -6.495947
vt 0.483125 -8.125194
vt 0.824745 -6.495946
vt 0.824745 -6.495946
vt 0.966249 -2.562595
vt 0.824745 1.370755
vt 0.141504 -6.495947
vt 0.824745 -6.495946
vt 0.824745 1.370755
vt 0.141504 1.370755
vt 0.141504 -6.495947
vt 0.824745 1.370755
vt 0.483125 3.000002
vt 0.141504 1.370755
vt 0.824745 1.370755
vt 0.724687 -8.125194
vt 0.845468 -8.125194
vt 0.845468 3.000002
vt 0.845468 3.000002
vt 0.724687 3.000002
vt 0.724687 -8.125194
vt 0.845468 -8.125194
vt 0.966249 -8.125194
vt 0.966249 3.000002
vt 0.966249 3.000002
vt 0.845468 3.000002
vt 0.845468 -8.125194
vt 0.000000 -8.125194
vt 0.120781 -8.125194
vt 0.120781 3.000002
vt 0.120781 3.000002
vt 0.000000 3.000002
vt 0.000000 -8.125194
vt 0.120781 -8.125194
vt 0.241562 -8.125194
vt 0.241562 3.000002
vt 0.241562 3.000002
vt 0.120781 3.000002
vt 0.120781 -8.125194
vt 0.241562 -8.125194
vt 0.362344 -8.125194
vt 0.362344 3.000002
vt 0.362344 3.000002
vt 0.241562 3.000002
vt 0.241562 -8.125194
vt 0.362344 -8.125194
vt 0.483125 -8.125194
vt 0.483125 3.000002
vt 0.483125 3.000002
vt 0.362344 3.000002
vt 0.362344 -8.125194
vt 0.483125 -8.125194
vt 0.603906 -8.125194
vt 0.603906 3.000002
vt 0.603906 3.000002
vt 0.483125 3.000002
vt 0.483125 -8.125194
vt 0.603906 -8.125194
vt 0.724687 -8.125194
vt 0.724687 3.000002
vt 0.724687 3.000002
vt 0.603906 3.000002
vt 0.603906 -8.125194
vt 0.141504 1.370755
vt 0.000000 -2.562596
vt 0.141504 -6.495947
vt 0.141504 -6.495947
vt 0.483125 -8.125194
vt 0.824745 -6.495946
vt 0.824745 -6.495946
vt 0.966249 -2.562595
vt 0.824745 1.370755
vt 0.141504 -6.495947
vt 0.824745 -6.495946
vt 0.824745 1.370755
vt 0.141504 1.370755
vt 0.141504 -6.495947
vt 0.824745 1.370755
vt 0.483125 3.000002
vt 0.141504 1.370755
vt 0.824745 1.370755
vt 0.724687 -8.125194
vt 0.845468 -8.125194
vt 0.845468 3.000002
vt 0.845468 3.000002
vt 0.724687 3.000002
vt 0.724687 -8.125194
vt 0.845468 -8.125194
vt 0.966249 -8.125194
vt 0.966249 3.000002
vt 0.966249 3.000002
vt 0.845468 3.000002
vt 0.845468 -8.125194
vt 0.000000 -8.125194
vt 0.120781 -8.125194
vt 0.120781 3.000002
vt 0.120781 3.000002
vt 0.000000 3.000002
vt 0.000000 -8.125194
vt 0.120781 -8.125194
vt 0.241562 -8.125194
vt 0.241562 3.000002
vt 0.241562 3.000002
vt 0.120781 3.000002
vt 0.120781 -8.125194
vt 0.241562 -8.125194
vt 0.362344 -8.125194
vt 0.362344 3.000002
vt 0.362344 3.000002
vt 0.241562 3.000002
vt 0.241562 -8.125194
vt 0.362344 -8.125194
vt 0.483125 -8.125194
vt 0.483125 3.000002
vt 0.483125 3.000002
vt 0.362344 3.000002
vt 0.362344 -8.125194
vt 0.483125 -8.125194
vt 0.603906 -8.125194
vt 0.603906 3.000002
vt 0.603906 3.000002
vt 0.483125 3.000002
vt 0.483125 -8.125194
vt 0.603906 -8.125194
vt 0.724687 -8.125194
vt 0.724687 3.000002
vt 0.724687 3.000002
vt 0.603906 3.000002
vt 0.603906 -8.125194
vt 0.141504 1.370755
vt 0.000000 -2.562596
vt 0.141504 -6.495947
vt 0.141504 -6.495947
vt 0.483125 -8.125194
vt 0.824745 -6.495946
vt 0.824745 -6.495946
vt 0.966249 -2.562595
vt 0.824745 1.370755
vt 0.141504 -6.495947
vt 0.824745 -6.495946
vt 0.824745 1.370755
vt 0.141504 1.370755
vt 0.141504 -6.495947
vt 0.824745 1.370755
vt 0.483125 3.000002
vt 0.141504 1.370755
vt 0.824745 1.370755
vt 0.724687 -8.125194
vt 0.845468 -8.125194
vt 0.845468 3.000002
vt 0.845468 3.000002
vt 0.724687 3.000002
vt 0.724687 -8.125194
vt 0.845468 -8.125194
vt 0.966249 -8.125194
vt 0.966249 3.000002
vt 0.966249 3.000002
vt 0.845468 3.000002
vt 0.845468 -8.125194
vt 0.000000 -8.125194
vt 0.120781 -8.125194
vt 0.120781 3.000002
vt 0.120781 3.000002
vt 0.000000 3.000002
vt 0.000000 -8.125194
vt 0.120781 -8.125194
vt 0.241562 -8.125194
vt 0.241562 3.000002
vt 0.241562 3.000002
vt 0.120781 3.000002
vt 0.120781 -8.125194
vt 0.241562 -8.125194
vt 0.362344 -8.125194
vt 0.362344 3.000002
vt 0.362344 3.000002
vt 0.241562 3.000002
vt 0.241562 -8.125194
vt 0.362344 -8.125194
vt 0.483125 -8.125194
vt 0.483125 3.000002
vt 0.483125 3.000002
vt 0.362344 3.000002
vt 0.362344 -8.125194
vt 0.483125 -8.125194
vt 0.603906 -8.125194
vt 0.603906 3.000002
vt 0.603906 3.000002
vt 0.483125 3.000002
vt 0.483125 -8.125194
vt 0.603906 -8.125194
vt 0.724687 -8.125194
vt 0.724687 3.000002
vt 0.724687 3.000002
vt 0.603906 3.000002
vt 0.603906 -8.125194
vt 0.141504 1.370755
vt 0.000000 -2.562596
vt 0.141504 -6.495947
vt 0.141504 -6.495947
vt 0.483125 -8.125194
vt 0.824745 -6.495946
vt 0.824745 -6.495946
vt 0.966249 -2.562595
vt 0.824745 1.370755
vt 0.141504 -6.495947
vt 0.824745 -6.495946
vt 0.824745 1.370755
vt 0.141504 1.370755
vt 0.141504 -6.495947
vt 0.824745 1.370755
vt 0.483125 3.000002
vt 0.141504 1.370755
vt 0.824745 1.370755
vt -0.247951 2.499612
vt 0.191411 2.499612
vt 0.191411 2.499814
vt -0.247951 2.500388
vt 0.345884 2.500388
vt 0.277092 2.500388
vt 0.277092 2.499702
vt 0.345884 2.499612
vt 0.345883 3.249057
vt -0.094032 2.809141
vt -0.093888 2.808997
vt 0.345883 3.247951
vt -0.247951 2.654116
vt -0.179159 2.722908
vt -0.179648 2.723397
vt -0.249057 2.654116
vt 1.249057 2.500388
vt 0.809141 2.500388
vt 0.809141 2.500186
vt 1.249057 2.499612
vt 0.654116 2.499612
vt 0.723461 2.499612
vt 0.723461 2.500298
vt 0.654116 2.500388
vt 1.093479 2.808589
vt 1.093623 2.808733
vt 0.654117 3.249057
vt 0.654117 3.247951
vt 1.247952 2.654116
vt 1.249057 2.654116
vt 1.179712 2.723461
vt 1.179223 2.722972
vt -0.247951 2.500388
vt -0.247951 2.499612
vt 0.191411 2.499612
vt 0.191411 2.499814
vt 0.345884 2.500388
vt 0.277092 2.500388
vt 0.277092 2.499702
vt 0.345884 2.499612
vt 0.345883 3.247951
vt 0.345883 3.249057
vt -0.094032 2.809141
vt -0.093888 2.808997
vt -0.247951 2.654116
vt -0.179159 2.722908
vt -0.179648 2.723397
vt -0.249057 2.654116
vt 1.249057 2.499612
vt 1.249057 2.500388
vt 0.809141 2.500388
vt 0.809141 2.500186
vt 0.654116 2.499612
vt 0.723461 2.499612
vt 0.723461 2.500298
vt 0.654116 2.500388
vt 1.093479 2.808589
vt 1.093623 2.808733
vt 0.654117 3.249057
vt 0.654117 3.247951
vt 1.247952 2.654116
vt 1.249057 2.654116
vt 1.179712 2.723461
vt 1.179223 2.722972
vt 0.191411 2.500388
vt -0.247951 2.500388
vt 0.191411 2.499814
vt -0.093479 2.808589
vt 0.345883 3.247951
vt -0.093888 2.808997
vt 0.809141 2.499612
vt 1.249057 2.499612
vt 0.809141 2.500186
vt 1.094032 2.809141
vt 0.654117 3.249057
vt 1.093623 2.808733
vt 0.191411 2.500388
vt -0.247951 2.500388
vt 0.191411 2.499814
vt -0.093479 2.808589
vt 0.345883 3.247951
vt -0.093888 2.808997
vt 0.809141 2.499612
vt 1.249057 2.499612
vt 0.809141 2.500186
vt 1.094032 2.809141
vt 0.654117 3.249057
vt 1.093623 2.808733
vt 0.277092 2.499612
vt 0.345884 2.499612
vt 0.277092 2.499702
vt -0.179712 2.723461
vt -0.249057 2.654116
vt -0.179648 2.723397
vt 0.723461 2.500388
vt 0.654116 2.500388
vt 0.723461 2.500298
vt 1.179159 2.722908
vt 1.247952 2.654116
vt 1.179223 2.722972
vt 0.277092 2.499612
vt 0.345884 2.499612
vt 0.277092 2.499702
vt -0.179712 2.723461
vt -0.249057 2.654116
vt -0.179648 2.723397
vt 0.723461 2.500388
vt 0.654116 2.500388
vt 0.723461 2.500298
vt 1.179159 2.722908
vt 1.247952 2.654116
vt 1.179223 2.722972
vt 0.724687 -8.125194
vt 0.845468 -8.125194
vt 0.845468 3.000002
vt 0.845468 3.000002
vt 0.724687 3.000002
vt 0.724687 -8.125194
vt 0.845468 -8.125194
vt 0.966249 -8.125194
vt 0.966249 3.000002
vt 0.966249 3.000002
vt 0.845468 3.000002
vt 0.845468 -8.125194
vt 0.000000 -8.125194
vt 0.120781 -8.125194
vt 0.120781 3.000002
vt 0.120781 3.000002
vt 0.000000 3.000002
vt 0.000000 -8.125194
vt 0.120781 -8.125194
vt 0.241562 -8.125194
vt 0.241562 3.000002
vt 0.241562 3.000002
vt 0.120781 3.000002
vt 0.120781 -8.125194
vt 0.241562 -8.125194
vt 0.362344 -8.125194
vt 0.362344 3.000002
vt 0.362344 3.000002
vt 0.241562 3.000002
vt 0.241562 -8.125194
vt 0.362344 -8.125194
vt 0.483125 -8.125194
vt 0.483125 3.000002
vt 0.483125 3.000002
vt 0.362344 3.000002
vt 0.362344 -8.125194
vt 0.483125 -8.125194
vt 0.603906 -8.125194
vt 0.603906 3.000002
vt 0.603906 3.000002
vt 0.483125 3.000002
vt 0.483125 -8.125194
vt 0.603906 -8.125194
vt 0.724687 -8.125194
vt 0.724687 3.000002
vt 0.724687 3.000002
vt 0.603906 3.000002
vt 0.603906 -8.125194
vt 0.141504 1.370755
vt 0.000000 -2.562596
vt 0.141504 -6.495947
vt 0.141504 -6.495947
vt 0.483125 -8.125194
vt 0.824745 -6.495946
vt 0.824745 -6.495946
vt 0.966249 -2.562595
vt 0.824745 1.370755
vt 0.141504 -6.495947
vt 0.824745 -6.495946
vt 0.824745 1.370755
vt 0.141504 1.370755
vt 0.141504 -6.495947
vt 0.824745 1.370755
vt 0.483125 3.000002
vt 0.141504 1.370755
vt 0.824745 1.370755
vt 0.724687 -8.125194
vt 0.845468 -8.125194
vt 0.845468 3.000002
vt 0.845468 3.000002
vt 0.724687 3.000002
vt 0.724687 -8.125194
vt 0.845468 -8.125194
vt 0.966249 -8.125194
vt 0.966249 3.000002
vt 0.966249 3.000002
vt 0.845468 3.000002
vt 0.845468 -8.125194
vt 0.000000 -8.125194
vt 0.120781 -8.125194
vt 0.120781 3.000002
vt 0.120781 3.000002
vt 0.000000 3.000002
vt 0.000000 -8.125194
vt 0.120781 -8.125194
vt 0.241562 -8.125194
vt 0.241562 3.000002
vt 0.241562 3.000002
vt 0.120781 3.000002
vt 0.120781 -8.125194
vt 0.241562 -8.125194
vt 0.362344 -8.125194
vt 0.362344 3.000002
vt 0.362344 3.000002
vt 0.241562 3.000002
vt 0.241562 -8.125194
vt 0.362344 -8.125194
vt 0.483125 -8.125194
vt 0.483125 3.000002
vt 0.483125 3.000002
vt 0.362344 3.000002
vt 0.362344 -8.125194
vt 0.483125 -8.125194
vt 0.603906 -8.125194
vt 0.603906 3.000002
vt 0.603906 3.000002
vt 0.483125 3.000002
vt 0.483125 -8.125194
vt 0.603906 -8.125194
vt 0.724687 -8.125194
vt 0.724687 3.000002
vt 0.724687 3.000002
vt 0.603906 3.000002
vt 0.603906 -8.125194
vt 0.141504 1.370755
vt 0.000000 -2.562596
vt 0.141504 -6.495947
vt 0.141504 -6.495947
vt 0.483125 -8.125194
vt 0.824745 -6.495946
vt 0.824745 -6.495946
vt 0.966249 -2.562595
vt 0.824745 1.370755
vt 0.141504 -6.495947
vt 0.824745 -6.495946
vt 0.824745 1.370755
vt 0.141504 1.370755
vt 0.141504 -6.495947
vt 0.824745 1.370755
vt 0.483125 3.000002
vt 0.141504 1.370755
vt 0.824745 1.370755
vt 0.724687 -8.125194
vt 0.845468 -8.125194
vt 0.845468 3.000002
vt 0.845468 3.000002
vt 0.724687 3.000002
vt 0.724687 -8.125194
vt 0.845468 -8.125194
vt 0.966249 -8.125194
vt 0.966249 3.000002
vt 0.966249 3.000002
vt 0.845468 3.000002
vt 0.845468 -8.125194
vt 0.000000 -8.125194
vt 0.120781 -8.125194
vt 0.120781 3.000002
vt 0.120781 3.000002
vt 0.000000 3.000002
vt 0.000000 -8.125194
vt 0.120781 -8.125194
vt 0.241562 -8.125194
vt 0.241562 3.000002
vt 0.241562 3.000002
vt 0.120781 3.000002
vt 0.120781 -8.125194
vt 0.241562 -8.125194
vt 0.362344 -8.125194
vt 0.362344 3.000002
vt 0.362344 3.000002
vt 0.241562 3.000002
vt 0.241562 -8.125194
vt 0.362344 -8.125194
vt 0.483125 -8.125194
vt 0.483125 3.000002
vt 0.483125 3.000002
vt 0.362344 3.000002
vt 0.362344 -8.125194
vt 0.483125 -8.125194
vt 0.603906 -8.125194
vt 0.603906 3.000002
vt 0.603906 3.000002
vt 0.483125 3.000002
vt 0.483125 -8.125194
vt 0.603906 -8.125194
vt 0.724687 -8.125194
vt 0.724687 3.000002
vt 0.724687 3.000002
vt 0.603906 3.000002
vt 0.603906 -8.125194
vt 0.141504 1.370755
vt 0.000000 -2.562596
vt 0.141504 -6.495947
vt 0.141504 -6.495947
vt 0.483125 -8.125194
vt 0.824745 -6.495946
vt 0.824745 -6.495946
vt 0.966249 -2.562595
vt 0.824745 1.370755
vt 0.141504 -6.495947
vt 0.824745 -6.495946
vt 0.824745 1.370755
vt 0.141504 1.370755
vt 0.141504 -6.495947
vt 0.824745 1.370755
vt 0.483125 3.000002
vt 0.141504 1.370755
vt 0.824745 1.370755
vt 0.724687 -8.125194
vt 0.845468 -8.125194
vt 0.845468 3.000002
vt 0.845468 3.000002
vt 0.724687 3.000002
vt 0.724687 -8.125194
vt 0.845468 -8.125194
vt 0.966249 -8.125194
vt 0.966249 3.000002
vt 0.966249 3.000002
vt 0.845468 3.000002
vt 0.845468 -8.125194
vt 0.000000 -8.125194
vt 0.120781 -8.125194
vt 0.120781 3.000002
vt 0.120781 3.000002
vt 0.000000 3.000002
vt 0.000000 -8.125194
vt 0.120781 -8.125194
vt 0.241562 -8.125194
vt 0.241562 3.000002
vt 0.241562 3.000002
vt 0.120781 3.000002
vt 0.120781 -8.125194
vt 0.241562 -8.125194
vt 0.362344 -8.125194
vt 0.362344 3.000002
vt 0.362344 3.000002
vt 0.241562 3.000002
vt 0.241562 -8.125194
vt 0.362344 -8.125194
vt 0.483125 -8.125194
vt 0.483125 3.000002
vt 0.483125 3.000002
vt 0.362344 3.000002
vt 0.362344 -8.125194
vt 0.483125 -8.125194
vt 0.603906 -8.125194
vt 0.603906 3.000002
vt 0.603906 3.000002
vt 0.483125 3.000002
vt 0.483125 -8.125194
vt 0.603906 -8.125194
vt 0.724687 -8.125194
vt 0.724687 3.000002
vt 0.724687 3.000002
vt 0.603906 3.000002
vt 0.603906 -8.125194
vt 0.141504 1.370755
vt 0.000000 -2.562596
vt 0.141504 -6.495947
vt 0.141504 -6.495947
vt 0.483125 -8.125194
vt 0.824745 -6.495946
vt 0.824745 -6.495946
vt 0.966249 -2.562595
vt 0.824745 1.370755
vt 0.141504 -6.495947
vt 0.824745 -6.495946
vt 0.824745 1.370755
vt 0.141504 1.370755
vt 0.141504 -6.495947
vt 0.824745 1.370755
vt 0.483125 3.000002
vt 0.141504 1.370755
vt 0.824745 1.370755
vt 0.724687 -8.125194
vt 0.845468 -8.125194
vt 0.845468 3.000002
vt 0.845468 3.000002
vt 0.724687 3.000002
vt 0.724687 -8.125194
vt 0.845468 -8.125194
vt 0.966249 -8.125194
vt 0.966249 3.000002
vt 0.966249 3.000002
vt 0.845468 3.000002
vt 0.845468 -8.125194
vt 0.000000 -8.125194
vt 0.120781 -8.125194
vt 0.120781 3.000002
vt 0.120781 3.000002
vt 0.000000 3.000002
vt 0.000000 -8.125194
vt 0.120781 -8.125194
vt 0.241562 -8.125194
vt 0.241562 3.000002
vt 0.241562 3.000002
vt 0.120781 3.000002
vt 0.120781 -8.125194
vt 0.241562 -8.125194
vt 0.362344 -8.125194
vt 0.362344 3.000002
vt 0.362344 3.000002
vt 0.241562 3.000002
vt 0.241562 -8.125194
vt 0.362344 -8.125194
vt 0.483125 -8.125194
vt 0.483125 3.000002
vt 0.483125 3.000002
vt 0.362344 3.000002
vt 0.362344 -8.125194
vt 0.483125 -8.125194
vt 0.603906 -8.125194
vt 0.603906 3.000002
vt 0.603906 3.000002
vt 0.483125 3.000002
vt 0.483125 -8.125194
vt 0.603906 -8.125194
vt 0.724687 -8.125194
vt 0.724687 3.000002
vt 0.724687 3.000002
vt 0.603906 3.000002
vt 0.603906 -8.125194
vt 0.141504 1.370755
vt 0.000000 -2.562596
vt 0.141504 -6.495947
vt 0.141504 -6.495947
vt 0.483125 -8.125194
vt 0.824745 -6.495946
vt 0.824745 -6.495946
vt 0.966249 -2.562595
vt 0.824745 1.370755
vt 0.141504 -6.495947
vt 0.824745 -6.495946
vt 0.824745 1.370755
vt 0.141504 1.370755
vt 0.141504 -6.495947
vt 0.824745 1.370755
vt 0.483125 3.000002
vt 0.141504 1.370755
vt 0.824745 1.370755
vt 0.724687 -8.125194
vt 0.845468 -8.125194
vt 0.845468 3.000002
vt 0.845468 3.000002
vt 0.724687 3.000002
vt 0.724687 -8.125194
vt 0.845468 -8.125194
vt 0.966249 -8.125194
vt 0.966249 3.000002
vt 0.966249 3.000002
vt 0.845468 3.000002
vt 0.845468 -8.125194
vt 0.000000 -8.125194
vt 0.120781 -8.125194
vt 0.120781 3.000002
vt 0.120781 3.000002
vt 0.000000 3.000002
vt 0.000000 -8.125194
vt 0.120781 -8.125194
vt 0.241562 -8.125194
vt 0.241562 3.000002
vt 0.241562 3.000002
vt 0.120781 3.000002
vt 0.120781 -8.125194
vt 0.241562 -8.125194
vt 0.362344 -8.125194
vt 0.362344 3.000002
vt 0.362344 3.000002
vt 0.241562 3.000002
vt 0.241562 -8.125194
vt 0.362344 -8.125194
vt 0.483125 -8.125194
vt 0.483125 3.000002
vt 0.483125 3.000002
vt 0.362344 3.000002
vt 0.362344 -8.125194
vt 0.483125 -8.125194
vt 0.603906 -8.125194
vt 0.603906 3.000002
vt 0.603906 3.000002
vt 0.483125 3.000002
vt 0.483125 -8.125194
vt 0.603906 -8.125194
vt 0.724687 -8.125194
vt 0.724687 3.000002
vt 0.724687 3.000002
vt 0.603906 3.000002
vt 0.603906 -8.125194
vt 0.141504 1.370755
vt 0.000000 -2.562596
vt 0.141504 -6.495947
vt 0.141504 -6.495947
vt 0.483125 -8.125194
vt 0.824745 -6.495946
vt 0.824745 -6.495946
vt 0.966249 -2.562595
vt 0.824745 1.370755
vt 0.141504 -6.495947
vt 0.824745 -6.495946
vt 0.824745 1.370755
vt 0.141504 1.370755
vt 0.141504 -6.495947
vt 0.824745 1.370755
vt 0.483125 3.000002
vt 0.141504 1.370755
vt 0.824745 1.370755
vt 0.724687 -8.125194
vt 0.845468 -8.125194
vt 0.845468 3.000002
vt 0.845468 3.000002
vt 0.724687 3.000002
vt 0.724687 -8.125194
vt 0.845468 -8.125194
vt 0.966249 -8.125194
vt 0.966249 3.000002
vt 0.966249 3.000002
vt 0.845468 3.000002
vt 0.845468 -8.125194
vt 0.000000 -8.125194
vt 0.120781 -8.125194
vt 0.120781 3.000002
vt 0.120781 3.000002
vt 0.000000 3.000002
vt 0.000000 -8.125194
vt 0.120781 -8.125194
vt 0.241562 -8.125194
vt 0.241562 3.000002
vt 0.241562 3.000002
vt 0.120781 3.000002
vt 0.120781 -8.125194
vt 0.241562 -8.125194
vt 0.362344 -8.125194
vt 0.362344 3.000002
vt 0.362344 3.000002
vt 0.241562 3.000002
vt 0.241562 -8.125194
vt 0.362344 -8.125194
vt 0.483125 -8.125194
vt 0.483125 3.000002
vt 0.483125 3.000002
vt 0.362344 3.000002
vt 0.362344 -8.125194
vt 0.483125 -8.125194
vt 0.603906 -8.125194
vt 0.603906 3.000002
vt 0.603906 3.000002
vt 0.483125 3.000002
vt 0.483125 -8.125194
vt 0.603906 -8.125194
vt 0.724687 -8.125194
vt 0.724687 3.000002
vt 0.724687 3.000002
vt 0.603906 3.000002
vt 0.603906 -8.125194
vt 0.141504 1.370755
vt 0.000000 -2.562596
vt 0.141504 -6.495947
vt 0.141504 -6.495947
vt 0.483125 -8.125194
vt 0.824745 -6.495946
vt 0.824745 -6.495946
vt 0.966249 -2.562595
vt 0.824745 1.370755
vt 0.141504 -6.495947
vt 0.824745 -6.495946
vt 0.824745 1.370755
vt 0.141504 1.370755
vt 0.141504 -6.495947
vt 0.824745 1.370755
vt 0.483125 3.000002
vt 0.141504 1.370755
vt 0.824745 1.370755
vt -0.247951 2.500388
vt -0.247951 2.499612
vt 0.345884 2.499612
vt 0.345884 2.499612
vt 0.345884 2.500388
vt -0.247951 2.500388
vt 0.345883 3.247951
vt 0.345883 3.249057
vt -0.249057 2.654116
vt -0.249057 2.654116
vt -0.247951 2.654116
vt 0.345883 3.247951
vt 1.249057 2.499612
vt 1.249057 2.500388
vt 0.654116 2.500388
vt 0.654116 2.500388
vt 0.654116 2.499612
vt 1.249057 2.499612
vt 0.654117 3.249057
vt 0.654117 3.247951
vt 1.247952 2.654116
vt 1.247952 2.654116
vt 1.249057 2.654116
vt 0.654117 3.249057
vt -0.247951 2.500388
vt -0.247951 2.499612
vt 0.345884 2.499612
vt 0.345884 2.499612
vt 0.345884 2.500388
vt -0.247951 2.500388
vt 0.345883 3.247951
vt 0.345883 3.249057
vt -0.249057 2.654116
vt -0.249057 2.654116
vt -0.247951 2.654116
vt 0.345883 3.247951
vt 1.249057 2.499612
vt 1.249057 2.500388
vt 0.654116 2.500388
vt 0.654116 2.500388
vt 0.654116 2.499612
vt 1.249057 2.499612
vt 0.654117 3.249057
vt 0.654117 3.247951
vt 1.247952 2.654116
vt 1.247952 2.654116
vt 1.249057 2.654116
vt 0.654117 3.249057
vt 0.724687 -8.125194
vt 0.845468 -8.125194
vt 0.845468 3.000002
vt 0.845468 3.000002
vt 0.724687 3.000002
vt 0.724687 -8.125194
vt 0.845468 -8.125194
vt 0.966249 -8.125194
vt 0.966249 3.000002
vt 0.966249 3.000002
vt 0.845468 3.000002
vt 0.845468 -8.125194
vt 0.000000 -8.125194
vt 0.120781 -8.125194
vt 0.120781 3.000002
vt 0.120781 3.000002
vt 0.000000 3.000002
vt 0.000000 -8.125194
vt 0.120781 -8.125194
vt 0.241562 -8.125194
vt 0.241562 3.000002
vt 0.241562 3.000002
vt 0.120781 3.000002
vt 0.120781 -8.125194
vt 0.241562 -8.125194
vt 0.362344 -8.125194
vt 0.362344 3.000002
vt 0.362344 3.000002
vt 0.241562 3.000002
vt 0.241562 -8.125194
vt 0.362344 -8.125194
vt 0.483125 -8.125194
vt 0.483125 3.000002
vt 0.483125 3.000002
vt 0.362344 3.000002
vt 0.362344 -8.125194
vt 0.483125 -8.125194
vt 0.603906 -8.125194
vt 0.603906 3.000002
vt 0.603906 3.000002
vt 0.483125 3.000002
vt 0.483125 -8.125194
vt 0.603906 -8.125194
vt 0.724687 -8.125194
vt 0.724687 3.000002
vt 0.724687 3.000002
vt 0.603906 3.000002
vt 0.603906 -8.125194
vt 0.141504 1.370755
vt 0.000000 -2.562596
vt 0.141504 -6.495947
vt 0.141504 -6.495947
vt 0.483125 -8.125194
vt 0.824745 -6.495946
vt 0.824745 -6.495946
vt 0.966249 -2.562595
vt 0.824745 1.370755
vt 0.141504 -6.495947
vt 0.824745 -6.495946
vt 0.824745 1.370755
vt 0.141504 1.370755
vt 0.141504 -6.495947
vt 0.824745 1.370755
vt 0.483125 3.000002
vt 0.141504 1.370755
vt 0.824745 1.370755
vt 0.724687 -8.125194
vt 0.845468 -8.125194
vt 0.845468 3.000002
vt 0.845468 3.000002
vt 0.724687 3.000002
vt 0.724687 -8.125194
vt 0.845468 -8.125194
vt 0.966249 -8.125194
vt 0.966249 3.000002
vt 0.966249 3.000002
vt 0.845468 3.000002
vt 0.845468 -8.125194
vt 0.000000 -8.125194
vt 0.120781 -8.125194
vt 0.120781 3.000002
vt 0.120781 3.000002
vt 0.000000 3.000002
vt 0.000000 -8.125194
vt 0.120781 -8.125194
vt 0.241562 -8.125194
vt 0.241562 3.000002
vt 0.241562 3.000002
vt 0.120781 3.000002
vt 0.120781 -8.125194
vt 0.241562 -8.125194
vt 0.362344 -8.125194
vt 0.362344 3.000002
vt 0.362344 3.000002
vt 0.241562 3.000002
vt 0.241562 -8.125194
vt 0.362344 -8.125194
vt 0.483125 -8.125194
vt 0.483125 3.000002
vt 0.483125 3.000002
vt 0.362344 3.000002
vt 0.362344 -8.125194
vt 0.483125 -8.125194
vt 0.603906 -8.125194
vt 0.603906 3.000002
vt 0.603906 3.000002
vt 0.483125 3.000002
vt 0.483125 -8.125194
vt 0.603906 -8.125194
vt 0.724687 -8.125194
vt 0.724687 3.000002
vt 0.724687 3.000002
vt 0.603906 3.000002
vt 0.603906 -8.125194
vt 0.141504 1.370755
vt 0.000000 -2.562596
vt 0.141504 -6.495947
vt 0.141504 -6.495947
vt 0.483125 -8.125194
vt 0.824745 -6.495946
vt 0.824745 -6.495946
vt 0.966249 -2.562595
vt 0.824745 1.370755
vt 0.141504 -6.495947
vt 0.824745 -6.495946
vt 0.824745 1.370755
vt 0.141504 1.370755
vt 0.141504 -6.495947
vt 0.824745 1.370755
vt 0.483125 3.000002
vt 0.141504 1.370755
vt 0.824745 1.370755
vt 0.724687 -8.125194
vt 0.845468 -8.125194
vt 0.845468 3.000002
vt 0.845468 3.000002
vt 0.724687 3.000002
vt 0.724687 -8.125194
vt 0.845468 -8.125194
vt 0.966249 -8.125194
vt 0.966249 3.000002
vt 0.966249 3.000002
vt 0.845468 3.000002
vt 0.845468 -8.125194
vt 0.000000 -8.125194
vt 0.120781 -8.125194
vt 0.120781 3.000002
vt 0.120781 3.000002
vt 0.000000 3.000002
vt 0.000000 -8.125194
vt 0.120781 -8.125194
vt 0.241562 -8.125194
vt 0.241562 3.000002
vt 0.241562 3.000002
vt 0.120781 3.000002
vt 0.120781 -8.125194
vt 0.241562 -8.125194
vt 0.362344 -8.125194
vt 0.362344 3.000002
vt 0.362344 3.000002
vt 0.241562 3.000002
vt 0.241562 -8.125194
vt 0.362344 -8.125194
vt 0.483125 -8.125194
vt 0.483125 3.000002
vt 0.483125 3.000002
vt 0.362344 3.000002
vt 0.362344 -8.125194
vt 0.483125 -8.125194
vt 0.603906 -8.125194
vt 0.603906 3.000002
vt 0.603906 3.000002
vt 0.483125 3.000002
vt 0.483125 -8.125194
vt 0.603906 -8.125194
vt 0.724687 -8.125194
vt 0.724687 3.000002
vt 0.724687 3.000002
vt 0.603906 3.000002
vt 0.603906 -8.125194
vt 0.141504 1.370755
vt 0.000000 -2.562596
vt 0.141504 -6.495947
vt 0.141504 -6.495947
vt 0.483125 -8.125194
vt 0.824745 -6.495946
vt 0.824745 -6.495946
vt 0.966249 -2.562595
vt 0.824745 1.370755
vt 0.141504 -6.495947
vt 0.824745 -6.495946
vt 0.824745 1.370755
vt 0.141504 1.370755
vt 0.141504 -6.495947
vt 0.824745 1.370755
vt 0.483125 3.000002
vt 0.141504 1.370755
vt 0.824745 1.370755
vt 0.724687 -8.125194
vt 0.845468 -8.125194
vt 0.845468 3.000002
vt 0.845468 3.000002
vt 0.724687 3.000002
vt 0.724687 -8.125194
vt 0.845468 -8.125194
vt 0.966249 -8.125194
vt 0.966249 3.000002
vt 0.966249 3.000002
vt 0.845468 3.000002
vt 0.845468 -8.125194
vt 0.000000 -8.125194
vt 0.120781 -8.125194
vt 0.120781 3.000002
vt 0.120781 3.000002
vt 0.000000 3.000002
vt 0.000000 -8.125194
vt 0.120781 -8.125194
vt 0.241562 -8.125194
vt 0.241562 3.000002
vt 0.241562 3.000002
vt 0.120781 3.000002
vt 0.120781 -8.125194
vt 0.241562 -8.125194
vt 0.362344 -8.125194
vt 0.362344 3.000002
vt 0.362344 3.000002
vt 0.241562 3.000002
vt 0.241562 -8.125194
vt 0.362344 -8.125194
vt 0.483125 -8.125194
vt 0.483125 3.000002
vt 0.483125 3.000002
vt 0.362344 3.000002
vt 0.362344 -8.125194
vt 0.483125 -8.125194
vt 0.603906 -8.125194
vt 0.603906 3.000002
vt 0.603906 3.000002
vt 0.483125 3.000002
vt 0.483125 -8.125194
vt 0.603906 -8.125194
vt 0.724687 -8.125194
vt 0.724687 3.000002
vt 0.724687 3.000002
vt 0.603906 3.000002
vt 0.603906 -8.125194
vt 0.141504 1.370755
vt 0.000000 -2.562596
vt 0.141504 -6.495947
vt 0.141504 -6.495947
vt 0.483125 -8.125194
vt 0.824745 -6.495946
vt 0.824745 -6.495946
vt 0.966249 -2.562595
vt 0.824745 1.370755
vt 0.141504 -6.495947
vt 0.824745 -6.495946
vt 0.824745 1.370755
vt 0.141504 1.370755
vt 0.141504 -6.495947
vt 0.824745 1.370755
vt 0.483125 3.000002
vt 0.141504 1.370755
vt 0.824745 1.370755
vt 0.724687 -8.125194
vt 0.845468 -8.125194
vt 0.845468 3.000002
vt 0.845468 3.000002
vt 0.724687 3.000002
vt 0.724687 -8.125194
vt 0.845468 -8.125194
vt 0.966249 -8.125194
vt 0.966249 3.000002
vt 0.966249 3.000002
vt 0.845468 3.000002
vt 0.845468 -8.125194
vt 0.000000 -8.125194
vt 0.120781 -8.125194
vt 0.120781 3.000002
vt 0.120781 3.000002
vt 0.000000 3.000002
vt 0.000000 -8.125194
vt 0.120781 -8.125194
vt 0.241562 -8.125194
vt 0.241562 3.000002
vt 0.241562 3.000002
vt 0.120781 3.000002
vt 0.120781 -8.125194
vt 0.241562 -8.125194
vt 0.362344 -8.125194
vt 0.362344 3.000002
vt 0.362344 3.000002
vt 0.241562 3.000002
vt 0.241562 -8.125194
vt 0.362344 -8.125194
vt 0.483125 -8.125194
vt 0.483125 3.000002
vt 0.483125 3.000002
vt 0.362344 3.000002
vt 0.362344 -8.125194
vt 0.483125 -8.125194
vt 0.603906 -8.125194
vt 0.603906 3.000002
vt 0.603906 3.000002
vt 0.483125 3.000002
vt 0.483125 -8.125194
vt 0.603906 -8.125194
vt 0.724687 -8.125194
vt 0.724687 3.000002
vt 0.724687 3.000002
vt 0.603906 3.000002
vt 0.603906 -8.125194
vt 0.141504 1.370755
vt 0.000000 -2.562596
vt 0.141504 -6.495947
vt 0.141504 -6.495947
vt 0.483125 -8.125194
vt 0.824745 -6.495946
vt 0.824745 -6.495946
vt 0.966249 -2.562595
vt 0.824745 1.370755
vt 0.141504 -6.495947
vt 0.824745 -6.495946
vt 0.824745 1.370755
vt 0.141504 1.370755
vt 0.141504 -6.495947
vt 0.824745 1.370755
vt 0.483125 3.000002
vt 0.141504 1.370755
vt 0.824745 1.370755
vt 0.724687 -8.125194
vt 0.845468 -8.125194
vt 0.845468 3.000002
vt 0.845468 3.000002
vt 0.724687 3.000002
vt 0.724687 -8.125194
vt 0.845468 -8.125194
vt 0.966249 -8.125194
vt 0.966249 3.000002
vt 0.966249 3.000002
vt 0.845468 3.000002
vt 0.845468 -8.125194
vt 0.000000 -8.125194
vt 0.120781 -8.125194
vt 0.120781 3.000002
vt 0.120781 3.000002
vt 0.000000 3.000002
vt 0.000000 -8.125194
vt 0.120781 -8.125194
vt 0.241562 -8.125194
vt 0.241562 3.000002
vt 0.241562 3.000002
vt 0.120781 3.000002
vt 0.120781 -8.125194
vt 0.241562 -8.125194
vt 0.362344 -8.125194
vt 0.362344 3.000002
vt 0.362344 3.000002
vt 0.241562 3.000002
vt 0.241562 -8.125194
vt 0.362344 -8.125194
vt 0.483125 -8.125194
vt 0.483125 3.000002
vt 0.483125 3.000002
vt 0.362344 3.000002
vt 0.362344 -8.125194
vt 0.483125 -8.125194
vt 0.603906 -8.125194
vt 0.603906 3.000002
vt 0.603906 3.000002
vt 0.483125 3.000002
vt 0.483125 -8.125194
vt 0.603906 -8.125194
vt 0.724687 -8.125194
vt 0.724687 3.000002
vt 0.724687 3.000002
vt 0.603906 3.000002
vt 0.603906 -8.125194
vt 0.141504 1.370755
vt 0.000000 -2.562596
vt 0.141504 -6.495947
vt 0.141504 -6.495947
vt 0.483125 -8.125194
vt 0.824745 -6.495946
vt 0.824745 -6.495946
vt 0.966249 -2.562595
vt 0.824745 1.370755
vt 0.141504 -6.495947
vt 0.824745 -6.495946
vt 0.824745 1.370755
vt 0.141504 1.370755
vt 0.141504 -6.495947
vt 0.824745 1.370755
vt 0.483125 3.000002
vt 0.141504 1.370755
vt 0.824745 1.370755
vt 0.724687 -8.125194
vt 0.845468 -8.125194
vt 0.845468 3.000002
vt 0.845468 3.000002
vt 0.724687 3.000002
vt 0.724687 -8.125194
vt 0.845468 -8.125194
vt 0.966249 -8.125194
vt 0.966249 3.000002
vt 0.966249 3.000002
vt 0.845468 3.000002
vt 0.845468 -8.125194
vt 0.000000 -8.125194
vt 0.120781 -8.125194
vt 0.120781 3.000002
vt 0.120781 3.000002
vt 0.000000 3.000002
vt 0.000000 -8.125194
vt 0.120781 -8.125194
vt 0.241562 -8.125194
vt 0.241562 3.000002
vt 0.241562 3.000002
vt 0.120781 3.000002
vt 0.120781 -8.125194
vt 0.241562 -8.125194
vt 0.362344 -8.125194
vt 0.362344 3.000002
vt 0.362344 3.000002
vt 0.241562 3.000002
vt 0.241562 -8.125194
vt 0.362344 -8.125194
vt 0.483125 -8.125194
vt 0.483125 3.000002
vt 0.483125 3.000002
vt 0.362344 3.000002
vt 0.362344 -8.125194
vt 0.483125 -8.125194
vt 0.603906 -8.125194
vt 0.603906 3.000002
vt 0.603906 3.000002
vt 0.483125 3.000002
vt 0.483125 -8.125194
vt 0.603906 -8.125194
vt 0.724687 -8.125194
vt 0.724687 3.000002
vt 0.724687 3.000002
vt 0.603906 3.000002
vt 0.603906 -8.125194
vt 0.141504 1.370755
vt 0.000000 -2.562596
vt 0.141504 -6.495947
vt 0.141504 -6.495947
vt 0.483125 -8.125194
vt 0.824745 -6.495946
vt 0.824745 -6.495946
vt 0.966249 -2.562595
vt 0.824745 1.370755
vt 0.141504 -6.495947
vt 0.824745 -6.495946
vt 0.824745 1.370755
vt 0.141504 1.370755
vt 0.141504 -6.495947
vt 0.824745 1.370755
vt 0.483125 3.000002
vt 0.141504 1.370755
vt 0.824745 1.370755
vt -0.247951 2.500388
vt -0.247951 2.499612
vt 0.345884 2.499612
vt 0.345884 2.499612
vt 0.345884 2.500388
vt -0.247951 2.500388
vt 0.345883 3.247951
vt 0.345883 3.249057
vt -0.249057 2.654116
vt -0.249057 2.654116
vt -0.247951 2.654116
vt 0.345883 3.247951
vt 1.249057 2.499612
vt 1.249057 2.500388
vt 0.654116 2.500388
vt 0.654116 2.500388
vt 0.654116 2.499612
vt 1.249057 2.499612
vt 0.654117 3.249057
vt 0.654117 3.247951
vt 1.247952 2.654116
vt 1.247952 2.654116
vt 1.249057 2.654116
vt 0.654117 3.249057
vt -0.247951 2.500388
vt -0.247951 2.499612
vt 0.345884 2.499612
vt 0.345884 2.499612
vt 0.345884 2.500388
vt -0.247951 2.500388
vt 0.345883 3.247951
vt 0.345883 3.249057
vt -0.249057 2.654116
vt -0.249057 2.654116
vt -0.247951 2.654116
vt 0.345883 3.247951
vt 1.249057 2.499612
vt 1.249057 2.500388
vt 0.654116 2.500388
vt 0.654116 2.500388
vt 0.654116 2.499612
vt 1.249057 2.499612
vt 0.654117 3.249057
vt 0.654117 3.247951
vt 1.247952 2.654116
vt 1.247952 2.654116
vt 1.249057 2.654116
vt 0.654117 3.249057
vt 0.724687 -8.125194
vt 0.845468 -8.125194
vt 0.845468 3.000002
vt 0.845468 3.000002
vt 0.724687 3.000002
vt 0.724687 -8.125194
vt 0.845468 -8.125194
vt 0.966249 -8.125194
vt 0.966249 3.000002
vt 0.966249 3.000002
vt 0.845468 3.000002
vt 0.845468 -8.125194
vt 0.000000 -8.125194
vt 0.120781 -8.125194
vt 0.120781 3.000002
vt 0.120781 3.000002
vt 0.000000 3.000002
vt 0.000000 -8.125194
vt 0.120781 -8.125194
vt 0.241562 -8.125194
vt 0.241562 3.000002
vt 0.241562 3.000002
vt 0.120781 3.000002
vt 0.120781 -8.125194
vt 0.241562 -8.125194
vt 0.362344 -8.125194
vt 0.362344 3.000002
vt 0.362344 3.000002
vt 0.241562 3.000002
vt 0.241562 -8.125194
vt 0.362344 -8.125194
vt 0.483125 -8.125194
vt 0.483125 3.000002
vt 0.483125 3.000002
vt 0.362344 3.000002
vt 0.362344 -8.125194
vt 0.483125 -8.125194
vt 0.603906 -8.125194
vt 0.603906 3.000002
vt 0.603906 3.000002
vt 0.483125 3.000002
vt 0.483125 -8.125194
vt 0.603906 -8.125194
vt 0.724687 -8.125194
vt 0.724687 3.000002
vt 0.724687 3.000002
vt 0.603906 3.000002
vt 0.603906 -8.125194
vt 0.141504 1.370755
vt 0.000000 -2.562596
vt 0.141504 -6.495947
vt 0.141504 -6.495947
vt 0.483125 -8.125194
vt 0.824745 -6.495946
vt 0.824745 -6.495946
vt 0.966249 -2.562595
vt 0.824745 1.370755
vt 0.141504 -6.495947
vt 0.824745 -6.495946
vt 0.824745 1.370755
vt 0.141504 1.370755
vt 0.141504 -6.495947
vt 0.824745 1.370755
vt 0.483125 3.000002
vt 0.141504 1.370755
vt 0.824745 1.370755
vt 0.724687 -8.125194
vt 0.845468 -8.125194
vt 0.845468 3.000002
vt 0.845468 3.000002
vt 0.724687 3.000002
vt 0.724687 -8.125194
vt 0.845468 -8.125194
vt 0.966249 -8.125194
vt 0.966249 3.000002
vt 0.966249 3.000002
vt 0.845468 3.000002
vt 0.845468 -8.125194
vt 0.000000 -8.125194
vt 0.120781 -8.125194
vt 0.120781 3.000002
vt 0.120781 3.000002
vt 0.000000 3.000002
vt 0.000000 -8.125194
vt 0.120781 -8.125194
vt 0.241562 -8.125194
vt 0.241562 3.000002
vt 0.241562 3.000002
vt 0.120781 3.000002
vt 0.120781 -8.125194
vt 0.241562 -8.125194
vt 0.362344 -8.125194
vt 0.362344 3.000002
vt 0.362344 3.000002
vt 0.241562 3.000002
vt 0.241562 -8.125194
vt 0.362344 -8.125194
vt 0.483125 -8.125194
vt 0.483125 3.000002
vt 0.483125 3.000002
vt 0.362344 3.000002
vt 0.362344 -8.125194
vt 0.483125 -8.125194
vt 0.603906 -8.125194
vt 0.603906 3.000002
vt 0.603906 3.000002
vt 0.483125 3.000002
vt 0.483125 -8.125194
vt 0.603906 -8.125194
vt 0.724687 -8.125194
vt 0.724687 3.000002
vt 0.724687 3.000002
vt 0.603906 3.000002
vt 0.603906 -8.125194
vt 0.141504 1.370755
vt 0.000000 -2.562596
vt 0.141504 -6.495947
vt 0.141504 -6.495947
vt 0.483125 -8.125194
vt 0.824745 -6.495946
vt 0.824745 -6.495946
vt 0.966249 -2.562595
vt 0.824745 1.370755
vt 0.141504 -6.495947
vt 0.824745 -6.495946
vt 0.824745 1.370755
vt 0.141504 1.370755
vt 0.141504 -6.495947
vt 0.824745 1.370755
vt 0.483125 3.000002
vt 0.141504 1.370755
vt 0.824745 1.370755
vt 0.724687 -8.125194
vt 0.845468 -8.125194
vt 0.845468 3.000002
vt 0.845468 3.000002
vt 0.724687 3.000002
vt 0.724687 -8.125194
vt 0.845468 -8.125194
vt 0.966249 -8.125194
vt 0.966249 3.000002
vt 0.966249 3.000002
vt 0.845468 3.000002
vt 0.845468 -8.125194
vt 0.000000 -8.125194
vt 0.120781 -8.125194
vt 0.120781 3.000002
vt 0.120781 3.000002
vt 0.000000 3.000002
vt 0.000000 -8.125194
vt 0.120781 -8.125194
vt 0.241562 -8.125194
vt 0.241562 3.000002
vt 0.241562 3.000002
vt 0.120781 3.000002
vt 0.120781 -8.125194
vt 0.241562 -8.125194
vt 0.362344 -8.125194
vt 0.362344 3.000002
vt 0.362344 3.000002
vt 0.241562 3.000002
vt 0.241562 -8.125194
vt 0.362344 -8.125194
vt 0.483125 -8.125194
vt 0.483125 3.000002
vt 0.483125 3.000002
vt 0.362344 3.000002
vt 0.362344 -8.125194
vt 0.483125 -8.125194
vt 0.603906 -8.125194
vt 0.603906 3.000002
vt 0.603906 3.000002
vt 0.483125 3.000002
vt 0.483125 -8.125194
vt 0.603906 -8.125194
vt 0.724687 -8.125194
vt 0.724687 3.000002
vt 0.724687 3.000002
vt 0.603906 3.000002
vt 0.603906 -8.125194
vt 0.141504 1.370755
vt 0.000000 -2.562596
vt 0.141504 -6.495947
vt 0.141504 -6.495947
vt 0.483125 -8.125194
vt 0.824745 -6.495946
vt 0.824745 -6.495946
vt 0.966249 -2.562595
vt 0.824745 1.370755
vt 0.141504 -6.495947
vt 0.824745 -6.495946
vt 0.824745 1.370755
vt 0.141504 1.370755
vt 0.141504 -6.495947
vt 0.824745 1.370755
vt 0.483125 3.000002
vt 0.141504 1.370755
vt 0.824745 1.370755
vt 0.724687 -8.125194
vt 0.845468 -8.125194
vt 0.845468 3.000002
vt 0.845468 3.000002
vt 0.724687 3.000002
vt 0.724687 -8.125194
vt 0.845468 -8.125194
vt 0.966249 -8.125194
vt 0.966249 3.000002
vt 0.966249 3.000002
vt 0.845468 3.000002
vt 0.845468 -8.125194
vt 0.000000 -8.125194
vt 0.120781 -8.125194
vt 0.120781 3.000002
vt 0.120781 3.000002
vt 0.000000 3.000002
vt 0.000000 -8.125194
vt 0.120781 -8.125194
vt 0.241562 -8.125194
vt 0.241562 3.000002
vt 0.241562 3.000002
vt 0.120781 3.000002
vt 0.120781 -8.125194
vt 0.241562 -8.125194
vt 0.362344 -8.125194
vt 0.362344 3.000002
vt 0.362344 3.000002
vt 0.241562 3.000002
vt 0.241562 -8.125194
vt 0.362344 -8.125194
vt 0.483125 -8.125194
vt 0.483125 3.000002
vt 0.483125 3.000002
vt 0.362344 3.000002
vt 0.362344 -8.125194
vt 0.483125 -8.125194
vt 0.603906 -8.125194
vt 0.603906 3.000002
vt 0.603906 3.000002
vt 0.483125 3.000002
vt 0.483125 -8.125194
vt 0.603906 -8.125194
vt 0.724687 -8.125194
vt 0.724687 3.000002
vt 0.724687 3.000002
vt 0.603906 3.000002
vt 0.603906 -8.125194
vt 0.141504 1.370755
vt 0.000000 -2.562596
vt 0.141504 -6.495947
vt 0.141504 -6.495947
vt 0.483125 -8.125194
vt 0.824745 -6.495946
vt 0.824745 -6.495946
vt 0.966249 -2.562595
vt 0.824745 1.370755
vt 0.141504 -6.495947
vt 0.824745 -6.495946
vt 0.824745 1.370755
vt 0.141504 1.370755
vt 0.141504 -6.495947
vt 0.824745 1.370755
vt 0.483125 3.000002
vt 0.141504 1.370755
vt 0.824745 1.370755
vt 0.724687 -8.125194
vt 0.845468 -8.125194
vt 0.845468 3.000002
vt 0.845468 3.000002
vt 0.724687 3.000002
vt 0.724687 -8.125194
vt 0.845468 -8.125194
vt 0.966249 -8.125194
vt 0.966249 3.000002
vt 0.966249 3.000002
vt 0.845468 3.000002
vt 0.845468 -8.125194
vt 0.000000 -8.125194
vt 0.120781 -8.125194
vt 0.120781 3.000002
vt 0.120781 3.000002
vt 0.000000 3.000002
vt 0.000000 -8.125194
vt 0.120781 -8.125194
vt 0.241562 -8.125194
vt 0.241562 3.000002
vt 0.241562 3.000002
vt 0.120781 3.000002
vt 0.120781 -8.125194
vt 0.241562 -8.125194
vt 0.362344 -8.125194
vt 0.362344 3.000002
vt 0.362344 3.000002
vt 0.241562 3.000002
vt 0.241562 -8.125194
vt 0.362344 -8.125194
vt 0.483125 -8.125194
vt 0.483125 3.000002
vt 0.483125 3.000002
vt 0.362344 3.000002
vt 0.362344 -8.125194
vt 0.483125 -8.125194
vt 0.603906 -8.125194
vt 0.603906 3.000002
vt 0.603906 3.000002
vt 0.483125 3.000002
vt 0.483125 -8.125194
vt 0.603906 -8.125194
vt 0.724687 -8.125194
vt 0.724687 3.000002
vt 0.724687 3.000002
vt 0.603906 3.000002
vt 0.603906 -8.125194
vt 0.141504 1.370755
vt 0.000000 -2.562596
vt 0.141504 -6.495947
vt 0.141504 -6.495947
vt 0.483125 -8.125194
vt 0.824745 -6.495946
vt 0.824745 -6.495946
vt 0.966249 -2.562595
vt 0.824745 1.370755
vt 0.141504 -6.495947
vt 0.824745 -6.495946
vt 0.824745 1.370755
vt 0.141504 1.370755
vt 0.141504 -6.495947
vt 0.824745 1.370755
vt 0.483125 3.000002
vt 0.141504 1.370755
vt 0.824745 1.370755
vt 0.724687 -8.125194
vt 0.845468 -8.125194
vt 0.845468 3.000002
vt 0.845468 3.000002
vt 0.724687 3.000002
vt 0.724687 -8.125194
vt 0.845468 -8.125194
vt 0.966249 -8.125194
vt 0.966249 3.000002
vt 0.966249 3.000002
vt 0.845468 3.000002
vt 0.845468 -8.125194
vt 0.000000 -8.125194
vt 0.120781 -8.125194
vt 0.120781 3.000002
vt 0.120781 3.000002
vt 0.000000 3.000002
vt 0.000000 -8.125194
vt 0.120781 -8.125194
vt 0.241562 -8.125194
vt 0.241562 3.000002
vt 0.241562 3.000002
vt 0.120781 3.000002
vt 0.120781 -8.125194
vt 0.241562 -8.125194
vt 0.362344 -8.125194
vt 0.362344 3.000002
vt 0.362344 3.000002
vt 0.241562 3.000002
vt 0.241562 -8.125194
vt 0.362344 -8.125194
vt 0.483125 -8.125194
vt 0.483125 3.000002
vt 0.483125 3.000002
vt 0.362344 3.000002
vt 0.362344 -8.125194
vt 0.483125 -8.125194
vt 0.603906 -8.125194
vt 0.603906 3.000002
vt 0.603906 3.000002
vt 0.483125 3.000002
vt 0.483125 -8.125194
vt 0.603906 -8.125194
vt 0.724687 -8.125194
vt 0.724687 3.000002
vt 0.724687 3.000002
vt 0.603906 3.000002
vt 0.603906 -8.125194
vt 0.141504 1.370755
vt 0.000000 -2.562596
vt 0.141504 -6.495947
vt 0.141504 -6.495947
vt 0.483125 -8.125194
vt 0.824745 -6.495946
vt 0.824745 -6.495946
vt 0.966249 -2.562595
vt 0.824745 1.370755
vt 0.141504 -6.495947
vt 0.824745 -6.495946
vt 0.824745 1.370755
vt 0.141504 1.370755
vt 0.141504 -6.495947
vt 0.824745 1.370755
vt 0.483125 3.000002
vt 0.141504 1.370755
vt 0.824745 1.370755
vt 0.724687 -8.125194
vt 0.845468 -8.125194
vt 0.845468 3.000002
vt 0.845468 3.000002
vt 0.724687 3.000002
vt 0.724687 -8.125194
vt 0.845468 -8.125194
vt 0.966249 -8.125194
vt 0.966249 3.000002
vt 0.966249 3.000002
vt 0.845468 3.000002
vt 0.845468 -8.125194
vt 0.000000 -8.125194
vt 0.120781 -8.125194
vt 0.120781 3.000002
vt 0.120781 3.000002
vt 0.000000 3.000002
vt 0.000000 -8.125194
vt 0.120781 -8.125194
vt 0.241562 -8.125194
vt 0.241562 3.000002
vt 0.241562 3.000002
vt 0.120781 3.000002
vt 0.120781 -8.125194
vt 0.241562 -8.125194
vt 0.362344 -8.125194
vt 0.362344 3.000002
vt 0.362344 3.000002
vt 0.241562 3.000002
vt 0.241562 -8.125194
vt 0.362344 -8.125194
vt 0.483125 -8.125194
vt 0.483125 3.000002
vt 0.483125 3.000002
vt 0.362344 3.000002
vt 0.362344 -8.125194
vt 0.483125 -8.125194
vt 0.603906 -8.125194
vt 0.603906 3.000002
vt 0.603906 3.000002
vt 0.483125 3.000002
vt 0.483125 -8.125194
vt 0.603906 -8.125194
vt 0.724687 -8.125194
vt 0.724687 3.000002
vt 0.724687 3.000002
vt 0.603906 3.000002
vt 0.603906 -8.125194
vt 0.141504 1.370755
vt 0.000000 -2.562596
vt 0.141504 -6.495947
vt 0.141504 -6.495947
vt 0.483125 -8.125194
vt 0.824745 -6.495946
vt 0.824745 -6.495946
vt 0.966249 -2.562595
vt 0.824745 1.370755
vt 0.141504 -6.495947
vt 0.824745 -6.495946
vt 0.824745 1.370755
vt 0.141504 1.370755
vt 0.141504 -6.495947
vt 0.824745 1.370755
vt 0.483125 3.000002
vt 0.141504 1.370755
vt 0.824745 1.370755
vt -0.247951 2.500388
vt -0.247951 2.499612
vt 0.345884 2.499612
vt 0.345884 2.499612
vt 0.345884 2.500388
vt -0.247951 2.500388
vt 0.345883 3.247951
vt 0.345883 3.249057
vt -0.249057 2.654116
vt -0.249057 2.654116
vt -0.247951 2.654116
vt 0.345883 3.247951
vt 1.249057 2.499612
vt 1.249057 2.500388
vt 0.654116 2.500388
vt 0.654116 2.500388
vt 0.654116 2.499612
vt 1.249057 2.499612
vt 0.654117 3.249057
vt 0.654117 3.247951
vt 1.247952 2.654116
vt 1.247952 2.654116
vt 1.249057 2.654116
vt 0.654117 3.249057
vt -0.247951 2.500388
vt -0.247951 2.499612
vt 0.345884 2.499612
vt 0.345884 2.499612
vt 0.345884 2.500388
vt -0.247951 2.500388
vt 0.345883 3.247951
vt 0.345883 3.249057
vt -0.249057 2.654116
vt -0.249057 2.654116
vt -0.247951 2.654116
vt 0.345883 3.247951
vt 1.249057 2.499612
vt 1.249057 2.500388
vt 0.654116 2.500388
vt 0.654116 2.500388
vt 0.654116 2.499612
vt 1.249057 2.499612
vt 0.654117 3.249057
vt 0.654117 3.247951
vt 1.247952 2.654116
vt 1.247952 2.654116
vt 1.249057 2.654116
vt 0.654117 3.249057
vt 0.724687 -8.125194
vt 0.845468 -8.125194
vt 0.845468 3.000002
vt 0.845468 3.000002
vt 0.724687 3.000002
vt 0.724687 -8.125194
vt 0.845468 -8.125194
vt 0.966249 -8.125194
vt 0.966249 3.000002
vt 0.966249 3.000002
vt 0.845468 3.000002
vt 0.845468 -8.125194
vt 0.000000 -8.125194
vt 0.120781 -8.125194
vt 0.120781 3.000002
vt 0.120781 3.000002
vt 0.000000 3.000002
vt 0.000000 -8.125194
vt 0.120781 -8.125194
vt 0.241562 -8.125194
vt 0.241562 3.000002
vt 0.241562 3.000002
vt 0.120781 3.000002
vt 0.120781 -8.125194
vt 0.241562 -8.125194
vt 0.362344 -8.125194
vt 0.362344 3.000002
vt 0.362344 3.000002
vt 0.241562 3.000002
vt 0.241562 -8.125194
vt 0.362344 -8.125194
vt 0.483125 -8.125194
vt 0.483125 3.000002
vt 0.483125 3.000002
vt 0.362344 3.000002
vt 0.362344 -8.125194
vt 0.483125 -8.125194
vt 0.603906 -8.125194
vt 0.603906 3.000002
vt 0.603906 3.000002
vt 0.483125 3.000002
vt 0.483125 -8.125194
vt 0.603906 -8.125194
vt 0.724687 -8.125194
vt 0.724687 3.000002
vt 0.724687 3.000002
vt 0.603906 3.000002
vt 0.603906 -8.125194
vt 0.141504 1.370755
vt 0.000000 -2.562596
vt 0.141504 -6.495947
vt 0.141504 -6.495947
vt 0.483125 -8.125194
vt 0.824745 -6.495946
vt 0.824745 -6.495946
vt 0.966249 -2.562595
vt 0.824745 1.370755
vt 0.141504 -6.495947
vt 0.824745 -6.495946
vt 0.824745 1.370755
vt 0.141504 1.370755
vt 0.141504 -6.495947
vt 0.824745 1.370755
vt 0.483125 3.000002
vt 0.141504 1.370755
vt 0.824745 1.370755
vt 0.724687 -8.125194
vt 0.845468 -8.125194
vt 0.845468 3.000002
vt 0.845468 3.000002
vt 0.724687 3.000002
vt 0.724687 -8.125194
vt 0.845468 -8.125194
vt 0.966249 -8.125194
vt 0.966249 3.000002
vt 0.966249 3.000002
vt 0.845468 3.000002
vt 0.845468 -8.125194
vt 0.000000 -8.125194
vt 0.120781 -8.125194
vt 0.120781 3.000002
vt 0.120781 3.000002
vt 0.000000 3.000002
vt 0.000000 -8.125194
vt 0.120781 -8.125194
vt 0.241562 -8.125194
vt 0.241562 3.000002
vt 0.241562 3.000002
vt 0.120781 3.000002
vt 0.120781 -8.125194
vt 0.241562 -8.125194
vt 0.362344 -8.125194
vt 0.362344 3.000002
vt 0.362344 3.000002
vt 0.241562 3.000002
vt 0.241562 -8.125194
vt 0.362344 -8.125194
vt 0.483125 -8.125194
vt 0.483125 3.000002
vt 0.483125 3.000002
vt 0.362344 3.000002
vt 0.362344 -8.125194
vt 0.483125 -8.125194
vt 0.603906 -8.125194
vt 0.603906 3.000002
vt 0.603906 3.000002
vt 0.483125 3.000002
vt 0.483125 -8.125194
vt 0.603906 -8.125194
vt 0.724687 -8.125194
vt 0.724687 3.000002
vt 0.724687 3.000002
vt 0.603906 3.000002
vt 0.603906 -8.125194
vt 0.141504 1.370755
vt 0.000000 -2.562596
vt 0.141504 -6.495947
vt 0.141504 -6.495947
vt 0.483125 -8.125194
vt 0.824745 -6.495946
vt 0.824745 -6.495946
vt 0.966249 -2.562595
vt 0.824745 1.370755
vt 0.141504 -6.495947
vt 0.824745 -6.495946
vt 0.824745 1.370755
vt 0.141504 1.370755
vt 0.141504 -6.495947
vt 0.824745 1.370755
vt 0.483125 3.000002
vt 0.141504 1.370755
vt 0.824745 1.370755
vt 0.724687 -8.125194
vt 0.845468 -8.125194
vt 0.845468 3.000002
vt 0.845468 3.000002
vt 0.724687 3.000002
vt 0.724687 -8.125194
vt 0.845468 -8.125194
vt 0.966249 -8.125194
vt 0.966249 3.000002
vt 0.966249 3.000002
vt 0.845468 3.000002
vt 0.845468 -8.125194
vt 0.000000 -8.125194
vt 0.120781 -8.125194
vt 0.120781 3.000002
vt 0.120781 3.000002
vt 0.000000 3.000002
vt 0.000000 -8.125194
vt 0.120781 -8.125194
vt 0.241562 -8.125194
vt 0.241562 3.000002
vt 0.241562 3.000002
vt 0.120781 3.000002
vt 0.120781 -8.125194
vt 0.241562 -8.125194
vt 0.362344 -8.125194
vt 0.362344 3.000002
vt 0.362344 3.000002
vt 0.241562 3.000002
vt 0.241562 -8.125194
vt 0.362344 -8.125194
vt 0.483125 -8.125194
vt 0.483125 3.000002
vt 0.483125 3.000002
vt 0.362344 3.000002
vt 0.362344 -8.125194
vt 0.483125 -8.125194
vt 0.603906 -8.125194
vt 0.603906 3.000002
vt 0.603906 3.000002
vt 0.483125 3.000002
vt 0.483125 -8.125194
vt 0.603906 -8.125194
vt 0.724687 -8.125194
vt 0.724687 3.000002
vt 0.724687 3.000002
vt 0.603906 3.000002
vt 0.603906 -8.125194
vt 0.141504 1.370755
vt 0.000000 -2.562596
vt 0.141504 -6.495947
vt 0.141504 -6.495947
vt 0.483125 -8.125194
vt 0.824745 -6.495946
vt 0.824745 -6.495946
vt 0.966249 -2.562595
vt 0.824745 1.370755
vt 0.141504 -6.495947
vt 0.824745 -6.495946
vt 0.824745 1.370755
vt 0.141504 1.370755
vt 0.141504 -6.495947
vt 0.824745 1.370755
vt 0.483125 3.000002
vt 0.141504 1.370755
vt 0.824745 1.370755
vt 0.724687 -8.125194
vt 0.845468 -8.125194
vt 0.845468 3.000002
vt 0.845468 3.000002
vt 0.724687 3.000002
vt 0.724687 -8.125194
vt 0.845468 -8.125194
vt 0.966249 -8.125194
vt 0.966249 3.000002
vt 0.966249 3.000002
vt 0.845468 3.000002
vt 0.845468 -8.125194
vt 0.000000 -8.125194
vt 0.120781 -8.125194
vt 0.120781 3.000002
vt 0.120781 3.000002
vt 0.000000 3.000002
vt 0.000000 -8.125194
vt 0.120781 -8.125194
vt 0.241562 -8.125194
vt 0.241562 3.000002
vt 0.241562 3.000002
vt 0.120781 3.000002
vt 0.120781 -8.125194
vt 0.241562 -8.125194
vt 0.362344 -8.125194
vt 0.362344 3.000002
vt 0.362344 3.000002
vt 0.241562 3.000002
vt 0.241562 -8.125194
vt 0.362344 -8.125194
vt 0.483125 -8.125194
vt 0.483125 3.000002
vt 0.483125 3.000002
vt 0.362344 3.000002
vt 0.362344 -8.125194
vt 0.483125 -8.125194
vt 0.603906 -8.125194
vt 0.603906 3.000002
vt 0.603906 3.000002
vt 0.483125 3.000002
vt 0.483125 -8.125194
vt 0.603906 -8.125194
vt 0.724687 -8.125194
vt 0.724687 3.000002
vt 0.724687 3.000002
vt 0.603906 3.000002
vt 0.603906 -8.125194
vt 0.141504 1.370755
vt 0.000000 -2.562596
vt 0.141504 -6.495947
vt 0.141504 -6.495947
vt 0.483125 -8.125194
vt 0.824745 -6.495946
vt 0.824745 -6.495946
vt 0.966249 -2.562595
vt 0.824745 1.370755
vt 0.141504 -6.495947
vt 0.824745 -6.495946
vt 0.824745 1.370755
vt 0.141504 1.370755
vt 0.141504 -6.495947
vt 0.824745 1.370755
vt 0.483125 3.000002
vt 0.141504 1.370755
vt 0.824745 1.370755
vt 0.035855 2.500017
vt 0.345884 2.499612
vt 0.345884 2.500388
vt 0.035855 2.500388
vt 0.061813 2.964408
vt -0.249057 2.654116
vt -0.247951 2.654116
vt 0.062077 2.964144
vt 0.964697 2.499983
vt 0.654116 2.500388
vt 0.654116 2.499612
vt 0.964697 2.499612
vt 0.938212 2.964433
vt 1.247952 2.654116
vt 1.249057 2.654116
vt 0.938476 2.964697
vt 0.035855 2.500017
vt 0.345884 2.499612
vt 0.345884 2.500388
vt 0.035855 2.500388
vt 0.062077 2.964144
vt 0.061813 2.964408
vt -0.249057 2.654116
vt -0.247951 2.654116
vt 0.964697 2.499612
vt 0.964697 2.499983
vt 0.654116 2.500388
vt 0.654116 2.499612
vt 0.938476 2.964697
vt 0.938212 2.964433
vt 1.247952 2.654116
vt 1.249057 2.654116
vt 0.035855 2.499612
vt 0.345884 2.499612
vt 0.035855 2.500017
vt 0.061524 2.964697
vt -0.249057 2.654116
vt 0.061813 2.964408
vt 0.964697 2.500388
vt 0.654116 2.500388
vt 0.964697 2.499983
vt 0.937923 2.964144
vt 1.247952 2.654116
vt 0.938212 2.964433
vt 0.035856 2.499612
vt 0.345884 2.499612
vt 0.035855 2.500017
vt 0.061524 2.964697
vt -0.249057 2.654116
vt 0.061813 2.964408
vt 0.964697 2.500388
vt 0.654116 2.500388
vt 0.964697 2.499983
vt 0.937923 2.964144
vt 1.247952 2.654116
vt 0.938212 2.964433
vt 0.724687 -8.125194
vt 0.845468 -8.125194
vt 0.845468 3.000002
vt 0.845468 3.000002
vt 0.724687 3.000002
vt 0.724687 -8.125194
vt 0.845468 -8.125194
vt 0.966249 -8.125194
vt 0.966249 3.000002
vt 0.966249 3.000002
vt 0.845468 3.000002
vt 0.845468 -8.125194
vt 0.000000 -8.125194
vt 0.120781 -8.125194
vt 0.120781 3.000002
vt 0.120781 3.000002
vt 0.000000 3.000002
vt 0.000000 -8.125194
vt 0.120781 -8.125194
vt 0.241562 -8.125194
vt 0.241562 3.000002
vt 0.241562 3.000002
vt 0.120781 3.000002
vt 0.120781 -8.125194
vt 0.241562 -8.125194
vt 0.362344 -8.125194
vt 0.362344 3.000002
vt 0.362344 3.000002
vt 0.241562 3.000002
vt 0.241562 -8.125194
vt 0.362344 -8.125194
vt 0.483125 -8.125194
vt 0.483125 3.000002
vt 0.483125 3.000002
vt 0.362344 3.000002
vt 0.362344 -8.125194
vt 0.483125 -8.125194
vt 0.603906 -8.125194
vt 0.603906 3.000002
vt 0.603906 3.000002
vt 0.483125 3.000002
vt 0.483125 -8.125194
vt 0.603906 -8.125194
vt 0.724687 -8.125194
vt 0.724687 3.000002
vt 0.724687 3.000002
vt 0.603906 3.000002
vt 0.603906 -8.125194
vt 0.141504 1.370755
vt 0.000000 -2.562596
vt 0.141504 -6.495947
vt 0.141504 -6.495947
vt 0.483125 -8.125194
vt 0.824745 -6.495946
vt 0.824745 -6.495946
vt 0.966249 -2.562595
vt 0.824745 1.370755
vt 0.141504 -6.495947
vt 0.824745 -6.495946
vt 0.824745 1.370755
vt 0.141504 1.370755
vt 0.141504 -6.495947
vt 0.824745 1.370755
vt 0.483125 3.000002
vt 0.141504 1.370755
vt 0.824745 1.370755
vt 0.724687 -8.125194
vt 0.845468 -8.125194
vt 0.845468 3.000002
vt 0.845468 3.000002
vt 0.724687 3.000002
vt 0.724687 -8.125194
vt 0.845468 -8.125194
vt 0.966249 -8.125194
vt 0.966249 3.000002
vt 0.966249 3.000002
vt 0.845468 3.000002
vt 0.845468 -8.125194
vt 0.000000 -8.125194
vt 0.120781 -8.125194
vt 0.120781 3.000002
vt 0.120781 3.000002
vt 0.000000 3.000002
vt 0.000000 -8.125194
vt 0.120781 -8.125194
vt 0.241562 -8.125194
vt 0.241562 3.000002
vt 0.241562 3.000002
vt 0.120781 3.000002
vt 0.120781 -8.125194
vt 0.241562 -8.125194
vt 0.362344 -8.125194
vt 0.362344 3.000002
vt 0.362344 3.000002
vt 0.241562 3.000002
vt 0.241562 -8.125194
vt 0.362344 -8.125194
vt 0.483125 -8.125194
vt 0.483125 3.000002
vt 0.483125 3.000002
vt 0.362344 3.000002
vt 0.362344 -8.125194
vt 0.483125 -8.125194
vt 0.603906 -8.125194
vt 0.603906 3.000002
vt 0.603906 3.000002
vt 0.483125 3.000002
vt 0.483125 -8.125194
vt 0.603906 -8.125194
vt 0.724687 -8.125194
vt 0.724687 3.000002
vt 0.724687 3.000002
vt 0.603906 3.000002
vt 0.603906 -8.125194
vt 0.141504 1.370755
vt 0.000000 -2.562596
vt 0.141504 -6.495947
vt 0.141504 -6.495947
vt 0.483125 -8.125194
vt 0.824745 -6.495946
vt 0.824745 -6.495946
vt 0.966249 -2.562595
vt 0.824745 1.370755
vt 0.141504 -6.495947
vt 0.824745 -6.495946
vt 0.824745 1.370755
vt 0.141504 1.370755
vt 0.141504 -6.495947
vt 0.824745 1.370755
vt 0.483125 3.000002
vt 0.141504 1.370755
vt 0.824745 1.370755
vt 0.724687 -8.125194
vt 0.845468 -8.125194
vt 0.845468 3.000002
vt 0.845468 3.000002
vt 0.724687 3.000002
vt 0.724687 -8.125194
vt 0.845468 -8.125194
vt 0.966249 -8.125194
vt 0.966249 3.000002
vt 0.966249 3.000002
vt 0.845468 3.000002
vt 0.845468 -8.125194
vt 0.000000 -8.125194
vt 0.120781 -8.125194
vt 0.120781 3.000002
vt 0.120781 3.000002
vt 0.000000 3.000002
vt 0.000000 -8.125194
vt 0.120781 -8.125194
vt 0.241562 -8.125194
vt 0.241562 3.000002
vt 0.241562 3.000002
vt 0.120781 3.000002
vt 0.120781 -8.125194
vt 0.241562 -8.125194
vt 0.362344 -8.125194
vt 0.362344 3.000002
vt 0.362344 3.000002
vt 0.241562 3.000002
vt 0.241562 -8.125194
vt 0.362344 -8.125194
vt 0.483125 -8.125194
vt 0.483125 3.000002
vt 0.483125 3.000002
vt 0.362344 3.000002
vt 0.362344 -8.125194
vt 0.483125 -8.125194
vt 0.603906 -8.125194
vt 0.603906 3.000002
vt 0.603906 3.000002
vt 0.483125 3.000002
vt 0.483125 -8.125194
vt 0.603906 -8.125194
vt 0.724687 -8.125194
vt 0.724687 3.000002
vt 0.724687 3.000002
vt 0.603906 3.000002
vt 0.603906 -8.125194
vt 0.141504 1.370755
vt 0.000000 -2.562596
vt 0.141504 -6.495947
vt 0.141504 -6.495947
vt 0.483125 -8.125194
vt 0.824745 -6.495946
vt 0.824745 -6.495946
vt 0.966249 -2.562595
vt 0.824745 1.370755
vt 0.141504 -6.495947
vt 0.824745 -6.495946
vt 0.824745 1.370755
vt 0.141504 1.370755
vt 0.141504 -6.495947
vt 0.824745 1.370755
vt 0.483125 3.000002
vt 0.141504 1.370755
vt 0.824745 1.370755
vt 0.724687 -8.125194
vt 0.845468 -8.125194
vt 0.845468 3.000002
vt 0.845468 3.000002
vt 0.724687 3.000002
vt 0.724687 -8.125194
vt 0.845468 -8.125194
vt 0.966249 -8.125194
vt 0.966249 3.000002
vt 0.966249 3.000002
vt 0.845468 3.000002
vt 0.845468 -8.125194
vt 0.000000 -8.125194
vt 0.120781 -8.125194
vt 0.120781 3.000002
vt 0.120781 3.000002
vt 0.000000 3.000002
vt 0.000000 -8.125194
vt 0.120781 -8.125194
vt 0.241562 -8.125194
vt 0.241562 3.000002
vt 0.241562 3.000002
vt 0.120781 3.000002
vt 0.120781 -8.125194
vt 0.241562 -8.125194
vt 0.362344 -8.125194
vt 0.362344 3.000002
vt 0.362344 3.000002
vt 0.241562 3.000002
vt 0.241562 -8.125194
vt 0.362344 -8.125194
vt 0.483125 -8.125194
vt 0.483125 3.000002
vt 0.483125 3.000002
vt 0.362344 3.000002
vt 0.362344 -8.125194
vt 0.483125 -8.125194
vt 0.603906 -8.125194
vt 0.603906 3.000002
vt 0.603906 3.000002
vt 0.483125 3.000002
vt 0.483125 -8.125194
vt 0.603906 -8.125194
vt 0.724687 -8.125194
vt 0.724687 3.000002
vt 0.724687 3.000002
vt 0.603906 3.000002
vt 0.603906 -8.125194
vt 0.141504 1.370755
vt 0.000000 -2.562596
vt 0.141504 -6.495947
vt 0.141504 -6.495947
vt 0.483125 -8.125194
vt 0.824745 -6.495946
vt 0.824745 -6.495946
vt 0.966249 -2.562595
vt 0.824745 1.370755
vt 0.141504 -6.495947
vt 0.824745 -6.495946
vt 0.824745 1.370755
vt 0.141504 1.370755
vt 0.141504 -6.495947
vt 0.824745 1.370755
vt 0.483125 3.000002
vt 0.141504 1.370755
vt 0.824745 1.370755
vt 0.724687 -8.125194
vt 0.845468 -8.125194
vt 0.845468 3.000002
vt 0.845468 3.000002
vt 0.724687 3.000002
vt 0.724687 -8.125194
vt 0.845468 -8.125194
vt 0.966249 -8.125194
vt 0.966249 3.000002
vt 0.966249 3.000002
vt 0.845468 3.000002
vt 0.845468 -8.125194
vt 0.000000 -8.125194
vt 0.120781 -8.125194
vt 0.120781 3.000002
vt 0.120781 3.000002
vt 0.000000 3.000002
vt 0.000000 -8.125194
vt 0.120781 -8.125194
vt 0.241562 -8.125194
vt 0.241562 3.000002
vt 0.241562 3.000002
vt 0.120781 3.000002
vt 0.120781 -8.125194
vt 0.241562 -8.125194
vt 0.362344 -8.125194
vt 0.362344 3.000002
vt 0.362344 3.000002
vt 0.241562 3.000002
vt 0.241562 -8.125194
vt 0.362344 -8.125194
vt 0.483125 -8.125194
vt 0.483125 3.000002
vt 0.483125 3.000002
vt 0.362344 3.000002
vt 0.362344 -8.125194
vt 0.483125 -8.125194
vt 0.603906 -8.125194
vt 0.603906 3.000002
vt 0.603906 3.000002
vt 0.483125 3.000002
vt 0.483125 -8.125194
vt 0.603906 -8.125194
vt 0.724687 -8.125194
vt 0.724687 3.000002
vt 0.724687 3.000002
vt 0.603906 3.000002
vt 0.603906 -8.125194
vt 0.141504 1.370755
vt 0.000000 -2.562596
vt 0.141504 -6.495947
vt 0.141504 -6.495947
vt 0.483125 -8.125194
vt 0.824745 -6.495946
vt 0.824745 -6.495946
vt 0.966249 -2.562595
vt 0.824745 1.370755
vt 0.141504 -6.495947
vt 0.824745 -6.495946
vt 0.824745 1.370755
vt 0.141504 1.370755
vt 0.141504 -6.495947
vt 0.824745 1.370755
vt 0.483125 3.000002
vt 0.141504 1.370755
vt 0.824745 1.370755
vt 0.724687 -8.125194
vt 0.845468 -8.125194
vt 0.845468 3.000002
vt 0.845468 3.000002
vt 0.724687 3.000002
vt 0.724687 -8.125194
vt 0.845468 -8.125194
vt 0.966249 -8.125194
vt 0.966249 3.000002
vt 0.966249 3.000002
vt 0.845468 3.000002
vt 0.845468 -8.125194
vt 0.000000 -8.125194
vt 0.120781 -8.125194
vt 0.120781 3.000002
vt 0.120781 3.000002
vt 0.000000 3.000002
vt 0.000000 -8.125194
vt 0.120781 -8.125194
vt 0.241562 -8.125194
vt 0.241562 3.000002
vt 0.241562 3.000002
vt 0.120781 3.000002
vt 0.120781 -8.125194
vt 0.241562 -8.125194
vt 0.362344 -8.125194
vt 0.362344 3.000002
vt 0.362344 3.000002
vt 0.241562 3.000002
vt 0.241562 -8.125194
vt 0.362344 -8.125194
vt 0.483125 -8.125194
vt 0.483125 3.000002
vt 0.483125 3.000002
vt 0.362344 3.000002
vt 0.362344 -8.125194
vt 0.483125 -8.125194
vt 0.603906 -8.125194
vt 0.603906 3.000002
vt 0.603906 3.000002
vt 0.483125 3.000002
vt 0.483125 -8.125194
vt 0.603906 -8.125194
vt 0.724687 -8.125194
vt 0.724687 3.000002
vt 0.724687 3.000002
vt 0.603906 3.000002
vt 0.603906 -8.125194
vt 0.141504 1.370755
vt 0.000000 -2.562596
vt 0.141504 -6.495947
vt 0.141504 -6.495947
vt 0.483125 -8.125194
vt 0.824745 -6.495946
vt 0.824745 -6.495946
vt 0.966249 -2.562595
vt 0.824745 1.370755
vt 0.141504 -6.495947
vt 0.824745 -6.495946
vt 0.824745 1.370755
vt 0.141504 1.370755
vt 0.141504 -6.495947
vt 0.824745 1.370755
vt 0.483125 3.000002
vt 0.141504 1.370755
vt 0.824745 1.370755
vt 0.614101 2.500388
vt 0.266763 2.500388
vt 0.266763 2.499940
vt 0.614101 2.499612
vt 0.266763 2.139402
vt 0.266444 2.139083
vt 0.613548 1.791512
vt 0.614101 1.792064
vt 0.386452 2.500388
vt 0.386452 2.499612
vt 0.733789 2.499612
vt 0.733789 2.500060
vt 0.733789 2.138849
vt 0.733470 2.139168
vt 0.385899 1.792064
vt 0.386452 1.791512
vt 0.654117 2.499612
vt 0.654117 2.500388
vt 0.614101 2.500388
vt 0.614101 2.500388
vt 0.614101 2.499612
vt 0.654117 2.499612
vt 0.613548 1.791512
vt 0.654117 1.750943
vt 0.654117 1.752049
vt 0.654117 1.752049
vt 0.614101 1.792064
vt 0.613548 1.791512
vt 0.345883 2.500388
vt 0.345883 2.499612
vt 0.386452 2.499612
vt 0.386452 2.499612
vt 0.386452 2.500388
vt 0.345883 2.500388
vt 0.345883 1.752049
vt 0.345883 1.750943
vt 0.386452 1.791512
vt 0.386452 1.791512
vt 0.385899 1.792064
vt 0.345883 1.752049
vt 0.614101 2.500388
vt 0.266763 2.500388
vt 0.266763 2.499940
vt 0.614101 2.499612
vt 0.266763 2.139402
vt 0.266444 2.139083
vt 0.613548 1.791512
vt 0.614101 1.792064
vt 0.386452 2.500388
vt 0.386452 2.499612
vt 0.733789 2.499612
vt 0.733789 2.500060
vt 0.385899 1.792064
vt 0.386452 1.791512
vt 0.733789 2.138849
vt 0.733470 2.139168
vt 0.654117 2.499612
vt 0.654117 2.500388
vt 0.614101 2.500388
vt 0.614101 2.500388
vt 0.614101 2.499612
vt 0.654117 2.499612
vt 0.613548 1.791512
vt 0.654117 1.750943
vt 0.654117 1.752049
vt 0.654117 1.752049
vt 0.614101 1.792064
vt 0.613548 1.791512
vt 0.345883 2.500388
vt 0.345883 2.499612
vt 0.386452 2.499612
vt 0.386452 2.499612
vt 0.386452 2.500388
vt 0.345883 2.500388
vt 0.345883 1.752049
vt 0.345883 1.750943
vt 0.386452 1.791512
vt 0.386452 1.791512
vt 0.385899 1.792064
vt 0.345883 1.752049
vt 0.266763 2.499612
vt 0.614101 2.499612
vt 0.266763 2.499940
vt 0.266211 2.138849
vt 0.613548 1.791512
vt 0.266444 2.139083
vt 0.733789 2.500388
vt 0.386452 2.500388
vt 0.733789 2.500060
vt 0.733237 2.139402
vt 0.385899 1.792064
vt 0.733470 2.139168
vt 0.266763 2.499612
vt 0.614101 2.499612
vt 0.266763 2.499940
vt 0.266211 2.138849
vt 0.613548 1.791512
vt 0.266444 2.139083
vt 0.733789 2.500388
vt 0.386452 2.500388
vt 0.733789 2.500060
vt 0.733237 2.139402
vt 0.385899 1.792064
vt 0.733470 2.139168
vt 0.140795 2.500388
vt 0.140795 2.500059
vt 0.226299 2.499978
vt 0.226299 2.500388
vt 0.140514 2.265182
vt 0.226007 2.179574
vt 0.226299 2.179866
vt 0.140795 2.265370
vt 0.859868 2.499612
vt 0.859868 2.499941
vt 0.774254 2.500022
vt 0.774254 2.499612
vt 0.859587 2.265115
vt 0.773962 2.179605
vt 0.774254 2.179314
vt 0.859868 2.264928
vt 0.140795 2.500388
vt 0.140795 2.500059
vt 0.226299 2.499978
vt 0.226299 2.500388
vt 0.140514 2.265182
vt 0.226007 2.179574
vt 0.226299 2.179866
vt 0.140795 2.265370
vt 0.859868 2.499612
vt 0.859868 2.499941
vt 0.774254 2.500022
vt 0.774254 2.499612
vt 0.859587 2.265115
vt 0.773962 2.179605
vt 0.774254 2.179314
vt 0.859868 2.264928
vt 0.226299 2.499612
vt 0.226299 2.499978
vt 0.140795 2.500059
vt 0.140795 2.499612
vt 0.140132 2.264927
vt 0.225746 2.179314
vt 0.226007 2.179574
vt 0.140514 2.265182
vt 0.774254 2.500388
vt 0.774254 2.500022
vt 0.859868 2.499941
vt 0.859868 2.500388
vt 0.859205 2.265370
vt 0.773701 2.179866
vt 0.773962 2.179605
vt 0.859587 2.265115
vt 0.226299 2.499612
vt 0.226299 2.499978
vt 0.140795 2.500059
vt 0.140795 2.499612
vt 0.140132 2.264927
vt 0.225746 2.179314
vt 0.226007 2.179574
vt 0.140514 2.265182
vt 0.774254 2.500388
vt 0.774254 2.500022
vt 0.859868 2.499941
vt 0.859868 2.500388
vt 0.859205 2.265370
vt 0.773701 2.179866
vt 0.773962 2.179605
vt 0.859587 2.265115
vt 0.724687 -8.125194
vt 0.845468 -8.125194
vt 0.845468 3.000002
vt 0.845468 3.000002
vt 0.724687 3.000002
vt 0.724687 -8.125194
vt 0.845468 -8.125194
vt 0.966249 -8.125194
vt 0.966249 3.000002
vt 0.966249 3.000002
vt 0.845468 3.000002
vt 0.845468 -8.125194
vt 0.000000 -8.125194
vt 0.120781 -8.125194
vt 0.120781 3.000002
vt 0.120781 3.000002
vt 0.000000 3.000002
vt 0.000000 -8.125194
vt 0.120781 -8.125194
vt 0.241562 -8.125194
vt 0.241562 3.000002
vt 0.241562 3.000002
vt 0.120781 3.000002
vt 0.120781 -8.125194
vt 0.241562 -8.125194
vt 0.362344 -8.125194
vt 0.362344 3.000002
vt 0.362344 3.000002
vt 0.241562 3.000002
vt 0.241562 -8.125194
vt 0.362344 -8.125194
vt 0.483125 -8.125194
vt 0.483125 3.000002
vt 0.483125 3.000002
vt 0.362344 3.000002
vt 0.362344 -8.125194
vt 0.483125 -8.125194
vt 0.603906 -8.125194
vt 0.603906 3.000002
vt 0.603906 3.000002
vt 0.483125 3.000002
vt 0.483125 -8.125194
vt 0.603906 -8.125194
vt 0.724687 -8.125194
vt 0.724687 3.000002
vt 0.724687 3.000002
vt 0.603906 3.000002
vt 0.603906 -8.125194
vt 0.141504 1.370755
vt 0.000000 -2.562596
vt 0.141504 -6.495947
vt 0.141504 -6.495947
vt 0.483125 -8.125194
vt 0.824745 -6.495946
vt 0.824745 -6.495946
vt 0.966249 -2.562595
vt 0.824745 1.370755
vt 0.141504 -6.495947
vt 0.824745 -6.495946
vt 0.824745 1.370755
vt 0.141504 1.370755
vt 0.141504 -6.495947
vt 0.824745 1.370755
vt 0.483125 3.000002
vt 0.141504 1.370755
vt 0.824745 1.370755
vt 0.724687 -8.125194
vt 0.845468 -8.125194
vt 0.845468 3.000002
vt 0.845468 3.000002
vt 0.724687 3.000002
vt 0.724687 -8.125194
vt 0.845468 -8.125194
vt 0.966249 -8.125194
vt 0.966249 3.000002
vt 0.966249 3.000002
vt 0.845468 3.000002
vt 0.845468 -8.125194
vt 0.000000 -8.125194
vt 0.120781 -8.125194
vt 0.120781 3.000002
vt 0.120781 3.000002
vt 0.000000 3.000002
vt 0.000000 -8.125194
vt 0.120781 -8.125194
vt 0.241562 -8.125194
vt 0.241562 3.000002
vt 0.241562 3.000002
vt 0.120781 3.000002
vt 0.120781 -8.125194
vt 0.241562 -8.125194
vt 0.362344 -8.125194
vt 0.362344 3.000002
vt 0.362344 3.000002
vt 0.241562 3.000002
vt 0.241562 -8.125194
vt 0.362344 -8.125194
vt 0.483125 -8.125194
vt 0.483125 3.000002
vt 0.483125 3.000002
vt 0.362344 3.000002
vt 0.362344 -8.125194
vt 0.483125 -8.125194
vt 0.603906 -8.125194
vt 0.603906 3.000002
vt 0.603906 3.000002
vt 0.483125 3.000002
vt 0.483125 -8.125194
vt 0.603906 -8.125194
vt 0.724687 -8.125194
vt 0.724687 3.000002
vt 0.724687 3.000002
vt 0.603906 3.000002
vt 0.603906 -8.125194
vt 0.141504 1.370755
vt 0.000000 -2.562596
vt 0.141504 -6.495947
vt 0.141504 -6.495947
vt 0.483125 -8.125194
vt 0.824745 -6.495946
vt 0.824745 -6.495946
vt 0.966249 -2.562595
vt 0.824745 1.370755
vt 0.141504 -6.495947
vt 0.824745 -6.495946
vt 0.824745 1.370755
vt 0.141504 1.370755
vt 0.141504 -6.495947
vt 0.824745 1.370755
vt 0.483125 3.000002
vt 0.141504 1.370755
vt 0.824745 1.370755
vt 0.724687 -8.125194
vt 0.845468 -8.125194
vt 0.845468 3.000002
vt 0.845468 3.000002
vt 0.724687 3.000002
vt 0.724687 -8.125194
vt 0.845468 -8.125194
vt 0.966249 -8.125194
vt 0.966249 3.000002
vt 0.966249 3.000002
vt 0.845468 3.000002
vt 0.845468 -8.125194
vt 0.000000 -8.125194
vt 0.120781 -8.125194
vt 0.120781 3.000002
vt 0.120781 3.000002
vt 0.000000 3.000002
vt 0.000000 -8.125194
vt 0.120781 -8.125194
vt 0.241562 -8.125194
vt 0.241562 3.000002
vt 0.241562 3.000002
vt 0.120781 3.000002
vt 0.120781 -8.125194
vt 0.241562 -8.125194
vt 0.362344 -8.125194
vt 0.362344 3.000002
vt 0.362344 3.000002
vt 0.241562 3.000002
vt 0.241562 -8.125194
vt 0.362344 -8.125194
vt 0.483125 -8.125194
vt 0.483125 3.000002
vt 0.483125 3.000002
vt 0.362344 3.000002
vt 0.362344 -8.125194
vt 0.483125 -8.125194
vt 0.603906 -8.125194
vt 0.603906 3.000002
vt 0.603906 3.000002
vt 0.483125 3.000002
vt 0.483125 -8.125194
vt 0.603906 -8.125194
vt 0.724687 -8.125194
vt 0.724687 3.000002
vt 0.724687 3.000002
vt 0.603906 3.000002
vt 0.603906 -8.125194
vt 0.141504 1.370755
vt 0.000000 -2.562596
vt 0.141504 -6.495947
vt 0.141504 -6.495947
vt 0.483125 -8.125194
vt 0.824745 -6.495946
vt 0.824745 -6.495946
vt 0.966249 -2.562595
vt 0.824745 1.370755
vt 0.141504 -6.495947
vt 0.824745 -6.495946
vt 0.824745 1.370755
vt 0.141504 1.370755
vt 0.141504 -6.495947
vt 0.824745 1.370755
vt 0.483125 3.000002
vt 0.141504 1.370755
vt 0.824745 1.370755
vt 0.724687 -8.125194
vt 0.845468 -8.125194
vt 0.845468 3.000002
vt 0.845468 3.000002
vt 0.724687 3.000002
vt 0.724687 -8.125194
vt 0.845468 -8.125194
vt 0.966249 -8.125194
vt 0.966249 3.000002
vt 0.966249 3.000002
vt 0.845468 3.000002
vt 0.845468 -8.125194
vt 0.000000 -8.125194
vt 0.120781 -8.125194
vt 0.120781 3.000002
vt 0.120781 3.000002
vt 0.000000 3.000002
vt 0.000000 -8.125194
vt 0.120781 -8.125194
vt 0.241562 -8.125194
vt 0.241562 3.000002
vt 0.241562 3.000002
vt 0.120781 3.000002
vt 0.120781 -8.125194
vt 0.241562 -8.125194
vt 0.362344 -8.125194
vt 0.362344 3.000002
vt 0.362344 3.000002
vt 0.241562 3.000002
vt 0.241562 -8.125194
vt 0.362344 -8.125194
vt 0.483125 -8.125194
vt 0.483125 3.000002
vt 0.483125 3.000002
vt 0.362344 3.000002
vt 0.362344 -8.125194
vt 0.483125 -8.125194
vt 0.603906 -8.125194
vt 0.603906 3.000002
vt 0.603906 3.000002
vt 0.483125 3.000002
vt 0.483125 -8.125194
vt 0.603906 -8.125194
vt 0.724687 -8.125194
vt 0.724687 3.000002
vt 0.724687 3.000002
vt 0.603906 3.000002
vt 0.603906 -8.125194
vt 0.141504 1.370755
vt 0.000000 -2.562596
vt 0.141504 -6.495947
vt 0.141504 -6.495947
vt 0.483125 -8.125194
vt 0.824745 -6.495946
vt 0.824745 -6.495946
vt 0.966249 -2.562595
vt 0.824745 1.370755
vt 0.141504 -6.495947
vt 0.824745 -6.495946
vt 0.824745 1.370755
vt 0.141504 1.370755
vt 0.141504 -6.495947
vt 0.824745 1.370755
vt 0.483125 3.000002
vt 0.141504 1.370755
vt 0.824745 1.370755
vt 0.724687 -8.125194
vt 0.845468 -8.125194
vt 0.845468 3.000002
vt 0.845468 3.000002
vt 0.724687 3.000002
vt 0.724687 -8.125194
vt 0.845468 -8.125194
vt 0.966249 -8.125194
vt 0.966249 3.000002
vt 0.966249 3.000002
vt 0.845468 3.000002
vt 0.845468 -8.125194
vt 0.000000 -8.125194
vt 0.120781 -8.125194
vt 0.120781 3.000002
vt 0.120781 3.000002
vt 0.000000 3.000002
vt 0.000000 -8.125194
vt 0.120781 -8.125194
vt 0.241562 -8.125194
vt 0.241562 3.000002
vt 0.241562 3.000002
vt 0.120781 3.000002
vt 0.120781 -8.125194
vt 0.241562 -8.125194
vt 0.362344 -8.125194
vt 0.362344 3.000002
vt 0.362344 3.000002
vt 0.241562 3.000002
vt 0.241562 -8.125194
vt 0.362344 -8.125194
vt 0.483125 -8.125194
vt 0.483125 3.000002
vt 0.483125 3.000002
vt 0.362344 3.000002
vt 0.362344 -8.125194
vt 0.483125 -8.125194
vt 0.603906 -8.125194
vt 0.603906 3.000002
vt 0.603906 3.000002
vt 0.483125 3.000002
vt 0.483125 -8.125194
vt 0.603906 -8.125194
vt 0.724687 -8.125194
vt 0.724687 3.000002
vt 0.724687 3.000002
vt 0.603906 3.000002
vt 0.603906 -8.125194
vt 0.141504 1.370755
vt 0.000000 -2.562596
vt 0.141504 -6.495947
vt 0.141504 -6.495947
vt 0.483125 -8.125194
vt 0.824745 -6.495946
vt 0.824745 -6.495946
vt 0.966249 -2.562595
vt 0.824745 1.370755
vt 0.141504 -6.495947
vt 0.824745 -6.495946
vt 0.824745 1.370755
vt 0.141504 1.370755
vt 0.141504 -6.495947
vt 0.824745 1.370755
vt 0.483125 3.000002
vt 0.141504 1.370755
vt 0.824745 1.370755
vt 0.724687 -8.125194
vt 0.845468 -8.125194
vt 0.845468 3.000002
vt 0.845468 3.000002
vt 0.724687 3.000002
vt 0.724687 -8.125194
vt 0.845468 -8.125194
vt 0.966249 -8.125194
vt 0.966249 3.000002
vt 0.966249 3.000002
vt 0.845468 3.000002
vt 0.845468 -8.125194
vt 0.000000 -8.125194
vt 0.120781 -8.125194
vt 0.120781 3.000002
vt 0.120781 3.000002
vt 0.000000 3.000002
vt 0.000000 -8.125194
vt 0.120781 -8.125194
vt 0.241562 -8.125194
vt 0.241562 3.000002
vt 0.241562 3.000002
vt 0.120781 3.000002
vt 0.120781 -8.125194
vt 0.241562 -8.125194
vt 0.362344 -8.125194
vt 0.362344 3.000002
vt 0.362344 3.000002
vt 0.241562 3.000002
vt 0.241562 -8.125194
vt 0.362344 -8.125194
vt 0.483125 -8.125194
vt 0.483125 3.000002
vt 0.483125 3.000002
vt 0.362344 3.000002
vt 0.362344 -8.125194
vt 0.483125 -8.125194
vt 0.603906 -8.125194
vt 0.603906 3.000002
vt 0.603906 3.000002
vt 0.483125 3.000002
vt 0.483125 -8.125194
vt 0.603906 -8.125194
vt 0.724687 -8.125194
vt 0.724687 3.000002
vt 0.724687 3.000002
vt 0.603906 3.000002
vt 0.603906 -8.125194
vt 0.141504 1.370755
vt 0.000000 -2.562596
vt 0.141504 -6.495947
vt 0.141504 -6.495947
vt 0.483125 -8.125194
vt 0.824745 -6.495946
vt 0.824745 -6.495946
vt 0.966249 -2.562595
vt 0.824745 1.370755
vt 0.141504 -6.495947
vt 0.824745 -6.495946
vt 0.824745 1.370755
vt 0.141504 1.370755
vt 0.141504 -6.495947
vt 0.824745 1.370755
vt 0.483125 3.000002
vt 0.141504 1.370755
vt 0.824745 1.370755
vt 0.614101 2.500388
vt 0.266763 2.500388
vt 0.266763 2.499940
vt 0.614101 2.499612
vt 0.266763 2.139402
vt 0.266444 2.139083
vt 0.613548 1.791512
vt 0.614101 1.792064
vt 0.386452 2.500388
vt 0.386452 2.499612
vt 0.733789 2.499612
vt 0.733789 2.500060
vt 0.733789 2.138849
vt 0.733470 2.139168
vt 0.385899 1.792064
vt 0.386452 1.791512
vt 0.654117 2.499612
vt 0.654117 2.500388
vt 0.614101 2.500388
vt 0.614101 2.500388
vt 0.614101 2.499612
vt 0.654117 2.499612
vt 0.613548 1.791512
vt 0.654117 1.750943
vt 0.654117 1.752049
vt 0.654117 1.752049
vt 0.614101 1.792064
vt 0.613548 1.791512
vt 0.345883 2.500388
vt 0.345883 2.499612
vt 0.386452 2.499612
vt 0.386452 2.499612
vt 0.386452 2.500388
vt 0.345883 2.500388
vt 0.345883 1.752049
vt 0.345883 1.750943
vt 0.386452 1.791512
vt 0.386452 1.791512
vt 0.385899 1.792064
vt 0.345883 1.752049
vt 0.614101 2.500388
vt 0.266763 2.500388
vt 0.266763 2.499940
vt 0.614101 2.499612
vt 0.266763 2.139402
vt 0.266444 2.139083
vt 0.613548 1.791512
vt 0.614101 1.792064
vt 0.386452 2.500388
vt 0.386452 2.499612
vt 0.733789 2.499612
vt 0.733789 2.500060
vt 0.385899 1.792064
vt 0.386452 1.791512
vt 0.733789 2.138849
vt 0.733470 2.139168
vt 0.654117 2.499612
vt 0.654117 2.500388
vt 0.614101 2.500388
vt 0.614101 2.500388
vt 0.614101 2.499612
vt 0.654117 2.499612
vt 0.613548 1.791512
vt 0.654117 1.750943
vt 0.654117 1.752049
vt 0.654117 1.752049
vt 0.614101 1.792064
vt 0.613548 1.791512
vt 0.345883 2.500388
vt 0.345883 2.499612
vt 0.386452 2.499612
vt 0.386452 2.499612
vt 0.386452 2.500388
vt 0.345883 2.500388
vt 0.345883 1.752049
vt 0.345883 1.750943
vt 0.386452 1.791512
vt 0.386452 1.791512
vt 0.385899 1.792064
vt 0.345883 1.752049
vt 0.266763 2.499612
vt 0.614101 2.499612
vt 0.266763 2.499940
vt 0.266211 2.138849
vt 0.613548 1.791512
vt 0.266444 2.139083
vt 0.733789 2.500388
vt 0.386452 2.500388
vt 0.733789 2.500060
vt 0.733237 2.139402
vt 0.385899 1.792064
vt 0.733470 2.139168
vt 0.266763 2.499612
vt 0.614101 2.499612
vt 0.266763 2.499940
vt 0.266211 2.138849
vt 0.613548 1.791512
vt 0.266444 2.139083
vt 0.733789 2.500388
vt 0.386452 2.500388
vt 0.733789 2.500060
vt 0.733237 2.139402
vt 0.385899 1.792064
vt 0.733470 2.139168
vt 0.140795 2.500388
vt 0.140795 2.500059
vt 0.226299 2.499978
vt 0.226299 2.500388
vt 0.140514 2.265182
vt 0.226007 2.179574
vt 0.226299 2.179866
vt 0.140795 2.265370
vt 0.859868 2.499612
vt 0.859868 2.499941
vt 0.774254 2.500022
vt 0.774254 2.499612
vt 0.859587 2.265115
vt 0.773962 2.179605
vt 0.774254 2.179314
vt 0.859868 2.264928
vt 0.140795 2.500388
vt 0.140795 2.500059
vt 0.226299 2.499978
vt 0.226299 2.500388
vt 0.140514 2.265182
vt 0.226007 2.179574
vt 0.226299 2.179866
vt 0.140795 2.265370
vt 0.859868 2.499612
vt 0.859868 2.499941
vt 0.774254 2.500022
vt 0.774254 2.499612
vt 0.859587 2.265115
vt 0.773962 2.179605
vt 0.774254 2.179314
vt 0.859868 2.264928
vt 0.226299 2.499612
vt 0.226299 2.499978
vt 0.140795 2.500059
vt 0.140795 2.499612
vt 0.140132 2.264927
vt 0.225746 2.179314
vt 0.226007 2.179574
vt 0.140514 2.265182
vt 0.774254 2.500388
vt 0.774254 2.500022
vt 0.859868 2.499941
vt 0.859868 2.500388
vt 0.859205 2.265370
vt 0.773701 2.179866
vt 0.773962 2.179605
vt 0.859587 2.265115
vt 0.226299 2.499612
vt 0.226299 2.499978
vt 0.140795 2.500059
vt 0.140795 2.499612
vt 0.140132 2.264927
vt 0.225746 2.179314
vt 0.226007 2.179574
vt 0.140514 2.265182
vt 0.774254 2.500388
vt 0.774254 2.500022
vt 0.859868 2.499941
vt 0.859868 2.500388
vt 0.859205 2.265370
vt 0.773701 2.179866
vt 0.773962 2.179605
vt 0.859587 2.265115
vt 0.724687 -8.125194
vt 0.845468 -8.125194
vt 0.845468 3.000002
vt 0.845468 3.000002
vt 0.724687 3.000002
vt 0.724687 -8.125194
vt 0.845468 -8.125194
vt 0.966249 -8.125194
vt 0.966249 3.000002
vt 0.966249 3.000002
vt 0.845468 3.000002
vt 0.845468 -8.125194
vt 0.000000 -8.125194
vt 0.120781 -8.125194
vt 0.120781 3.000002
vt 0.120781 3.000002
vt 0.000000 3.000002
vt 0.000000 -8.125194
vt 0.120781 -8.125194
vt 0.241562 -8.125194
vt 0.241562 3.000002
vt 0.241562 3.000002
vt 0.120781 3.000002
vt 0.120781 -8.125194
vt 0.241562 -8.125194
vt 0.362344 -8.125194
vt 0.362344 3.000002
vt 0.362344 3.000002
vt 0.241562 3.000002
vt 0.241562 -8.125194
vt 0.362344 -8.125194
vt 0.483125 -8.125194
vt 0.483125 3.000002
vt 0.483125 3.000002
vt 0.362344 3.000002
vt 0.362344 -8.125194
vt 0.483125 -8.125194
vt 0.603906 -8.125194
vt 0.603906 3.000002
vt 0.603906 3.000002
vt 0.483125 3.000002
vt 0.483125 -8.125194
vt 0.603906 -8.125194
vt 0.724687 -8.125194
vt 0.724687 3.000002
vt 0.724687 3.000002
vt 0.603906 3.000002
vt 0.603906 -8.125194
vt 0.141504 1.370755
vt 0.000000 -2.562596
vt 0.141504 -6.495947
vt 0.141504 -6.495947
vt 0.483125 -8.125194
vt 0.824745 -6.495946
vt 0.824745 -6.495946
vt 0.966249 -2.562595
vt 0.824745 1.370755
vt 0.141504 -6.495947
vt 0.824745 -6.495946
vt 0.824745 1.370755
vt 0.141504 1.370755
vt 0.141504 -6.495947
vt 0.824745 1.370755
vt 0.483125 3.000002
vt 0.141504 1.370755
vt 0.824745 1.370755
vt 0.724687 -8.125194
vt 0.845468 -8.125194
vt 0.845468 3.000002
vt 0.845468 3.000002
vt 0.724687 3.000002
vt 0.724687 -8.125194
vt 0.845468 -8.125194
vt 0.966249 -8.125194
vt 0.966249 3.000002
vt 0.966249 3.000002
vt 0.845468 3.000002
vt 0.845468 -8.125194
vt 0.000000 -8.125194
vt 0.120781 -8.125194
vt 0.120781 3.000002
vt 0.120781 3.000002
vt 0.000000 3.000002
vt 0.000000 -8.125194
vt 0.120781 -8.125194
vt 0.241562 -8.125194
vt 0.241562 3.000002
vt 0.241562 3.000002
vt 0.120781 3.000002
vt 0.120781 -8.125194
vt 0.241562 -8.125194
vt 0.362344 -8.125194
vt 0.362344 3.000002
vt 0.362344 3.000002
vt 0.241562 3.000002
vt 0.241562 -8.125194
vt 0.362344 -8.125194
vt 0.483125 -8.125194
vt 0.483125 3.000002
vt 0.483125 3.000002
vt 0.362344 3.000002
vt 0.362344 -8.125194
vt 0.483125 -8.125194
vt 0.603906 -8.125194
vt 0.603906 3.000002
vt 0.603906 3.000002
vt 0.483125 3.000002
vt 0.483125 -8.125194
vt 0.603906 -8.125194
vt 0.724687 -8.125194
vt 0.724687 3.000002
vt 0.724687 3.000002
vt 0.603906 3.000002
vt 0.603906 -8.125194
vt 0.141504 1.370755
vt 0.000000 -2.562596
vt 0.141504 -6.495947
vt 0.141504 -6.495947
vt 0.483125 -8.125194
vt 0.824745 -6.495946
vt 0.824745 -6.495946
vt 0.966249 -2.562595
vt 0.824745 1.370755
vt 0.141504 -6.495947
vt 0.824745 -6.495946
vt 0.824745 1.370755
vt 0.141504 1.370755
vt 0.141504 -6.495947
vt 0.824745 1.370755
vt 0.483125 3.000002
vt 0.141504 1.370755
vt 0.824745 1.370755
vt 0.724687 -8.125194
vt 0.845468 -8.125194
vt 0.845468 3.000002
vt 0.845468 3.000002
vt 0.724687 3.000002
vt 0.724687 -8.125194
vt 0.845468 -8.125194
vt 0.966249 -8.125194
vt 0.966249 3.000002
vt 0.966249 3.000002
vt 0.845468 3.000002
vt 0.845468 -8.125194
vt 0.000000 -8.125194
vt 0.120781 -8.125194
vt 0.120781 3.000002
vt 0.120781 3.000002
vt 0.000000 3.000002
vt 0.000000 -8.125194
vt 0.120781 -8.125194
vt 0.241562 -8.125194
vt 0.241562 3.000002
vt 0.241562 3.000002
vt 0.120781 3.000002
vt 0.120781 -8.125194
vt 0.241562 -8.125194
vt 0.362344 -8.125194
vt 0.362344 3.000002
vt 0.362344 3.000002
vt 0.241562 3.000002
vt 0.241562 -8.125194
vt 0.362344 -8.125194
vt 0.483125 -8.125194
vt 0.483125 3.000002
vt 0.483125 3.000002
vt 0.362344 3.000002
vt 0.362344 -8.125194
vt 0.483125 -8.125194
vt 0.603906 -8.125194
vt 0.603906 3.000002
vt 0.603906 3.000002
vt 0.483125 3.000002
vt 0.483125 -8.125194
vt 0.603906 -8.125194
vt 0.724687 -8.125194
vt 0.724687 3.000002
vt 0.724687 3.000002
vt 0.603906 3.000002
vt 0.603906 -8.125194
vt 0.141504 1.370755
vt 0.000000 -2.562596
vt 0.141504 -6.495947
vt 0.141504 -6.495947
vt 0.483125 -8.125194
vt 0.824745 -6.495946
vt 0.824745 -6.495946
vt 0.966249 -2.562595
vt 0.824745 1.370755
vt 0.141504 -6.495947
vt 0.824745 -6.495946
vt 0.824745 1.370755
vt 0.141504 1.370755
vt 0.141504 -6.495947
vt 0.824745 1.370755
vt 0.483125 3.000002
vt 0.141504 1.370755
vt 0.824745 1.370755
vt 0.724687 -8.125194
vt 0.845468 -8.125194
vt 0.845468 3.000002
vt 0.845468 3.000002
vt 0.724687 3.000002
vt 0.724687 -8.125194
vt 0.845468 -8.125194
vt 0.966249 -8.125194
vt 0.966249 3.000002
vt 0.966249 3.000002
vt 0.845468 3.000002
vt 0.845468 -8.125194
vt 0.000000 -8.125194
vt 0.120781 -8.125194
vt 0.120781 3.000002
vt 0.120781 3.000002
vt 0.000000 3.000002
vt 0.000000 -8.125194
vt 0.120781 -8.125194
vt 0.241562 -8.125194
vt 0.241562 3.000002
vt 0.241562 3.000002
vt 0.120781 3.000002
vt 0.120781 -8.125194
vt 0.241562 -8.125194
vt 0.362344 -8.125194
vt 0.362344 3.000002
vt 0.362344 3.000002
vt 0.241562 3.000002
vt 0.241562 -8.125194
vt 0.362344 -8.125194
vt 0.483125 -8.125194
vt 0.483125 3.000002
vt 0.483125 3.000002
vt 0.362344 3.000002
vt 0.362344 -8.125194
vt 0.483125 -8.125194
vt 0.603906 -8.125194
vt 0.603906 3.000002
vt 0.603906 3.000002
vt 0.483125 3.000002
vt 0.483125 -8.125194
vt 0.603906 -8.125194
vt 0.724687 -8.125194
vt 0.724687 3.000002
vt 0.724687 3.000002
vt 0.603906 3.000002
vt 0.603906 -8.125194
vt 0.141504 1.370755
vt 0.000000 -2.562596
vt 0.141504 -6.495947
vt 0.141504 -6.495947
vt 0.483125 -8.125194
vt 0.824745 -6.495946
vt 0.824745 -6.495946
vt 0.966249 -2.562595
vt 0.824745 1.370755
vt 0.141504 -6.495947
vt 0.824745 -6.495946
vt 0.824745 1.370755
vt 0.141504 1.370755
vt 0.141504 -6.495947
vt 0.824745 1.370755
vt 0.483125 3.000002
vt 0.141504 1.370755
vt 0.824745 1.370755
vt 0.724687 -8.125194
vt 0.845468 -8.125194
vt 0.845468 3.000002
vt 0.845468 3.000002
vt 0.724687 3.000002
vt 0.724687 -8.125194
vt 0.845468 -8.125194
vt 0.966249 -8.125194
vt 0.966249 3.000002
vt 0.966249 3.000002
vt 0.845468 3.000002
vt 0.845468 -8.125194
vt 0.000000 -8.125194
vt 0.120781 -8.125194
vt 0.120781 3.000002
vt 0.120781 3.000002
vt 0.000000 3.000002
vt 0.000000 -8.125194
vt 0.120781 -8.125194
vt 0.241562 -8.125194
vt 0.241562 3.000002
vt 0.241562 3.000002
vt 0.120781 3.000002
vt 0.120781 -8.125194
vt 0.241562 -8.125194
vt 0.362344 -8.125194
vt 0.362344 3.000002
vt 0.362344 3.000002
vt 0.241562 3.000002
vt 0.241562 -8.125194
vt 0.362344 -8.125194
vt 0.483125 -8.125194
vt 0.483125 3.000002
vt 0.483125 3.000002
vt 0.362344 3.000002
vt 0.362344 -8.125194
vt 0.483125 -8.125194
vt 0.603906 -8.125194
vt 0.603906 3.000002
vt 0.603906 3.000002
vt 0.483125 3.000002
vt 0.483125 -8.125194
vt 0.603906 -8.125194
vt 0.724687 -8.125194
vt 0.724687 3.000002
vt 0.724687 3.000002
vt 0.603906 3.000002
vt 0.603906 -8.125194
vt 0.141504 1.370755
vt 0.000000 -2.562596
vt 0.141504 -6.495947
vt 0.141504 -6.495947
vt 0.483125 -8.125194
vt 0.824745 -6.495946
vt 0.824745 -6.495946
vt 0.966249 -2.562595
vt 0.824745 1.370755
vt 0.141504 -6.495947
vt 0.824745 -6.495946
vt 0.824745 1.370755
vt 0.141504 1.370755
vt 0.141504 -6.495947
vt 0.824745 1.370755
vt 0.483125 3.000002
vt 0.141504 1.370755
vt 0.824745 1.370755
vt 0.724687 -8.125194
vt 0.845468 -8.125194
vt 0.845468 3.000002
vt 0.845468 3.000002
vt 0.724687 3.000002
vt 0.724687 -8.125194
vt 0.845468 -8.125194
vt 0.966249 -8.125194
vt 0.966249 3.000002
vt 0.966249 3.000002
vt 0.845468 3.000002
vt 0.845468 -8.125194
vt 0.000000 -8.125194
vt 0.120781 -8.125194
vt 0.120781 3.000002
vt 0.120781 3.000002
vt 0.000000 3.000002
vt 0.000000 -8.125194
vt 0.120781 -8.125194
vt 0.241562 -8.125194
vt 0.241562 3.000002
vt 0.241562 3.000002
vt 0.120781 3.000002
vt 0.120781 -8.125194
vt 0.241562 -8.125194
vt 0.362344 -8.125194
vt 0.362344 3.000002
vt 0.362344 3.000002
vt 0.241562 3.000002
vt 0.241562 -8.125194
vt 0.362344 -8.125194
vt 0.483125 -8.125194
vt 0.483125 3.000002
vt 0.483125 3.000002
vt 0.362344 3.000002
vt 0.362344 -8.125194
vt 0.483125 -8.125194
vt 0.603906 -8.125194
vt 0.603906 3.000002
vt 0.603906 3.000002
vt 0.483125 3.000002
vt 0.483125 -8.125194
vt 0.603906 -8.125194
vt 0.724687 -8.125194
vt 0.724687 3.000002
vt 0.724687 3.000002
vt 0.603906 3.000002
vt 0.603906 -8.125194
vt 0.141504 1.370755
vt 0.000000 -2.562596
vt 0.141504 -6.495947
vt 0.141504 -6.495947
vt 0.483125 -8.125194
vt 0.824745 -6.495946
vt 0.824745 -6.495946
vt 0.966249 -2.562595
vt 0.824745 1.370755
vt 0.141504 -6.495947
vt 0.824745 -6.495946
vt 0.824745 1.370755
vt 0.141504 1.370755
vt 0.141504 -6.495947
vt 0.824745 1.370755
vt 0.483125 3.000002
vt 0.141504 1.370755
vt 0.824745 1.370755
vt 0.614101 2.500388
vt 0.266763 2.500388
vt 0.266763 2.499940
vt 0.614101 2.499612
vt 0.266763 2.139402
vt 0.266444 2.139083
vt 0.613548 1.791512
vt 0.614101 1.792064
vt 0.386452 2.500388
vt 0.386452 2.499612
vt 0.733789 2.499612
vt 0.733789 2.500060
vt 0.733789 2.138849
vt 0.733470 2.139168
vt 0.385899 1.792064
vt 0.386452 1.791512
vt 0.654117 2.499612
vt 0.654117 2.500388
vt 0.614101 2.500388
vt 0.614101 2.500388
vt 0.614101 2.499612
vt 0.654117 2.499612
vt 0.613548 1.791512
vt 0.654117 1.750943
vt 0.654117 1.752049
vt 0.654117 1.752049
vt 0.614101 1.792064
vt 0.613548 1.791512
vt 0.345883 2.500388
vt 0.345883 2.499612
vt 0.386452 2.499612
vt 0.386452 2.499612
vt 0.386452 2.500388
vt 0.345883 2.500388
vt 0.345883 1.752049
vt 0.345883 1.750943
vt 0.386452 1.791512
vt 0.386452 1.791512
vt 0.385899 1.792064
vt 0.345883 1.752049
vt 0.614101 2.500388
vt 0.266763 2.500388
vt 0.266763 2.499940
vt 0.614101 2.499612
vt 0.266763 2.139402
vt 0.266444 2.139083
vt 0.613548 1.791512
vt 0.614101 1.792064
vt 0.386452 2.500388
vt 0.386452 2.499612
vt 0.733789 2.499612
vt 0.733789 2.500060
vt 0.385899 1.792064
vt 0.386452 1.791512
vt 0.733789 2.138849
vt 0.733470 2.139168
vt 0.654117 2.499612
vt 0.654117 2.500388
vt 0.614101 2.500388
vt 0.614101 2.500388
vt 0.614101 2.499612
vt 0.654117 2.499612
vt 0.613548 1.791512
vt 0.654117 1.750943
vt 0.654117 1.752049
vt 0.654117 1.752049
vt 0.614101 1.792064
vt 0.613548 1.791512
vt 0.345883 2.500388
vt 0.345883 2.499612
vt 0.386452 2.499612
vt 0.386452 2.499612
vt 0.386452 2.500388
vt 0.345883 2.500388
vt 0.345883 1.752049
vt 0.345883 1.750943
vt 0.386452 1.791512
vt 0.386452 1.791512
vt 0.385899 1.792064
vt 0.345883 1.752049
vt 0.266763 2.499612
vt 0.614101 2.499612
vt 0.266763 2.499940
vt 0.266211 2.138849
vt 0.613548 1.791512
vt 0.266444 2.139083
vt 0.733789 2.500388
vt 0.386452 2.500388
vt 0.733789 2.500060
vt 0.733237 2.139402
vt 0.385899 1.792064
vt 0.733470 2.139168
vt 0.266763 2.499612
vt 0.614101 2.499612
vt 0.266763 2.499940
vt 0.266211 2.138849
vt 0.613548 1.791512
vt 0.266444 2.139083
vt 0.733789 2.500388
vt 0.386452 2.500388
vt 0.733789 2.500060
vt 0.733237 2.139402
vt 0.385899 1.792064
vt 0.733470 2.139168
vt 0.140795 2.500388
vt 0.140795 2.500059
vt 0.226299 2.499978
vt 0.226299 2.500388
vt 0.140514 2.265182
vt 0.226007 2.179574
vt 0.226299 2.179866
vt 0.140795 2.265370
vt 0.859868 2.499612
vt 0.859868 2.499941
vt 0.774254 2.500022
vt 0.774254 2.499612
vt 0.859587 2.265115
vt 0.773962 2.179605
vt 0.774254 2.179314
vt 0.859868 2.264928
vt 0.140795 2.500388
vt 0.140795 2.500059
vt 0.226299 2.499978
vt 0.226299 2.500388
vt 0.140514 2.265182
vt 0.226007 2.179574
vt 0.226299 2.179866
vt 0.140795 2.265370
vt 0.859868 2.499612
vt 0.859868 2.499941
vt 0.774254 2.500022
vt 0.774254 2.499612
vt 0.859587 2.265115
vt 0.773962 2.179605
vt 0.774254 2.179314
vt 0.859868 2.264928
vt 0.226299 2.499612
vt 0.226299 2.499978
vt 0.140795 2.500059
vt 0.140795 2.499612
vt 0.140132 2.264927
vt 0.225746 2.179314
vt 0.226007 2.179574
vt 0.140514 2.265182
vt 0.774254 2.500388
vt 0.774254 2.500022
vt 0.859868 2.499941
vt 0.859868 2.500388
vt 0.859205 2.265370
vt 0.773701 2.179866
vt 0.773962 2.179605
vt 0.859587 2.265115
vt 0.226299 2.499612
vt 0.226299 2.499978
vt 0.140795 2.500059
vt 0.140795 2.499612
vt 0.140132 2.264927
vt 0.225746 2.179314
vt 0.226007 2.179574
vt 0.140514 2.265182
vt 0.774254 2.500388
vt 0.774254 2.500022
vt 0.859868 2.499941
vt 0.859868 2.500388
vt 0.859205 2.265370
vt 0.773701 2.179866
vt 0.773962 2.179605
vt 0.859587 2.265115
vt 0.724687 -8.125194
vt 0.845468 -8.125194
vt 0.845468 3.000002
vt 0.845468 3.000002
vt 0.724687 3.000002
vt 0.724687 -8.125194
vt 0.845468 -8.125194
vt 0.966249 -8.125194
vt 0.966249 3.000002
vt 0.966249 3.000002
vt 0.845468 3.000002
vt 0.845468 -8.125194
vt 0.000000 -8.125194
vt 0.120781 -8.125194
vt 0.120781 3.000002
vt 0.120781 3.000002
vt 0.000000 3.000002
vt 0.000000 -8.125194
vt 0.120781 -8.125194
vt 0.241562 -8.125194
vt 0.241562 3.000002
vt 0.241562 3.000002
vt 0.120781 3.000002
vt 0.120781 -8.125194
vt 0.241562 -8.125194
vt 0.362344 -8.125194
vt 0.362344 3.000002
vt 0.362344 3.000002
vt 0.241562 3.000002
vt 0.241562 -8.125194
vt 0.362344 -8.125194
vt 0.483125 -8.125194
vt 0.483125 3.000002
vt 0.483125 3.000002
vt 0.362344 3.000002
vt 0.362344 -8.125194
vt 0.483125 -8.125194
vt 0.603906 -8.125194
vt 0.603906 3.000002
vt 0.603906 3.000002
vt 0.483125 3.000002
vt 0.483125 -8.125194
vt 0.603906 -8.125194
vt 0.724687 -8.125194
vt 0.724687 3.000002
vt 0.724687 3.000002
vt 0.603906 3.000002
vt 0.603906 -8.125194
vt 0.141504 1.370755
vt 0.000000 -2.562596
vt 0.141504 -6.495947
vt 0.141504 -6.495947
vt 0.483125 -8.125194
vt 0.824745 -6.495946
vt 0.824745 -6.495946
vt 0.966249 -2.562595
vt 0.824745 1.370755
vt 0.141504 -6.495947
vt 0.824745 -6.495946
vt 0.824745 1.370755
vt 0.141504 1.370755
vt 0.141504 -6.495947
vt 0.824745 1.370755
vt 0.483125 3.000002
vt 0.141504 1.370755
vt 0.824745 1.370755
vt 0.724687 -8.125194
vt 0.845468 -8.125194
vt 0.845468 3.000002
vt 0.845468 3.000002
vt 0.724687 3.000002
vt 0.724687 -8.125194
vt 0.845468 -8.125194
vt 0.966249 -8.125194
vt 0.966249 3.000002
vt 0.966249 3.000002
vt 0.845468 3.000002
vt 0.845468 -8.125194
vt 0.000000 -8.125194
vt 0.120781 -8.125194
vt 0.120781 3.000002
vt 0.120781 3.000002
vt 0.000000 3.000002
vt 0.000000 -8.125194
vt 0.120781 -8.125194
vt 0.241562 -8.125194
vt 0.241562 3.000002
vt 0.241562 3.000002
vt 0.120781 3.000002
vt 0.120781 -8.125194
vt 0.241562 -8.125194
vt 0.362344 -8.125194
vt 0.362344 3.000002
vt 0.362344 3.000002
vt 0.241562 3.000002
vt 0.241562 -8.125194
vt 0.362344 -8.125194
vt 0.483125 -8.125194
vt 0.483125 3.000002
vt 0.483125 3.000002
vt 0.362344 3.000002
vt 0.362344 -8.125194
vt 0.483125 -8.125194
vt 0.603906 -8.125194
vt 0.603906 3.000002
vt 0.603906 3.000002
vt 0.483125 3.000002
vt 0.483125 -8.125194
vt 0.603906 -8.125194
vt 0.724687 -8.125194
vt 0.724687 3.000002
vt 0.724687 3.000002
vt 0.603906 3.000002
vt 0.603906 -8.125194
vt 0.141504 1.370755
vt 0.000000 -2.562596
vt 0.141504 -6.495947
vt 0.141504 -6.495947
vt 0.483125 -8.125194
vt 0.824745 -6.495946
vt 0.824745 -6.495946
vt 0.966249 -2.562595
vt 0.824745 1.370755
vt 0.141504 -6.495947
vt 0.824745 -6.495946
vt 0.824745 1.370755
vt 0.141504 1.370755
vt 0.141504 -6.495947
vt 0.824745 1.370755
vt 0.483125 3.000002
vt 0.141504 1.370755
vt 0.824745 1.370755
vt 0.724687 -8.125194
vt 0.845468 -8.125194
vt 0.845468 3.000002
vt 0.845468 3.000002
vt 0.724687 3.000002
vt 0.724687 -8.125194
vt 0.845468 -8.125194
vt 0.966249 -8.125194
vt 0.966249 3.000002
vt 0.966249 3.000002
vt 0.845468 3.000002
vt 0.845468 -8.125194
vt 0.000000 -8.125194
vt 0.120781 -8.125194
vt 0.120781 3.000002
vt 0.120781 3.000002
vt 0.000000 3.000002
vt 0.000000 -8.125194
vt 0.120781 -8.125194
vt 0.241562 -8.125194
vt 0.241562 3.000002
vt 0.241562 3.000002
vt 0.120781 3.000002
vt 0.120781 -8.125194
vt 0.241562 -8.125194
vt 0.362344 -8.125194
vt 0.362344 3.000002
vt 0.362344 3.000002
vt 0.241562 3.000002
vt 0.241562 -8.125194
vt 0.362344 -8.125194
vt 0.483125 -8.125194
vt 0.483125 3.000002
vt 0.483125 3.000002
vt 0.362344 3.000002
vt 0.362344 -8.125194
vt 0.483125 -8.125194
vt 0.603906 -8.125194
vt 0.603906 3.000002
vt 0.603906 3.000002
vt 0.483125 3.000002
vt 0.483125 -8.125194
vt 0.603906 -8.125194
vt 0.724687 -8.125194
vt 0.724687 3.000002
vt 0.724687 3.000002
vt 0.603906 3.000002
vt 0.603906 -8.125194
vt 0.141504 1.370755
vt 0.000000 -2.562596
vt 0.141504 -6.495947
vt 0.141504 -6.495947
vt 0.483125 -8.125194
vt 0.824745 -6.495946
vt 0.824745 -6.495946
vt 0.966249 -2.562595
vt 0.824745 1.370755
vt 0.141504 -6.495947
vt 0.824745 -6.495946
vt 0.824745 1.370755
vt 0.141504 1.370755
vt 0.141504 -6.495947
vt 0.824745 1.370755
vt 0.483125 3.000002
vt 0.141504 1.370755
vt 0.824745 1.370755
vt 0.350777 2.499861
vt 0.266763 2.499940
vt 0.266763 2.499612
vt 0.350777 2.499612
vt 0.350224 2.054836
vt 0.350401 2.055013
vt 0.266444 2.139083
vt 0.266211 2.138849
vt 0.649776 2.500139
vt 0.733789 2.500060
vt 0.733789 2.500388
vt 0.649776 2.500388
vt 0.649400 2.055211
vt 0.733470 2.139168
vt 0.733237 2.139402
vt 0.649223 2.055388
vt 0.350777 2.499861
vt 0.266763 2.499940
vt 0.266763 2.499612
vt 0.350777 2.499612
vt 0.350224 2.054836
vt 0.350401 2.055013
vt 0.266444 2.139083
vt 0.266211 2.138849
vt 0.649776 2.500388
vt 0.649776 2.500139
vt 0.733789 2.500060
vt 0.733789 2.500388
vt 0.649400 2.055211
vt 0.733470 2.139168
vt 0.733237 2.139402
vt 0.649223 2.055388
vt 0.140795 2.500388
vt 0.140795 2.500059
vt 0.226299 2.499978
vt 0.226299 2.500388
vt 0.140514 2.265182
vt 0.226007 2.179574
vt 0.226299 2.179866
vt 0.140795 2.265370
vt 0.859868 2.499612
vt 0.859868 2.499941
vt 0.774254 2.500022
vt 0.774254 2.499612
vt 0.859587 2.265115
vt 0.773962 2.179605
vt 0.774254 2.179314
vt 0.859868 2.264928
vt 0.140795 2.500388
vt 0.140795 2.500059
vt 0.226299 2.499978
vt 0.226299 2.500388
vt 0.140514 2.265182
vt 0.226007 2.179574
vt 0.226299 2.179866
vt 0.140795 2.265370
vt 0.859868 2.499612
vt 0.859868 2.499941
vt 0.774254 2.500022
vt 0.774254 2.499612
vt 0.859587 2.265115
vt 0.773962 2.179605
vt 0.774254 2.179314
vt 0.859868 2.264928
vt 0.226299 2.499612
vt 0.226299 2.499978
vt 0.140795 2.500059
vt 0.140795 2.499612
vt 0.140132 2.264927
vt 0.225746 2.179314
vt 0.226007 2.179574
vt 0.140514 2.265182
vt 0.774254 2.500388
vt 0.774254 2.500022
vt 0.859868 2.499941
vt 0.859868 2.500388
vt 0.859205 2.265370
vt 0.773701 2.179866
vt 0.773962 2.179605
vt 0.859587 2.265115
vt 0.226299 2.499612
vt 0.226299 2.499978
vt 0.140795 2.500059
vt 0.140795 2.499612
vt 0.140132 2.264927
vt 0.225746 2.179314
vt 0.226007 2.179574
vt 0.140514 2.265182
vt 0.774254 2.500388
vt 0.774254 2.500022
vt 0.859868 2.499941
vt 0.859868 2.500388
vt 0.859205 2.265370
vt 0.773701 2.179866
vt 0.773962 2.179605
vt 0.859587 2.265115
vt 0.266763 2.500388
vt 0.266763 2.499940
vt 0.350777 2.499861
vt 0.350777 2.500388
vt 0.266763 2.139402
vt 0.266444 2.139083
vt 0.350401 2.055013
vt 0.350777 2.055388
vt 0.733789 2.499612
vt 0.733789 2.500060
vt 0.649776 2.500139
vt 0.649776 2.499612
vt 0.733789 2.138849
vt 0.733470 2.139168
vt 0.649400 2.055211
vt 0.649776 2.054836
vt 0.266763 2.500388
vt 0.266763 2.499940
vt 0.350777 2.499861
vt 0.350777 2.500388
vt 0.266763 2.139402
vt 0.266444 2.139083
vt 0.350401 2.055013
vt 0.350777 2.055388
vt 0.733789 2.499612
vt 0.733789 2.500060
vt 0.649776 2.500139
vt 0.649776 2.499612
vt 0.733789 2.138849
vt 0.733470 2.139168
vt 0.649400 2.055211
vt 0.649776 2.054836
vt -19.222334 1.703948
vt -19.222334 3.296042
vt -2.273883 3.296045
vt -2.273883 2.387738
vt 20.239567 1.703956
vt -0.504601 1.703952
vt -0.504601 2.459120
vt 20.239567 3.296050
vt -12.504935 1.703954
vt -12.504935 3.296047
vt 13.492937 3.296047
vt 13.492937 3.296047
vt 13.492937 1.703954
vt -12.504935 1.703954
vt -19.222334 1.703948
vt -2.273883 1.703952
vt -2.273883 2.387738
vt -2.273883 2.387738
vt -2.273883 3.296045
vt -19.222334 3.296042
vt -19.222334 1.703948
vt -0.504600 3.296046
vt 20.239567 3.296050
vt -0.504601 2.459120
vt -19.222334 1.703948
vt -19.222334 3.296042
vt -2.273883 3.296045
vt -2.273883 2.387738
vt 20.239567 1.703956
vt 15.893244 1.703955
vt 15.893244 3.120696
vt 20.239567 3.296050
vt 20.239567 3.296050
vt 15.893244 3.296049
vt 15.893244 3.120696
vt -2.273883 1.703952
vt -19.222334 1.703948
vt -2.273883 2.387738
vt -2.273883 2.387738
vt -2.273883 3.296045
vt -19.222334 3.296042
vt -19.222334 1.703948
vt -0.504600 3.296046
vt 3.236239 3.296046
vt 3.236238 2.610046
vt -0.504601 2.459120
vt 3.236238 1.703953
vt 3.236238 2.610046
vt -0.504601 2.459120
vt -0.504601 1.703952
vt 15.893244 1.703955
vt 11.524970 1.703954
vt 11.524970 2.944457
vt 15.893244 3.120696
vt 11.524970 3.296048
vt 11.524970 2.944457
vt 15.893244 3.120696
vt 15.893244 3.296049
vt 15.893244 3.296049
vt 15.893244 3.120696
vt 11.524970 2.944457
vt 11.524969 3.296048
vt 11.524970 1.703954
vt 6.990811 1.703954
vt 6.990811 2.761525
vt 11.524970 2.944457
vt 6.990811 3.296047
vt 6.990811 2.761525
vt 11.524970 2.944457
vt 11.524970 3.296048
vt 11.524969 3.296048
vt 11.524970 2.944457
vt 6.990811 2.761525
vt 6.990811 3.296047
vt 6.990811 1.703954
vt 3.236238 1.703953
vt 3.236238 2.610046
vt 6.990811 2.761525
vt 3.236239 3.296046
vt 3.236238 2.610046
vt 6.990811 2.761525
vt 6.990811 3.296047
vt -12.504935 1.703954
vt -12.504935 3.296047
vt 13.492937 3.296047
vt 13.492937 3.296047
vt 13.492937 1.703954
vt -12.504935 1.703954
vt -12.504935 3.296047
vt -9.485086 3.296047
vt -9.485086 1.888887
vt -12.504935 1.703954
vt -5.737182 2.118407
vt 13.492937 3.296047
vt 13.492937 1.703954
vt -5.737182 1.703954
vt -12.504935 1.703954
vt -9.485086 1.703954
vt -9.485086 1.888887
vt 13.492937 3.296047
vt -5.737182 3.296047
vt -5.737182 2.118407
vt 13.492937 3.296047
vt -5.737182 2.118407
vt -5.737182 1.703954
vt 13.492937 1.703954
vt -12.504935 1.703954
vt -12.504935 3.296047
vt 13.492937 3.296047
vt 13.492937 3.296047
vt 13.492937 1.703954
vt -12.504935 1.703954
vt -12.504935 1.703954
vt -12.504935 3.296047
vt 13.492937 3.296047
vt 13.492937 3.296047
vt 13.492937 1.703954
vt -12.504935 1.703954
vt -12.504935 1.703954
vt -12.504935 3.296047
vt 13.492937 3.296047
vt -12.504935 1.703954
vt 13.492937 1.703954
vt 13.492937 3.296047
vt -12.504935 1.703954
vt -12.504935 3.296047
vt 1.067278 3.296047
vt 1.067278 2.535107
vt -12.504935 1.703954
vt 1.067278 1.703954
vt 1.067278 2.535107
vt -19.222334 1.703948
vt -19.222334 3.296042
vt -2.273883 3.296045
vt -2.273883 2.387738
vt -19.222334 1.703948
vt -2.273883 1.703952
vt -2.273883 2.387738
vt -2.273883 2.387738
vt -2.273883 3.296045
vt -19.222334 3.296042
vt -19.222334 1.703948
vt -0.504600 3.296046
vt 3.236239 3.296046
vt 3.236238 2.610046
vt -0.504601 2.459120
vt 3.236238 1.703953
vt 3.236238 2.610046
vt -0.504601 2.459120
vt -0.504601 1.703952
vt -19.222334 1.703948
vt -19.222334 3.296042
vt -2.273883 3.296045
vt -2.273883 2.387738
vt -19.222334 1.703948
vt -2.273883 1.703952
vt -2.273883 2.387738
vt -2.273883 2.387738
vt -2.273883 3.296045
vt -19.222334 3.296042
vt -19.222334 1.703948
vt -0.504600 3.296046
vt 3.236239 3.296046
vt 3.236238 2.610046
vt -0.504601 2.459120
vt 3.236238 1.703953
vt 3.236238 2.610046
vt -0.504601 2.459120
vt -0.504601 1.703952
vt -19.222334 1.703948
vt -19.222334 3.296042
vt -2.273883 3.296045
vt -2.273883 2.387738
vt -19.222334 1.703948
vt -2.273883 1.703952
vt -2.273883 2.387738
vt -2.273883 2.387738
vt -2.273883 3.296045
vt -19.222334 3.296042
vt -19.222334 1.703948
vt -0.504600 3.296046
vt 3.236239 3.296046
vt 3.236238 2.610046
vt -0.504601 2.459120
vt 3.236238 1.703953
vt 3.236238 2.610046
vt -0.504601 2.459120
vt -0.504601 1.703952
vt -5.947328 2.239532
vt -2.273883 2.387738
vt -2.273883 1.703952
vt -5.947328 1.703951
vt -5.947328 3.296045
vt -5.947328 2.239532
vt -2.273883 2.387738
vt -2.273883 3.296045
vt -0.504600 3.296046
vt 3.236239 3.296046
vt 3.236238 2.610046
vt -0.504601 2.459120
vt -0.504601 2.459120
vt -0.504601 1.703952
vt 3.236238 1.703953
vt 3.236238 2.610046
vt -5.947328 1.703951
vt -2.273883 1.703952
vt -2.273883 2.387738
vt -5.947328 2.239532
vt 0.861774 1.000000
vt 1.000000 1.000000
vt 1.000000 1.140751
vt 0.861774 1.140751
vt 0.866180 1.000000
vt 0.997442 1.000000
vt 0.997442 1.140745
vt 0.866180 1.140745
vt 0.866180 1.000000
vt 0.997442 1.000000
vt 0.997442 1.140745
vt 0.866180 1.140745
vt 0.866180 1.000000
vt 0.997442 1.000000
vt 0.997442 1.140745
vt 0.866180 1.140745
vt 0.866180 1.000000
vt 0.997442 1.000000
vt 0.997442 1.140745
vt 0.866180 1.140745
vt -0.000000 1.974558
vt 0.997977 1.974558
vt 0.997977 2.000000
vt -0.000000 2.000000
vt 0.000000 1.000000
vt 1.000000 1.000000
vt 1.000000 2.000000
vt 0.000000 2.000000
vt -0.029935 0.996833
vt 0.024696 0.996833
vt 0.024696 2.000000
vt -0.029935 2.000000
vt 0.000000 1.000000
vt 1.000000 1.000000
vt 1.000000 2.000000
vt 0.000000 2.000000
vt -0.029935 0.996833
vt 0.024696 0.996833
vt 0.024696 2.000000
vt -0.029935 2.000000
vt 0.861774 1.000000
vt 1.000000 1.000000
vt 1.000000 1.140751
vt 0.861774 1.140751
vt 0.866180 1.000000
vt 0.997442 1.000000
vt 0.997442 1.140745
vt 0.866180 1.140745
vt 0.866180 1.000000
vt 0.997442 1.000000
vt 0.997442 1.140745
vt 0.866180 1.140745
vt 0.866180 1.000000
vt 0.997442 1.000000
vt 0.997442 1.140745
vt 0.866180 1.140745
vt 0.866180 1.000000
vt 0.997442 1.000000
vt 0.997442 1.140745
vt 0.866180 1.140745
vt 0.861774 1.000000
vt 1.000000 1.000000
vt 1.000000 1.140751
vt 0.861774 1.140751
vt 0.866180 1.000000
vt 0.997442 1.000000
vt 0.997442 1.140745
vt 0.866180 1.140745
vt 0.866180 1.000000
vt 0.997442 1.000000
vt 0.997442 1.140745
vt 0.866180 1.140745
vt 0.866180 1.000000
vt 0.997442 1.000000
vt 0.997442 1.140745
vt 0.866180 1.140745
vt 0.866180 1.000000
vt 0.997442 1.000000
vt 0.997442 1.140745
vt 0.866180 1.140745
vt 0.861774 1.000000
vt 1.000000 1.000000
vt 1.000000 1.140751
vt 0.861774 1.140751
vt 0.866180 1.000000
vt 0.997442 1.000000
vt 0.997442 1.140745
vt 0.866180 1.140745
vt 0.866180 1.000000
vt 0.997442 1.000000
vt 0.997442 1.140745
vt 0.866180 1.140745
vt 0.866180 1.000000
vt 0.997442 1.000000
vt 0.997442 1.140745
vt 0.866180 1.140745
vt 0.866180 1.000000
vt 0.997442 1.000000
vt 0.997442 1.140745
vt 0.866180 1.140745
vt -0.000000 1.974558
vt 0.997977 1.974558
vt 0.997977 2.000000
vt -0.000000 2.000000
vt 0.000000 1.000000
vt 1.000000 1.000000
vt 1.000000 2.000000
vt 0.000000 2.000000
vt -0.029935 0.996833
vt 0.024696 0.996833
vt 0.024696 2.000000
vt -0.029935 2.000000
vt 0.000000 1.000000
vt 1.000000 1.000000
vt 1.000000 2.000000
vt 0.000000 2.000000
vt -0.029935 0.996833
vt 0.024696 0.996833
vt 0.024696 2.000000
vt -0.029935 2.000000
vt 0.861774 1.000000
vt 1.000000 1.000000
vt 1.000000 1.140751
vt 0.861774 1.140751
vt 0.866180 1.000000
vt 0.997442 1.000000
vt 0.997442 1.140745
vt 0.866180 1.140745
vt 0.866180 1.000000
vt 0.997442 1.000000
vt 0.997442 1.140745
vt 0.866180 1.140745
vt 0.866180 1.000000
vt 0.997442 1.000000
vt 0.997442 1.140745
vt 0.866180 1.140745
vt 0.866180 1.000000
vt 0.997442 1.000000
vt 0.997442 1.140745
vt 0.866180 1.140745
vt -0.000000 1.974558
vt 0.997977 1.974558
vt 0.997977 2.000000
vt -0.000000 2.000000
vt 0.000000 1.000000
vt 1.000000 1.000000
vt 1.000000 2.000000
vt 0.000000 2.000000
vt -0.029935 0.996833
vt 0.024696 0.996833
vt 0.024696 2.000000
vt -0.029935 2.000000
vt 0.000000 1.000000
vt 1.000000 1.000000
vt 1.000000 2.000000
vt 0.000000 2.000000
vt -0.029935 0.996833
vt 0.024696 0.996833
vt 0.024696 2.000000
vt -0.029935 2.000000
vt 0.861774 1.000000
vt 1.000000 1.000000
vt 1.000000 1.140751
vt 0.861774 1.140751
vt 0.866180 1.000000
vt 0.997442 1.000000
vt 0.997442 1.140745
vt 0.866180 1.140745
vt 0.866180 1.000000
vt 0.997442 1.000000
vt 0.997442 1.140745
vt 0.866180 1.140745
vt 0.866180 1.000000
vt 0.997442 1.000000
vt 0.997442 1.140745
vt 0.866180 1.140745
vt 0.866180 1.000000
vt 0.997442 1.000000
vt 0.997442 1.140745
vt 0.866180 1.140745
vt -0.000000 1.974558
vt 0.997977 1.974558
vt 0.997977 2.000000
vt -0.000000 2.000000
vt 0.000000 1.000000
vt 1.000000 1.000000
vt 1.000000 2.000000
vt 0.000000 2.000000
vt -0.029935 0.996833
vt 0.024696 0.996833
vt 0.024696 2.000000
vt -0.029935 2.000000
vt 0.000000 1.000000
vt 1.000000 1.000000
vt 1.000000 2.000000
vt 0.000000 2.000000
vt -0.029935 0.996833
vt 0.024696 0.996833
vt 0.024696 2.000000
vt -0.029935 2.000000
vt -0.000000 1.974558
vt 0.997977 1.974558
vt 0.997977 2.000000
vt -0.000000 2.000000
vt 0.000000 1.000000
vt 1.000000 1.000000
vt 1.000000 2.000000
vt 0.000000 2.000000
vt -0.029935 0.996833
vt 0.024696 0.996833
vt 0.024696 2.000000
vt -0.029935 2.000000
vt 0.000000 1.000000
vt 1.000000 1.000000
vt 1.000000 2.000000
vt 0.000000 2.000000
vt -0.029935 0.996833
vt 0.024696 0.996833
vt 0.024696 2.000000
vt -0.029935 2.000000
vt -0.000000 1.974558
vt 0.997977 1.974558
vt 0.997977 2.000000
vt -0.000000 2.000000
vt 0.000000 1.000000
vt 1.000000 1.000000
vt 1.000000 2.000000
vt 0.000000 2.000000
vt -0.029935 0.996833
vt 0.024696 0.996833
vt 0.024696 2.000000
vt -0.029935 2.000000
vt 0.000000 1.000000
vt 1.000000 1.000000
vt 1.000000 2.000000
vt 0.000000 2.000000
vt -0.029935 0.996833
vt 0.024696 0.996833
vt 0.024696 2.000000
vt -0.029935 2.000000
vt 0.861774 1.000000
vt 1.000000 1.000000
vt 1.000000 1.140751
vt 0.861774 1.140751
vt 0.866180 1.000000
vt 0.997442 1.000000
vt 0.997442 1.140745
vt 0.866180 1.140745
vt 0.866180 1.000000
vt 0.997442 1.000000
vt 0.997442 1.140745
vt 0.866180 1.140745
vt 0.866180 1.000000
vt 0.997442 1.000000
vt 0.997442 1.140745
vt 0.866180 1.140745
vt 0.866180 1.000000
vt 0.997442 1.000000
vt 0.997442 1.140745
vt 0.866180 1.140745
vt 0.861774 1.000000
vt 1.000000 1.000000
vt 1.000000 1.140751
vt 0.861774 1.140751
vt 0.866180 1.000000
vt 0.997442 1.000000
vt 0.997442 1.140745
vt 0.866180 1.140745
vt 0.866180 1.000000
vt 0.997442 1.000000
vt 0.997442 1.140745
vt 0.866180 1.140745
vt 0.866180 1.000000
vt 0.997442 1.000000
vt 0.997442 1.140745
vt 0.866180 1.140745
vt 0.866180 1.000000
vt 0.997442 1.000000
vt 0.997442 1.140745
vt 0.866180 1.140745
vt -0.000000 1.974558
vt 0.997977 1.974558
vt 0.997977 2.000000
vt -0.000000 2.000000
vt 0.000000 1.000000
vt 1.000000 1.000000
vt 1.000000 2.000000
vt 0.000000 2.000000
vt -0.029935 0.996833
vt 0.024696 0.996833
vt 0.024696 2.000000
vt -0.029935 2.000000
vt 0.000000 1.000000
vt 1.000000 1.000000
vt 1.000000 2.000000
vt 0.000000 2.000000
vt -0.029935 0.996833
vt 0.024696 0.996833
vt 0.024696 2.000000
vt -0.029935 2.000000
vt -0.000000 1.974558
vt 0.997977 1.974558
vt 0.997977 2.000000
vt -0.000000 2.000000
vt 0.000000 1.000000
vt 1.000000 1.000000
vt 1.000000 2.000000
vt 0.000000 2.000000
vt -0.029935 0.996833
vt 0.024696 0.996833
vt 0.024696 2.000000
vt -0.029935 2.000000
vt 0.000000 1.000000
vt 1.000000 1.000000
vt 1.000000 2.000000
vt 0.000000 2.000000
vt -0.029935 0.996833
vt 0.024696 0.996833
vt 0.024696 2.000000
vt -0.029935 2.000000
vt 0.861774 1.000000
vt 1.000000 1.000000
vt 1.000000 1.140751
vt 0.861774 1.140751
vt 0.866180 1.000000
vt 0.997442 1.000000
vt 0.997442 1.140745
vt 0.866180 1.140745
vt 0.866180 1.000000
vt 0.997442 1.000000
vt 0.997442 1.140745
vt 0.866180 1.140745
vt 0.866180 1.000000
vt 0.997442 1.000000
vt 0.997442 1.140745
vt 0.866180 1.140745
vt 0.866180 1.000000
vt 0.997442 1.000000
vt 0.997442 1.140745
vt 0.866180 1.140745
vt 0.861774 1.000000
vt 1.000000 1.000000
vt 1.000000 1.140751
vt 0.861774 1.140751
vt 0.866180 1.000000
vt 0.997442 1.000000
vt 0.997442 1.140745
vt 0.866180 1.140745
vt 0.866180 1.000000
vt 0.997442 1.000000
vt 0.997442 1.140745
vt 0.866180 1.140745
vt 0.866180 1.000000
vt 0.997442 1.000000
vt 0.997442 1.140745
vt 0.866180 1.140745
vt 0.866180 1.000000
vt 0.997442 1.000000
vt 0.997442 1.140745
vt 0.866180 1.140745
vt 0.861774 1.000000
vt 1.000000 1.000000
vt 1.000000 1.140751
vt 0.861774 1.140751
vt 0.866180 1.000000
vt 0.997442 1.000000
vt 0.997442 1.140745
vt 0.866180 1.140745
vt 0.866180 1.000000
vt 0.997442 1.000000
vt 0.997442 1.140745
vt 0.866180 1.140745
vt 0.866180 1.000000
vt 0.997442 1.000000
vt 0.997442 1.140745
vt 0.866180 1.140745
vt 0.866180 1.000000
vt 0.997442 1.000000
vt 0.997442 1.140745
vt 0.866180 1.140745
vt -0.000000 1.974558
vt 0.997977 1.974558
vt 0.997977 2.000000
vt -0.000000 2.000000
vt 0.000000 1.000000
vt 1.000000 1.000000
vt 1.000000 2.000000
vt 0.000000 2.000000
vt -0.029935 0.996833
vt 0.024696 0.996833
vt 0.024696 2.000000
vt -0.029935 2.000000
vt 0.000000 1.000000
vt 1.000000 1.000000
vt 1.000000 2.000000
vt 0.000000 2.000000
vt -0.029935 0.996833
vt 0.024696 0.996833
vt 0.024696 2.000000
vt -0.029935 2.000000
vt 0.861774 1.000000
vt 1.000000 1.000000
vt 1.000000 1.140751
vt 0.861774 1.140751
vt 0.866180 1.000000
vt 0.997442 1.000000
vt 0.997442 1.140745
vt 0.866180 1.140745
vt 0.866180 1.000000
vt 0.997442 1.000000
vt 0.997442 1.140745
vt 0.866180 1.140745
vt 0.866180 1.000000
vt 0.997442 1.000000
vt 0.997442 1.140745
vt 0.866180 1.140745
vt 0.866180 1.000000
vt 0.997442 1.000000
vt 0.997442 1.140745
vt 0.866180 1.140745
vt -0.000000 1.974558
vt 0.997977 1.974558
vt 0.997977 2.000000
vt -0.000000 2.000000
vt 0.000000 1.000000
vt 1.000000 1.000000
vt 1.000000 2.000000
vt 0.000000 2.000000
vt -0.029935 0.996833
vt 0.024696 0.996833
vt 0.024696 2.000000
vt -0.029935 2.000000
vt 0.000000 1.000000
vt 1.000000 1.000000
vt 1.000000 2.000000
vt 0.000000 2.000000
vt -0.029935 0.996833
vt 0.024696 0.996833
vt 0.024696 2.000000
vt -0.029935 2.000000
vt 0.861774 1.000000
vt 1.000000 1.000000
vt 1.000000 1.140751
vt 0.861774 1.140751
vt 0.866180 1.000000
vt 0.997442 1.000000
vt 0.997442 1.140745
vt 0.866180 1.140745
vt 0.866180 1.000000
vt 0.997442 1.000000
vt 0.997442 1.140745
vt 0.866180 1.140745
vt 0.866180 1.000000
vt 0.997442 1.000000
vt 0.997442 1.140745
vt 0.866180 1.140745
vt 0.866180 1.000000
vt 0.997442 1.000000
vt 0.997442 1.140745
vt 0.866180 1.140745
vt -0.000000 1.974558
vt 0.997977 1.974558
vt 0.997977 2.000000
vt -0.000000 2.000000
vt 0.000000 1.000000
vt 1.000000 1.000000
vt 1.000000 2.000000
vt 0.000000 2.000000
vt -0.029935 0.996833
vt 0.024696 0.996833
vt 0.024696 2.000000
vt -0.029935 2.000000
vt 0.000000 1.000000
vt 1.000000 1.000000
vt 1.000000 2.000000
vt 0.000000 2.000000
vt -0.029935 0.996833
vt 0.024696 0.996833
vt 0.024696 2.000000
vt -0.029935 2.000000
vt -0.000000 1.974558
vt 0.997977 1.974558
vt 0.997977 2.000000
vt -0.000000 2.000000
vt 0.000000 1.000000
vt 1.000000 1.000000
vt 1.000000 2.000000
vt 0.000000 2.000000
vt -0.029935 0.996833
vt 0.024696 0.996833
vt 0.024696 2.000000
vt -0.029935 2.000000
vt 0.000000 1.000000
vt 1.000000 1.000000
vt 1.000000 2.000000
vt 0.000000 2.000000
vt -0.029935 0.996833
vt 0.024696 0.996833
vt 0.024696 2.000000
vt -0.029935 2.000000
vt -0.000000 1.974558
vt 0.997977 1.974558
vt 0.997977 2.000000
vt -0.000000 2.000000
vt 0.000000 1.000000
vt 1.000000 1.000000
vt 1.000000 2.000000
vt 0.000000 2.000000
vt -0.029935 0.996833
vt 0.024696 0.996833
vt 0.024696 2.000000
vt -0.029935 2.000000
vt 0.000000 1.000000
vt 1.000000 1.000000
vt 1.000000 2.000000
vt 0.000000 2.000000
vt -0.029935 0.996833
vt 0.024696 0.996833
vt 0.024696 2.000000
vt -0.029935 2.000000
vt 0.861774 1.000000
vt 1.000000 1.000000
vt 1.000000 1.140751
vt 0.861774 1.140751
vt 0.866180 1.000000
vt 0.997442 1.000000
vt 0.997442 1.140745
vt 0.866180 1.140745
vt 0.866180 1.000000
vt 0.997442 1.000000
vt 0.997442 1.140745
vt 0.866180 1.140745
vt 0.866180 1.000000
vt 0.997442 1.000000
vt 0.997442 1.140745
vt 0.866180 1.140745
vt 0.866180 1.000000
vt 0.997442 1.000000
vt 0.997442 1.140745
vt 0.866180 1.140745
vt 0.861774 1.000000
vt 1.000000 1.000000
vt 1.000000 1.140751
vt 0.861774 1.140751
vt 0.866180 1.000000
vt 0.997442 1.000000
vt 0.997442 1.140745
vt 0.866180 1.140745
vt 0.866180 1.000000
vt 0.997442 1.000000
vt 0.997442 1.140745
vt 0.866180 1.140745
vt 0.866180 1.000000
vt 0.997442 1.000000
vt 0.997442 1.140745
vt 0.866180 1.140745
vt 0.866180 1.000000
vt 0.997442 1.000000
vt 0.997442 1.140745
vt 0.866180 1.140745
vt 0.861774 1.000000
vt 1.000000 1.000000
vt 1.000000 1.140751
vt 0.861774 1.140751
vt 0.866180 1.000000
vt 0.997442 1.000000
vt 0.997442 1.140745
vt 0.866180 1.140745
vt 0.866180 1.000000
vt 0.997442 1.000000
vt 0.997442 1.140745
vt 0.866180 1.140745
vt 0.866180 1.000000
vt 0.997442 1.000000
vt 0.997442 1.140745
vt 0.866180 1.140745
vt 0.866180 1.000000
vt 0.997442 1.000000
vt 0.997442 1.140745
vt 0.866180 1.140745
vt -0.000000 1.974558
vt 0.997977 1.974558
vt 0.997977 2.000000
vt -0.000000 2.000000
vt 0.000000 1.000000
vt 1.000000 1.000000
vt 1.000000 2.000000
vt 0.000000 2.000000
vt -0.029935 0.996833
vt 0.024696 0.996833
vt 0.024696 2.000000
vt -0.029935 2.000000
vt 0.000000 1.000000
vt 1.000000 1.000000
vt 1.000000 2.000000
vt 0.000000 2.000000
vt -0.029935 0.996833
vt 0.024696 0.996833
vt 0.024696 2.000000
vt -0.029935 2.000000
vt -0.000000 1.974558
vt 0.997977 1.974558
vt 0.997977 2.000000
vt -0.000000 2.000000
vt 0.000000 1.000000
vt 1.000000 1.000000
vt 1.000000 2.000000
vt 0.000000 2.000000
vt -0.029935 0.996833
vt 0.024696 0.996833
vt 0.024696 2.000000
vt -0.029935 2.000000
vt 0.000000 1.000000
vt 1.000000 1.000000
vt 1.000000 2.000000
vt 0.000000 2.000000
vt -0.029935 0.996833
vt 0.024696 0.996833
vt 0.024696 2.000000
vt -0.029935 2.000000
vt -0.000000 1.974558
vt 0.997977 1.974558
vt 0.997977 2.000000
vt -0.000000 2.000000
vt 0.000000 1.000000
vt 1.000000 1.000000
vt 1.000000 2.000000
vt 0.000000 2.000000
vt -0.029935 0.996833
vt 0.024696 0.996833
vt 0.024696 2.000000
vt -0.029935 2.000000
vt 0.000000 1.000000
vt 1.000000 1.000000
vt 1.000000 2.000000
vt 0.000000 2.000000
vt -0.029935 0.996833
vt 0.024696 0.996833
vt 0.024696 2.000000
vt -0.029935 2.000000
vt 0.861774 1.000000
vt 1.000000 1.000000
vt 1.000000 1.140751
vt 0.861774 1.140751
vt 0.866180 1.000000
vt 0.997442 1.000000
vt 0.997442 1.140745
vt 0.866180 1.140745
vt 0.866180 1.000000
vt 0.997442 1.000000
vt 0.997442 1.140745
vt 0.866180 1.140745
vt 0.866180 1.000000
vt 0.997442 1.000000
vt 0.997442 1.140745
vt 0.866180 1.140745
vt 0.866180 1.000000
vt 0.997442 1.000000
vt 0.997442 1.140745
vt 0.866180 1.140745
vt -0.000000 1.974558
vt 0.997977 1.974558
vt 0.997977 2.000000
vt -0.000000 2.000000
vt 0.000000 1.000000
vt 1.000000 1.000000
vt 1.000000 2.000000
vt 0.000000 2.000000
vt -0.029935 0.996833
vt 0.024696 0.996833
vt 0.024696 2.000000
vt -0.029935 2.000000
vt 0.000000 1.000000
vt 1.000000 1.000000
vt 1.000000 2.000000
vt 0.000000 2.000000
vt -0.029935 0.996833
vt 0.024696 0.996833
vt 0.024696 2.000000
vt -0.029935 2.000000
vt 0.861774 1.000000
vt 1.000000 1.000000
vt 1.000000 1.140751
vt 0.861774 1.140751
vt 0.866180 1.000000
vt 0.997442 1.000000
vt 0.997442 1.140745
vt 0.866180 1.140745
vt 0.866180 1.000000
vt 0.997442 1.000000
vt 0.997442 1.140745
vt 0.866180 1.140745
vt 0.866180 1.000000
vt 0.997442 1.000000
vt 0.997442 1.140745
vt 0.866180 1.140745
vt 0.866180 1.000000
vt 0.997442 1.000000
vt 0.997442 1.140745
vt 0.866180 1.140745
vt 0.861774 1.000000
vt 1.000000 1.000000
vt 1.000000 1.140751
vt 0.861774 1.140751
vt 0.866180 1.000000
vt 0.997442 1.000000
vt 0.997442 1.140745
vt 0.866180 1.140745
vt 0.866180 1.000000
vt 0.997442 1.000000
vt 0.997442 1.140745
vt 0.866180 1.140745
vt 0.866180 1.000000
vt 0.997442 1.000000
vt 0.997442 1.140745
vt 0.866180 1.140745
vt 0.866180 1.000000
vt 0.997442 1.000000
vt 0.997442 1.140745
vt 0.866180 1.140745
vt 0.861774 1.000000
vt 1.000000 1.000000
vt 1.000000 1.140751
vt 0.861774 1.140751
vt 0.866180 1.000000
vt 0.997442 1.000000
vt 0.997442 1.140745
vt 0.866180 1.140745
vt 0.866180 1.000000
vt 0.997442 1.000000
vt 0.997442 1.140745
vt 0.866180 1.140745
vt 0.866180 1.000000
vt 0.997442 1.000000
vt 0.997442 1.140745
vt 0.866180 1.140745
vt 0.866180 1.000000
vt 0.997442 1.000000
vt 0.997442 1.140745
vt 0.866180 1.140745
vt -0.000000 1.974558
vt 0.997977 1.974558
vt 0.997977 2.000000
vt -0.000000 2.000000
vt 0.000000 1.000000
vt 1.000000 1.000000
vt 1.000000 2.000000
vt 0.000000 2.000000
vt -0.029935 0.996833
vt 0.024696 0.996833
vt 0.024696 2.000000
vt -0.029935 2.000000
vt 0.000000 1.000000
vt 1.000000 1.000000
vt 1.000000 2.000000
vt 0.000000 2.000000
vt -0.029935 0.996833
vt 0.024696 0.996833
vt 0.024696 2.000000
vt -0.029935 2.000000
vt 0.861774 1.000000
vt 1.000000 1.000000
vt 1.000000 1.140751
vt 0.861774 1.140751
vt 0.866180 1.000000
vt 0.997442 1.000000
vt 0.997442 1.140745
vt 0.866180 1.140745
vt 0.866180 1.000000
vt 0.997442 1.000000
vt 0.997442 1.140745
vt 0.866180 1.140745
vt 0.866180 1.000000
vt 0.997442 1.000000
vt 0.997442 1.140745
vt 0.866180 1.140745
vt 0.866180 1.000000
vt 0.997442 1.000000
vt 0.997442 1.140745
vt 0.866180 1.140745
vt -0.000000 1.974558
vt 0.997977 1.974558
vt 0.997977 2.000000
vt -0.000000 2.000000
vt 0.000000 1.000000
vt 1.000000 1.000000
vt 1.000000 2.000000
vt 0.000000 2.000000
vt -0.029935 0.996833
vt 0.024696 0.996833
vt 0.024696 2.000000
vt -0.029935 2.000000
vt 0.000000 1.000000
vt 1.000000 1.000000
vt 1.000000 2.000000
vt 0.000000 2.000000
vt -0.029935 0.996833
vt 0.024696 0.996833
vt 0.024696 2.000000
vt -0.029935 2.000000
vt 0.861774 1.000000
vt 1.000000 1.000000
vt 1.000000 1.140751
vt 0.861774 1.140751
vt 0.866180 1.000000
vt 0.997442 1.000000
vt 0.997442 1.140745
vt 0.866180 1.140745
vt 0.866180 1.000000
vt 0.997442 1.000000
vt 0.997442 1.140745
vt 0.866180 1.140745
vt 0.866180 1.000000
vt 0.997442 1.000000
vt 0.997442 1.140745
vt 0.866180 1.140745
vt 0.866180 1.000000
vt 0.997442 1.000000
vt 0.997442 1.140745
vt 0.866180 1.140745
vt -0.000000 1.974558
vt 0.997977 1.974558
vt 0.997977 2.000000
vt -0.000000 2.000000
vt 0.000000 1.000000
vt 1.000000 1.000000
vt 1.000000 2.000000
vt 0.000000 2.000000
vt -0.029935 0.996833
vt 0.024696 0.996833
vt 0.024696 2.000000
vt -0.029935 2.000000
vt 0.000000 1.000000
vt 1.000000 1.000000
vt 1.000000 2.000000
vt 0.000000 2.000000
vt -0.029935 0.996833
vt 0.024696 0.996833
vt 0.024696 2.000000
vt -0.029935 2.000000
vt -0.000000 1.974558
vt 0.997977 1.974558
vt 0.997977 2.000000
vt -0.000000 2.000000
vt 0.000000 1.000000
vt 1.000000 1.000000
vt 1.000000 2.000000
vt 0.000000 2.000000
vt -0.029935 0.996833
vt 0.024696 0.996833
vt 0.024696 2.000000
vt -0.029935 2.000000
vt 0.000000 1.000000
vt 1.000000 1.000000
vt 1.000000 2.000000
vt 0.000000 2.000000
vt -0.029935 0.996833
vt 0.024696 0.996833
vt 0.024696 2.000000
vt -0.029935 2.000000
vt -0.000000 1.974558
vt 0.997977 1.974558
vt 0.997977 2.000000
vt -0.000000 2.000000
vt 0.000000 1.000000
vt 1.000000 1.000000
vt 1.000000 2.000000
vt 0.000000 2.000000
vt -0.029935 0.996833
vt 0.024696 0.996833
vt 0.024696 2.000000
vt -0.029935 2.000000
vt 0.000000 1.000000
vt 1.000000 1.000000
vt 1.000000 2.000000
vt 0.000000 2.000000
vt -0.029935 0.996833
vt 0.024696 0.996833
vt 0.024696 2.000000
vt -0.029935 2.000000
vt 0.861774 1.000000
vt 1.000000 1.000000
vt 1.000000 1.140751
vt 0.861774 1.140751
vt 0.866180 1.000000
vt 0.997442 1.000000
vt 0.997442 1.140745
vt 0.866180 1.140745
vt 0.866180 1.000000
vt 0.997442 1.000000
vt 0.997442 1.140745
vt 0.866180 1.140745
vt 0.866180 1.000000
vt 0.997442 1.000000
vt 0.997442 1.140745
vt 0.866180 1.140745
vt 0.866180 1.000000
vt 0.997442 1.000000
vt 0.997442 1.140745
vt 0.866180 1.140745
vt 0.861774 1.000000
vt 1.000000 1.000000
vt 1.000000 1.140751
vt 0.861774 1.140751
vt 0.866180 1.000000
vt 0.997442 1.000000
vt 0.997442 1.140745
vt 0.866180 1.140745
vt 0.866180 1.000000
vt 0.997442 1.000000
vt 0.997442 1.140745
vt 0.866180 1.140745
vt 0.866180 1.000000
vt 0.997442 1.000000
vt 0.997442 1.140745
vt 0.866180 1.140745
vt 0.866180 1.000000
vt 0.997442 1.000000
vt 0.997442 1.140745
vt 0.866180 1.140745
vt -0.000000 1.974558
vt 0.997977 1.974558
vt 0.997977 2.000000
vt -0.000000 2.000000
vt 0.000000 1.000000
vt 1.000000 1.000000
vt 1.000000 2.000000
vt 0.000000 2.000000
vt -0.029935 0.996833
vt 0.024696 0.996833
vt 0.024696 2.000000
vt -0.029935 2.000000
vt 0.000000 1.000000
vt 1.000000 1.000000
vt 1.000000 2.000000
vt 0.000000 2.000000
vt -0.029935 0.996833
vt 0.024696 0.996833
vt 0.024696 2.000000
vt -0.029935 2.000000
vt 0.861774 1.000000
vt 1.000000 1.000000
vt 1.000000 1.140751
vt 0.861774 1.140751
vt 0.866180 1.000000
vt 0.997442 1.000000
vt 0.997442 1.140745
vt 0.866180 1.140745
vt 0.866180 1.000000
vt 0.997442 1.000000
vt 0.997442 1.140745
vt 0.866180 1.140745
vt 0.866180 1.000000
vt 0.997442 1.000000
vt 0.997442 1.140745
vt 0.866180 1.140745
vt 0.866180 1.000000
vt 0.997442 1.000000
vt 0.997442 1.140745
vt 0.866180 1.140745
vt -0.000000 1.974558
vt 0.997977 1.974558
vt 0.997977 2.000000
vt -0.000000 2.000000
vt 0.000000 1.000000
vt 1.000000 1.000000
vt 1.000000 2.000000
vt 0.000000 2.000000
vt -0.029935 0.996833
vt 0.024696 0.996833
vt 0.024696 2.000000
vt -0.029935 2.000000
vt 0.000000 1.000000
vt 1.000000 1.000000
vt 1.000000 2.000000
vt 0.000000 2.000000
vt -0.029935 0.996833
vt 0.024696 0.996833
vt 0.024696 2.000000
vt -0.029935 2.000000
vt 0.861774 1.000000
vt 1.000000 1.000000
vt 1.000000 1.140751
vt 0.861774 1.140751
vt 0.866180 1.000000
vt 0.997442 1.000000
vt 0.997442 1.140745
vt 0.866180 1.140745
vt 0.866180 1.000000
vt 0.997442 1.000000
vt 0.997442 1.140745
vt 0.866180 1.140745
vt 0.866180 1.000000
vt 0.997442 1.000000
vt 0.997442 1.140745
vt 0.866180 1.140745
vt 0.866180 1.000000
vt 0.997442 1.000000
vt 0.997442 1.140745
vt 0.866180 1.140745
vt 0.861774 1.000000
vt 1.000000 1.000000
vt 1.000000 1.140751
vt 0.861774 1.140751
vt 0.866180 1.000000
vt 0.997442 1.000000
vt 0.997442 1.140745
vt 0.866180 1.140745
vt 0.866180 1.000000
vt 0.997442 1.000000
vt 0.997442 1.140745
vt 0.866180 1.140745
vt 0.866180 1.000000
vt 0.997442 1.000000
vt 0.997442 1.140745
vt 0.866180 1.140745
vt 0.866180 1.000000
vt 0.997442 1.000000
vt 0.997442 1.140745
vt 0.866180 1.140745
vt 0.861774 1.000000
vt 1.000000 1.000000
vt 1.000000 1.140751
vt 0.861774 1.140751
vt 0.866180 1.000000
vt 0.997442 1.000000
vt 0.997442 1.140745
vt 0.866180 1.140745
vt 0.866180 1.000000
vt 0.997442 1.000000
vt 0.997442 1.140745
vt 0.866180 1.140745
vt 0.866180 1.000000
vt 0.997442 1.000000
vt 0.997442 1.140745
vt 0.866180 1.140745
vt 0.866180 1.000000
vt 0.997442 1.000000
vt 0.997442 1.140745
vt 0.866180 1.140745
vt -0.000000 1.974558
vt 0.997977 1.974558
vt 0.997977 2.000000
vt -0.000000 2.000000
vt 0.000000 1.000000
vt 1.000000 1.000000
vt 1.000000 2.000000
vt 0.000000 2.000000
vt -0.029935 0.996833
vt 0.024696 0.996833
vt 0.024696 2.000000
vt -0.029935 2.000000
vt 0.000000 1.000000
vt 1.000000 1.000000
vt 1.000000 2.000000
vt 0.000000 2.000000
vt -0.029935 0.996833
vt 0.024696 0.996833
vt 0.024696 2.000000
vt -0.029935 2.000000
vt 0.861774 1.000000
vt 1.000000 1.000000
vt 1.000000 1.140751
vt 0.861774 1.140751
vt 0.866180 1.000000
vt 0.997442 1.000000
vt 0.997442 1.140745
vt 0.866180 1.140745
vt 0.866180 1.000000
vt 0.997442 1.000000
vt 0.997442 1.140745
vt 0.866180 1.140745
vt 0.866180 1.000000
vt 0.997442 1.000000
vt 0.997442 1.140745
vt 0.866180 1.140745
vt 0.866180 1.000000
vt 0.997442 1.000000
vt 0.997442 1.140745
vt 0.866180 1.140745
vt -0.000000 1.974558
vt 0.997977 1.974558
vt 0.997977 2.000000
vt -0.000000 2.000000
vt 0.000000 1.000000
vt 1.000000 1.000000
vt 1.000000 2.000000
vt 0.000000 2.000000
vt -0.029935 0.996833
vt 0.024696 0.996833
vt 0.024696 2.000000
vt -0.029935 2.000000
vt 0.000000 1.000000
vt 1.000000 1.000000
vt 1.000000 2.000000
vt 0.000000 2.000000
vt -0.029935 0.996833
vt 0.024696 0.996833
vt 0.024696 2.000000
vt -0.029935 2.000000
vt 0.861774 1.000000
vt 1.000000 1.000000
vt 1.000000 1.140751
vt 0.861774 1.140751
vt 0.866180 1.000000
vt 0.997442 1.000000
vt 0.997442 1.140745
vt 0.866180 1.140745
vt 0.866180 1.000000
vt 0.997442 1.000000
vt 0.997442 1.140745
vt 0.866180 1.140745
vt 0.866180 1.000000
vt 0.997442 1.000000
vt 0.997442 1.140745
vt 0.866180 1.140745
vt 0.866180 1.000000
vt 0.997442 1.000000
vt 0.997442 1.140745
vt 0.866180 1.140745
vt -0.000000 1.974558
vt 0.997977 1.974558
vt 0.997977 2.000000
vt -0.000000 2.000000
vt 0.000000 1.000000
vt 1.000000 1.000000
vt 1.000000 2.000000
vt 0.000000 2.000000
vt -0.029935 0.996833
vt 0.024696 0.996833
vt 0.024696 2.000000
vt -0.029935 2.000000
vt 0.000000 1.000000
vt 1.000000 1.000000
vt 1.000000 2.000000
vt 0.000000 2.000000
vt -0.029935 0.996833
vt 0.024696 0.996833
vt 0.024696 2.000000
vt -0.029935 2.000000
vt -0.000000 1.974558
vt 0.997977 1.974558
vt 0.997977 2.000000
vt -0.000000 2.000000
vt 0.000000 1.000000
vt 1.000000 1.000000
vt 1.000000 2.000000
vt 0.000000 2.000000
vt -0.029935 0.996833
vt 0.024696 0.996833
vt 0.024696 2.000000
vt -0.029935 2.000000
vt 0.000000 1.000000
vt 1.000000 1.000000
vt 1.000000 2.000000
vt 0.000000 2.000000
vt -0.029935 0.996833
vt 0.024696 0.996833
vt 0.024696 2.000000
vt -0.029935 2.000000
vt -0.000000 1.974558
vt 0.997977 1.974558
vt 0.997977 2.000000
vt -0.000000 2.000000
vt 0.000000 1.000000
vt 1.000000 1.000000
vt 1.000000 2.000000
vt 0.000000 2.000000
vt -0.029935 0.996833
vt 0.024696 0.996833
vt 0.024696 2.000000
vt -0.029935 2.000000
vt 0.000000 1.000000
vt 1.000000 1.000000
vt 1.000000 2.000000
vt 0.000000 2.000000
vt -0.029935 0.996833
vt 0.024696 0.996833
vt 0.024696 2.000000
vt -0.029935 2.000000
vt 0.861774 1.000000
vt 1.000000 1.000000
vt 1.000000 1.140751
vt 0.861774 1.140751
vt 0.866180 1.000000
vt 0.997442 1.000000
vt 0.997442 1.140745
vt 0.866180 1.140745
vt 0.866180 1.000000
vt 0.997442 1.000000
vt 0.997442 1.140745
vt 0.866180 1.140745
vt 0.866180 1.000000
vt 0.997442 1.000000
vt 0.997442 1.140745
vt 0.866180 1.140745
vt 0.866180 1.000000
vt 0.997442 1.000000
vt 0.997442 1.140745
vt 0.866180 1.140745
vt -0.000000 1.974558
vt 0.997977 1.974558
vt 0.997977 2.000000
vt -0.000000 2.000000
vt 0.000000 1.000000
vt 1.000000 1.000000
vt 1.000000 2.000000
vt 0.000000 2.000000
vt -0.029935 0.996833
vt 0.024696 0.996833
vt 0.024696 2.000000
vt -0.029935 2.000000
vt 0.000000 1.000000
vt 1.000000 1.000000
vt 1.000000 2.000000
vt 0.000000 2.000000
vt -0.029935 0.996833
vt 0.024696 0.996833
vt 0.024696 2.000000
vt -0.029935 2.000000
vt 0.861774 1.000000
vt 1.000000 1.000000
vt 1.000000 1.140751
vt 0.861774 1.140751
vt 0.866180 1.000000
vt 0.997442 1.000000
vt 0.997442 1.140745
vt 0.866180 1.140745
vt 0.866180 1.000000
vt 0.997442 1.000000
vt 0.997442 1.140745
vt 0.866180 1.140745
vt 0.866180 1.000000
vt 0.997442 1.000000
vt 0.997442 1.140745
vt 0.866180 1.140745
vt 0.866180 1.000000
vt 0.997442 1.000000
vt 0.997442 1.140745
vt 0.866180 1.140745
vt 0.861774 1.000000
vt 1.000000 1.000000
vt 1.000000 1.140751
vt 0.861774 1.140751
vt 0.866180 1.000000
vt 0.997442 1.000000
vt 0.997442 1.140745
vt 0.866180 1.140745
vt 0.866180 1.000000
vt 0.997442 1.000000
vt 0.997442 1.140745
vt 0.866180 1.140745
vt 0.866180 1.000000
vt 0.997442 1.000000
vt 0.997442 1.140745
vt 0.866180 1.140745
vt 0.866180 1.000000
vt 0.997442 1.000000
vt 0.997442 1.140745
vt 0.866180 1.140745
vt 0.861774 1.000000
vt 1.000000 1.000000
vt 1.000000 1.140751
vt 0.861774 1.140751
vt 0.866180 1.000000
vt 0.997442 1.000000
vt 0.997442 1.140745
vt 0.866180 1.140745
vt 0.866180 1.000000
vt 0.997442 1.000000
vt 0.997442 1.140745
vt 0.866180 1.140745
vt 0.866180 1.000000
vt 0.997442 1.000000
vt 0.997442 1.140745
vt 0.866180 1.140745
vt 0.866180 1.000000
vt 0.997442 1.000000
vt 0.997442 1.140745
vt 0.866180 1.140745
vt -0.000000 1.974558
vt 0.997977 1.974558
vt 0.997977 2.000000
vt -0.000000 2.000000
vt 0.000000 1.000000
vt 1.000000 1.000000
vt 1.000000 2.000000
vt 0.000000 2.000000
vt -0.029935 0.996833
vt 0.024696 0.996833
vt 0.024696 2.000000
vt -0.029935 2.000000
vt 0.000000 1.000000
vt 1.000000 1.000000
vt 1.000000 2.000000
vt 0.000000 2.000000
vt -0.029935 0.996833
vt 0.024696 0.996833
vt 0.024696 2.000000
vt -0.029935 2.000000
vt 0.861774 1.000000
vt 1.000000 1.000000
vt 1.000000 1.140751
vt 0.861774 1.140751
vt 0.866180 1.000000
vt 0.997442 1.000000
vt 0.997442 1.140745
vt 0.866180 1.140745
vt 0.866180 1.000000
vt 0.997442 1.000000
vt 0.997442 1.140745
vt 0.866180 1.140745
vt 0.866180 1.000000
vt 0.997442 1.000000
vt 0.997442 1.140745
vt 0.866180 1.140745
vt 0.866180 1.000000
vt 0.997442 1.000000
vt 0.997442 1.140745
vt 0.866180 1.140745
vt -0.000000 1.974558
vt 0.997977 1.974558
vt 0.997977 2.000000
vt -0.000000 2.000000
vt 0.000000 1.000000
vt 1.000000 1.000000
vt 1.000000 2.000000
vt 0.000000 2.000000
vt -0.029935 0.996833
vt 0.024696 0.996833
vt 0.024696 2.000000
vt -0.029935 2.000000
vt 0.000000 1.000000
vt 1.000000 1.000000
vt 1.000000 2.000000
vt 0.000000 2.000000
vt -0.029935 0.996833
vt 0.024696 0.996833
vt 0.024696 2.000000
vt -0.029935 2.000000
vt 0.861774 1.000000
vt 1.000000 1.000000
vt 1.000000 1.140751
vt 0.861774 1.140751
vt 0.866180 1.000000
vt 0.997442 1.000000
vt 0.997442 1.140745
vt 0.866180 1.140745
vt 0.866180 1.000000
vt 0.997442 1.000000
vt 0.997442 1.140745
vt 0.866180 1.140745
vt 0.866180 1.000000
vt 0.997442 1.000000
vt 0.997442 1.140745
vt 0.866180 1.140745
vt 0.866180 1.000000
vt 0.997442 1.000000
vt 0.997442 1.140745
vt 0.866180 1.140745
vt -0.000000 1.974558
vt 0.997977 1.974558
vt 0.997977 2.000000
vt -0.000000 2.000000
vt 0.000000 1.000000
vt 1.000000 1.000000
vt 1.000000 2.000000
vt 0.000000 2.000000
vt -0.029935 0.996833
vt 0.024696 0.996833
vt 0.024696 2.000000
vt -0.029935 2.000000
vt 0.000000 1.000000
vt 1.000000 1.000000
vt 1.000000 2.000000
vt 0.000000 2.000000
vt -0.029935 0.996833
vt 0.024696 0.996833
vt 0.024696 2.000000
vt -0.029935 2.000000
vt -0.000000 1.974558
vt 0.997977 1.974558
vt 0.997977 2.000000
vt -0.000000 2.000000
vt 0.000000 1.000000
vt 1.000000 1.000000
vt 1.000000 2.000000
vt 0.000000 2.000000
vt -0.029935 0.996833
vt 0.024696 0.996833
vt 0.024696 2.000000
vt -0.029935 2.000000
vt 0.000000 1.000000
vt 1.000000 1.000000
vt 1.000000 2.000000
vt 0.000000 2.000000
vt -0.029935 0.996833
vt 0.024696 0.996833
vt 0.024696 2.000000
vt -0.029935 2.000000
vt -0.000000 1.974558
vt 0.997977 1.974558
vt 0.997977 2.000000
vt -0.000000 2.000000
vt 0.000000 1.000000
vt 1.000000 1.000000
vt 1.000000 2.000000
vt 0.000000 2.000000
vt -0.029935 0.996833
vt 0.024696 0.996833
vt 0.024696 2.000000
vt -0.029935 2.000000
vt 0.000000 1.000000
vt 1.000000 1.000000
vt 1.000000 2.000000
vt 0.000000 2.000000
vt -0.029935 0.996833
vt 0.024696 0.996833
vt 0.024696 2.000000
vt -0.029935 2.000000
vt 0.861774 1.000000
vt 1.000000 1.000000
vt 1.000000 1.140751
vt 0.861774 1.140751
vt 0.866180 1.000000
vt 0.997442 1.000000
vt 0.997442 1.140745
vt 0.866180 1.140745
vt 0.866180 1.000000
vt 0.997442 1.000000
vt 0.997442 1.140745
vt 0.866180 1.140745
vt 0.866180 1.000000
vt 0.997442 1.000000
vt 0.997442 1.140745
vt 0.866180 1.140745
vt 0.866180 1.000000
vt 0.997442 1.000000
vt 0.997442 1.140745
vt 0.866180 1.140745
vt -0.000000 1.974558
vt 0.997977 1.974558
vt 0.997977 2.000000
vt -0.000000 2.000000
vt 0.000000 1.000000
vt 1.000000 1.000000
vt 1.000000 2.000000
vt 0.000000 2.000000
vt -0.029935 0.996833
vt 0.024696 0.996833
vt 0.024696 2.000000
vt -0.029935 2.000000
vt 0.000000 1.000000
vt 1.000000 1.000000
vt 1.000000 2.000000
vt 0.000000 2.000000
vt -0.029935 0.996833
vt 0.024696 0.996833
vt 0.024696 2.000000
vt -0.029935 2.000000
vt 0.861774 1.000000
vt 1.000000 1.000000
vt 1.000000 1.140751
vt 0.861774 1.140751
vt 0.866180 1.000000
vt 0.997442 1.000000
vt 0.997442 1.140745
vt 0.866180 1.140745
vt 0.866180 1.000000
vt 0.997442 1.000000
vt 0.997442 1.140745
vt 0.866180 1.140745
vt 0.866180 1.000000
vt 0.997442 1.000000
vt 0.997442 1.140745
vt 0.866180 1.140745
vt 0.866180 1.000000
vt 0.997442 1.000000
vt 0.997442 1.140745
vt 0.866180 1.140745
vt 0.861774 1.000000
vt 1.000000 1.000000
vt 1.000000 1.140751
vt 0.861774 1.140751
vt 0.866180 1.000000
vt 0.997442 1.000000
vt 0.997442 1.140745
vt 0.866180 1.140745
vt 0.866180 1.000000
vt 0.997442 1.000000
vt 0.997442 1.140745
vt 0.866180 1.140745
vt 0.866180 1.000000
vt 0.997442 1.000000
vt 0.997442 1.140745
vt 0.866180 1.140745
vt 0.866180 1.000000
vt 0.997442 1.000000
vt 0.997442 1.140745
vt 0.866180 1.140745
vt 0.861774 1.000000
vt 1.000000 1.000000
vt 1.000000 1.140751
vt 0.861774 1.140751
vt 0.866180 1.000000
vt 0.997442 1.000000
vt 0.997442 1.140745
vt 0.866180 1.140745
vt 0.866180 1.000000
vt 0.997442 1.000000
vt 0.997442 1.140745
vt 0.866180 1.140745
vt 0.866180 1.000000
vt 0.997442 1.000000
vt 0.997442 1.140745
vt 0.866180 1.140745
vt 0.866180 1.000000
vt 0.997442 1.000000
vt 0.997442 1.140745
vt 0.866180 1.140745
vt -0.000000 1.974558
vt 0.997977 1.974558
vt 0.997977 2.000000
vt -0.000000 2.000000
vt 0.000000 1.000000
vt 1.000000 1.000000
vt 1.000000 2.000000
vt 0.000000 2.000000
vt -0.029935 0.996833
vt 0.024696 0.996833
vt 0.024696 2.000000
vt -0.029935 2.000000
vt 0.000000 1.000000
vt 1.000000 1.000000
vt 1.000000 2.000000
vt 0.000000 2.000000
vt -0.029935 0.996833
vt 0.024696 0.996833
vt 0.024696 2.000000
vt -0.029935 2.000000
vt 0.861774 1.000000
vt 1.000000 1.000000
vt 1.000000 1.140751
vt 0.861774 1.140751
vt 0.866180 1.000000
vt 0.997442 1.000000
vt 0.997442 1.140745
vt 0.866180 1.140745
vt 0.866180 1.000000
vt 0.997442 1.000000
vt 0.997442 1.140745
vt 0.866180 1.140745
vt 0.866180 1.000000
vt 0.997442 1.000000
vt 0.997442 1.140745
vt 0.866180 1.140745
vt 0.866180 1.000000
vt 0.997442 1.000000
vt 0.997442 1.140745
vt 0.866180 1.140745
vt -0.000000 1.974558
vt 0.997977 1.974558
vt 0.997977 2.000000
vt -0.000000 2.000000
vt 0.000000 1.000000
vt 1.000000 1.000000
vt 1.000000 2.000000
vt 0.000000 2.000000
vt -0.029935 0.996833
vt 0.024696 0.996833
vt 0.024696 2.000000
vt -0.029935 2.000000
vt 0.000000 1.000000
vt 1.000000 1.000000
vt 1.000000 2.000000
vt 0.000000 2.000000
vt -0.029935 0.996833
vt 0.024696 0.996833
vt 0.024696 2.000000
vt -0.029935 2.000000
vt -0.000000 1.974558
vt 0.997977 1.974558
vt 0.997977 2.000000
vt -0.000000 2.000000
vt 0.000000 1.000000
vt 1.000000 1.000000
vt 1.000000 2.000000
vt 0.000000 2.000000
vt -0.029935 0.996833
vt 0.024696 0.996833
vt 0.024696 2.000000
vt -0.029935 2.000000
vt 0.000000 1.000000
vt 1.000000 1.000000
vt 1.000000 2.000000
vt 0.000000 2.000000
vt -0.029935 0.996833
vt 0.024696 0.996833
vt 0.024696 2.000000
vt -0.029935 2.000000
vt -0.000000 1.974558
vt 0.997977 1.974558
vt 0.997977 2.000000
vt -0.000000 2.000000
vt 0.000000 1.000000
vt 1.000000 1.000000
vt 1.000000 2.000000
vt 0.000000 2.000000
vt -0.029935 0.996833
vt 0.024696 0.996833
vt 0.024696 2.000000
vt -0.029935 2.000000
vt 0.000000 1.000000
vt 1.000000 1.000000
vt 1.000000 2.000000
vt 0.000000 2.000000
vt -0.029935 0.996833
vt 0.024696 0.996833
vt 0.024696 2.000000
vt -0.029935 2.000000
vt 0.861774 1.000000
vt 1.000000 1.000000
vt 1.000000 1.140751
vt 0.861774 1.140751
vt 0.866180 1.000000
vt 0.997442 1.000000
vt 0.997442 1.140745
vt 0.866180 1.140745
vt 0.866180 1.000000
vt 0.997442 1.000000
vt 0.997442 1.140745
vt 0.866180 1.140745
vt 0.866180 1.000000
vt 0.997442 1.000000
vt 0.997442 1.140745
vt 0.866180 1.140745
vt 0.866180 1.000000
vt 0.997442 1.000000
vt 0.997442 1.140745
vt 0.866180 1.140745
vt 0.861774 1.000000
vt 1.000000 1.000000
vt 1.000000 1.140751
vt 0.861774 1.140751
vt 0.866180 1.000000
vt 0.997442 1.000000
vt 0.997442 1.140745
vt 0.866180 1.140745
vt 0.866180 1.000000
vt 0.997442 1.000000
vt 0.997442 1.140745
vt 0.866180 1.140745
vt 0.866180 1.000000
vt 0.997442 1.000000
vt 0.997442 1.140745
vt 0.866180 1.140745
vt 0.866180 1.000000
vt 0.997442 1.000000
vt 0.997442 1.140745
vt 0.866180 1.140745
vt 0.861774 1.000000
vt 1.000000 1.000000
vt 1.000000 1.140751
vt 0.861774 1.140751
vt 0.866180 1.000000
vt 0.997442 1.000000
vt 0.997442 1.140745
vt 0.866180 1.140745
vt 0.866180 1.000000
vt 0.997442 1.000000
vt 0.997442 1.140745
vt 0.866180 1.140745
vt 0.866180 1.000000
vt 0.997442 1.000000
vt 0.997442 1.140745
vt 0.866180 1.140745
vt 0.866180 1.000000
vt 0.997442 1.000000
vt 0.997442 1.140745
vt 0.866180 1.140745
vt -0.000000 1.974558
vt 0.997977 1.974558
vt 0.997977 2.000000
vt -0.000000 2.000000
vt 0.000000 1.000000
vt 1.000000 1.000000
vt 1.000000 2.000000
vt 0.000000 2.000000
vt -0.029935 0.996833
vt 0.024696 0.996833
vt 0.024696 2.000000
vt -0.029935 2.000000
vt 0.000000 1.000000
vt 1.000000 1.000000
vt 1.000000 2.000000
vt 0.000000 2.000000
vt -0.029935 0.996833
vt 0.024696 0.996833
vt 0.024696 2.000000
vt -0.029935 2.000000
vt 0.861774 1.000000
vt 1.000000 1.000000
vt 1.000000 1.140751
vt 0.861774 1.140751
vt 0.866180 1.000000
vt 0.997442 1.000000
vt 0.997442 1.140745
vt 0.866180 1.140745
vt 0.866180 1.000000
vt 0.997442 1.000000
vt 0.997442 1.140745
vt 0.866180 1.140745
vt 0.866180 1.000000
vt 0.997442 1.000000
vt 0.997442 1.140745
vt 0.866180 1.140745
vt 0.866180 1.000000
vt 0.997442 1.000000
vt 0.997442 1.140745
vt 0.866180 1.140745
vt -0.000000 1.974558
vt 0.997977 1.974558
vt 0.997977 2.000000
vt -0.000000 2.000000
vt 0.000000 1.000000
vt 1.000000 1.000000
vt 1.000000 2.000000
vt 0.000000 2.000000
vt -0.029935 0.996833
vt 0.024696 0.996833
vt 0.024696 2.000000
vt -0.029935 2.000000
vt 0.000000 1.000000
vt 1.000000 1.000000
vt 1.000000 2.000000
vt 0.000000 2.000000
vt -0.029935 0.996833
vt 0.024696 0.996833
vt 0.024696 2.000000
vt -0.029935 2.000000
vt 0.861774 1.000000
vt 1.000000 1.000000
vt 1.000000 1.140751
vt 0.861774 1.140751
vt 0.866180 1.000000
vt 0.997442 1.000000
vt 0.997442 1.140745
vt 0.866180 1.140745
vt 0.866180 1.000000
vt 0.997442 1.000000
vt 0.997442 1.140745
vt 0.866180 1.140745
vt 0.866180 1.000000
vt 0.997442 1.000000
vt 0.997442 1.140745
vt 0.866180 1.140745
vt 0.866180 1.000000
vt 0.997442 1.000000
vt 0.997442 1.140745
vt 0.866180 1.140745
vt -0.000000 1.974558
vt 0.997977 1.974558
vt 0.997977 2.000000
vt -0.000000 2.000000
vt 0.000000 1.000000
vt 1.000000 1.000000
vt 1.000000 2.000000
vt 0.000000 2.000000
vt -0.029935 0.996833
vt 0.024696 0.996833
vt 0.024696 2.000000
vt -0.029935 2.000000
vt 0.000000 1.000000
vt 1.000000 1.000000
vt 1.000000 2.000000
vt 0.000000 2.000000
vt -0.029935 0.996833
vt 0.024696 0.996833
vt 0.024696 2.000000
vt -0.029935 2.000000
vt -0.000000 1.974558
vt 0.997977 1.974558
vt 0.997977 2.000000
vt -0.000000 2.000000
vt 0.000000 1.000000
vt 1.000000 1.000000
vt 1.000000 2.000000
vt 0.000000 2.000000
vt -0.029935 0.996833
vt 0.024696 0.996833
vt 0.024696 2.000000
vt -0.029935 2.000000
vt 0.000000 1.000000
vt 1.000000 1.000000
vt 1.000000 2.000000
vt 0.000000 2.000000
vt -0.029935 0.996833
vt 0.024696 0.996833
vt 0.024696 2.000000
vt -0.029935 2.000000
vt -0.000000 1.974558
vt 0.997977 1.974558
vt 0.997977 2.000000
vt -0.000000 2.000000
vt 0.000000 1.000000
vt 1.000000 1.000000
vt 1.000000 2.000000
vt 0.000000 2.000000
vt -0.029935 0.996833
vt 0.024696 0.996833
vt 0.024696 2.000000
vt -0.029935 2.000000
vt 0.000000 1.000000
vt 1.000000 1.000000
vt 1.000000 2.000000
vt 0.000000 2.000000
vt -0.029935 0.996833
vt 0.024696 0.996833
vt 0.024696 2.000000
vt -0.029935 2.000000
vt 0.861774 1.000000
vt 1.000000 1.000000
vt 1.000000 1.140751
vt 0.861774 1.140751
vt 0.866180 1.000000
vt 0.997442 1.000000
vt 0.997442 1.140745
vt 0.866180 1.140745
vt 0.866180 1.000000
vt 0.997442 1.000000
vt 0.997442 1.140745
vt 0.866180 1.140745
vt 0.866180 1.000000
vt 0.997442 1.000000
vt 0.997442 1.140745
vt 0.866180 1.140745
vt 0.866180 1.000000
vt 0.997442 1.000000
vt 0.997442 1.140745
vt 0.866180 1.140745
vt -0.000000 1.974558
vt 0.997977 1.974558
vt 0.997977 2.000000
vt -0.000000 2.000000
vt 0.000000 1.000000
vt 1.000000 1.000000
vt 1.000000 2.000000
vt 0.000000 2.000000
vt -0.029935 0.996833
vt 0.024696 0.996833
vt 0.024696 2.000000
vt -0.029935 2.000000
vt 0.000000 1.000000
vt 1.000000 1.000000
vt 1.000000 2.000000
vt 0.000000 2.000000
vt -0.029935 0.996833
vt 0.024696 0.996833
vt 0.024696 2.000000
vt -0.029935 2.000000
vt 0.861774 1.000000
vt 1.000000 1.000000
vt 1.000000 1.140751
vt 0.861774 1.140751
vt 0.866180 1.000000
vt 0.997442 1.000000
vt 0.997442 1.140745
vt 0.866180 1.140745
vt 0.866180 1.000000
vt 0.997442 1.000000
vt 0.997442 1.140745
vt 0.866180 1.140745
vt 0.866180 1.000000
vt 0.997442 1.000000
vt 0.997442 1.140745
vt 0.866180 1.140745
vt 0.866180 1.000000
vt 0.997442 1.000000
vt 0.997442 1.140745
vt 0.866180 1.140745
vt 0.861774 1.000000
vt 1.000000 1.000000
vt 1.000000 1.140751
vt 0.861774 1.140751
vt 0.866180 1.000000
vt 0.997442 1.000000
vt 0.997442 1.140745
vt 0.866180 1.140745
vt 0.866180 1.000000
vt 0.997442 1.000000
vt 0.997442 1.140745
vt 0.866180 1.140745
vt 0.866180 1.000000
vt 0.997442 1.000000
vt 0.997442 1.140745
vt 0.866180 1.140745
vt 0.866180 1.000000
vt 0.997442 1.000000
vt 0.997442 1.140745
vt 0.866180 1.140745
vt -0.000000 1.974558
vt 0.997977 1.974558
vt 0.997977 2.000000
vt -0.000000 2.000000
vt 0.000000 1.000000
vt 1.000000 1.000000
vt 1.000000 2.000000
vt 0.000000 2.000000
vt -0.029935 0.996833
vt 0.024696 0.996833
vt 0.024696 2.000000
vt -0.029935 2.000000
vt 0.000000 1.000000
vt 1.000000 1.000000
vt 1.000000 2.000000
vt 0.000000 2.000000
vt -0.029935 0.996833
vt 0.024696 0.996833
vt 0.024696 2.000000
vt -0.029935 2.000000
vt -0.000000 1.974558
vt 0.997977 1.974558
vt 0.997977 2.000000
vt -0.000000 2.000000
vt 0.000000 1.000000
vt 1.000000 1.000000
vt 1.000000 2.000000
vt 0.000000 2.000000
vt -0.029935 0.996833
vt 0.024696 0.996833
vt 0.024696 2.000000
vt -0.029935 2.000000
vt 0.000000 1.000000
vt 1.000000 1.000000
vt 1.000000 2.000000
vt 0.000000 2.000000
vt -0.029935 0.996833
vt 0.024696 0.996833
vt 0.024696 2.000000
vt -0.029935 2.000000
vn 0.9239 0.0000 -0.3828
vn 0.9239 -0.0000 -0.3826
vn 0.3827 -0.0000 -0.9239
vn -0.3827 0.0000 -0.9239
vn -0.9239 -0.0000 -0.3826
vn -0.9239 0.0000 -0.3828
vn -0.9239 0.0000 0.3826
vn -0.9239 -0.0000 0.3828
vn -0.3827 0.0000 0.9239
vn -0.3828 -0.0000 0.9239
vn 0.3827 -0.0000 0.9239
vn 0.9239 0.0000 0.3828
vn 0.9239 -0.0000 0.3826
vn 0.0000 1.0000 0.0000
vn 0.3826 -0.0000 -0.9239
vn 0.3828 0.0000 -0.9238
vn -0.3826 0.0000 -0.9239
vn -0.3828 -0.0000 -0.9238
vn -0.3828 0.0000 0.9238
vn -0.3826 0.0000 0.9239
vn 0.3826 0.0000 0.9239
vn 0.3828 0.0000 0.9238
vn 0.9239 0.0000 -0.3827
vn -0.9239 0.0000 -0.3827
vn -0.9238 -0.0000 0.3828
vn 0.9239 0.0000 0.3827
vn 0.0000 0.0000 1.0000
vn 0.0000 -1.0000 0.0000
vn 0.0000 0.0000 -1.0000
vn -1.0000 0.0000 0.0000
vn 1.0000 0.0000 0.0000
vn -1.0000 -0.0005 0.0000
vn -1.0000 0.0008 0.0000
vn 0.3828 0.0000 -0.9239
vn 0.9238 0.0000 0.3828
vn -0.9988 0.0000 -0.0498
vn 0.9988 0.0002 0.0491
vn 0.9988 0.0000 0.0491
vn 0.0000 0.0001 -1.0000
vn -0.9985 0.0000 -0.0545
vn 0.9985 0.0002 0.0545
vn 0.9985 0.0000 0.0545
vn 0.9985 -0.0002 0.0545
vn 0.0049 0.0000 -1.0000
vn 0.0000 1.0000 -0.0001
vn 0.0030 0.0000 1.0000
vn -0.9987 0.0000 -0.0501
vn 0.9987 0.0000 0.0501
vn -0.9962 0.0000 -0.0867
vn 0.9962 0.0000 0.0867
vn -0.9962 0.0000 -0.0868
vn -0.9929 0.0000 -0.1188
vn 0.9929 0.0000 0.1190
vn -0.9239 0.0000 0.3827
vn -0.0000 1.0000 0.0001
vn 0.0000 1.0000 0.0002
vn -0.9238 0.0000 -0.3828
vn -0.3825 0.0000 -0.9240
vn -0.3825 0.0000 0.9240
vn 0.3825 0.0000 0.9240
vn 0.3825 0.0000 -0.9240
vn -0.3828 0.0000 -0.9239
vn 0.9238 0.0000 -0.3828
vn -1.0000 -0.0011 0.0000
vn -1.0000 0.0010 0.0000
vn -0.0000 -1.0000 0.0004
vn 0.0000 -1.0000 0.0001
vn 0.0000 -1.0000 -0.0001
vn 0.0000 -1.0000 -0.0003
vn -0.0001 0.0000 1.0000
vn -0.9986 -0.0000 -0.0525
vn 0.9986 0.0000 0.0525
vn 0.0012 0.0000 -1.0000
vn -0.0012 0.0000 1.0000
vn 0.9929 0.0000 0.1188
vn -0.0002 0.0000 1.0000
vn 0.0002 0.0000 -1.0000
vn 0.0001 0.0000 -1.0000
vn 1.0000 0.0000 0.0001
vn -1.0000 0.0000 -0.0001
vn 0.0000 0.1487 0.9889
vn 0.9888 0.1490 0.0000
vn 0.0000 0.1869 -0.9824
vn -0.9888 0.1490 0.0000
vn 0.0000 0.9140 -0.4057
vn 0.0000 0.4057 0.9140
vn 0.0000 -0.4057 -0.9140
vn 0.0000 0.1870 -0.9824
vn -0.9889 0.1487 0.0000
vn 0.0000 0.1490 0.9888
vn 0.9824 0.1869 0.0000
vn 0.0000 0.1490 -0.9888
vn 0.9824 0.1870 0.0000
vn -0.9889 0.1488 0.0000
vn 0.0000 0.1487 -0.9889
vn 0.0000 0.1869 0.9824
vn 0.0000 0.1870 0.9824
vn 0.9889 0.1487 0.0000
vn -0.9824 0.1869 0.0000
vn -0.9824 0.1870 0.0000
usemtl None
s 1
f 209/1/1 210/2/1 211/3/1
f 212/4/2 213/5/2 214/6/2
f 215/7/3 216/8/3 217/9/3
f 218/10/3 219/11/3 220/12/3
f 221/13/4 222/14/4 223/15/4
f 224/16/4 225/17/4 226/18/4
f 227/19/5 228/20/5 229/21/5
f 230/22/6 231/23/6 232/24/6
f 233/25/7 234/26/7 235/27/7
f 236/28/8 237/29/8 238/30/8
f 239/31/9 240/32/9 241/33/9
f 242/34/10 243/35/10 244/36/10
f 245/37/11 246/38/11 247/39/11
f 248/40/11 249/41/11 250/42/11
f 251/43/12 252/44/12 253/45/12
f 254/46/13 255/47/13 256/48/13
f 257/49/14 258/50/14 259/51/14
f 260/52/14 261/53/14 262/54/14
f 263/55/14 264/56/14 265/57/14
f 266/58/14 267/59/14 268/60/14
f 269/61/14 270/62/14 271/63/14
f 272/64/14 273/65/14 274/66/14
f 275/67/1 276/68/1 277/69/1
f 278/70/2 279/71/2 280/72/2
f 281/73/15 282/74/15 283/75/15
f 284/76/16 285/77/16 286/78/16
f 287/79/17 288/80/17 289/81/17
f 290/82/18 291/83/18 292/84/18
f 293/85/5 294/86/5 295/87/5
f 296/88/6 297/89/6 298/90/6
f 299/91/7 300/92/7 301/93/7
f 302/94/8 303/95/8 304/96/8
f 305/97/19 306/98/19 307/99/19
f 308/100/20 309/101/20 310/102/20
f 311/103/21 312/104/21 313/105/21
f 314/106/22 315/107/22 316/108/22
f 317/109/12 318/110/12 319/111/12
f 320/112/13 321/113/13 322/114/13
f 323/115/14 324/116/14 325/117/14
f 326/118/14 327/119/14 328/120/14
f 329/121/14 330/122/14 331/123/14
f 332/124/14 333/125/14 334/126/14
f 335/127/14 336/128/14 337/129/14
f 338/130/14 339/131/14 340/132/14
f 341/133/1 342/134/1 343/135/1
f 344/136/2 345/137/2 346/138/2
f 347/139/15 348/140/15 349/141/15
f 350/142/15 351/143/15 352/144/15
f 353/145/17 354/146/17 355/147/17
f 356/148/17 357/149/17 358/150/17
f 359/151/5 360/152/5 361/153/5
f 362/154/6 363/155/6 364/156/6
f 365/157/7 366/158/7 367/159/7
f 368/160/8 369/161/8 370/162/8
f 371/163/9 372/164/9 373/165/9
f 374/166/20 375/167/20 376/168/20
f 377/169/21 378/170/21 379/171/21
f 380/172/11 381/173/11 382/174/11
f 383/175/12 384/176/12 385/177/12
f 386/178/13 387/179/13 388/180/13
f 389/181/14 390/182/14 391/183/14
f 392/184/14 393/185/14 394/186/14
f 395/187/14 396/188/14 397/189/14
f 398/190/14 399/191/14 400/192/14
f 401/193/14 402/194/14 403/195/14
f 404/196/14 405/197/14 406/198/14
f 407/199/2 408/200/2 409/201/2
f 410/202/2 411/203/2 412/204/2
f 413/205/15 414/206/15 415/207/15
f 416/208/16 417/209/16 418/210/16
f 419/211/17 420/212/17 421/213/17
f 422/214/18 423/215/18 424/216/18
f 425/217/5 426/218/5 427/219/5
f 428/220/5 429/221/5 430/222/5
f 431/223/7 432/224/7 433/225/7
f 434/226/7 435/227/7 436/228/7
f 437/229/19 438/230/19 439/231/19
f 440/232/20 441/233/20 442/234/20
f 443/235/21 444/236/21 445/237/21
f 446/238/22 447/239/22 448/240/22
f 449/241/13 450/242/13 451/243/13
f 452/244/13 453/245/13 454/246/13
f 455/247/14 456/248/14 457/249/14
f 458/250/14 459/251/14 460/252/14
f 461/253/14 462/254/14 463/255/14
f 464/256/14 465/257/14 466/258/14
f 467/259/14 468/260/14 469/261/14
f 470/262/14 471/263/14 472/264/14
f 473/265/1 474/266/1 475/267/1
f 476/268/1 477/269/1 478/270/1
f 479/271/3 480/272/3 481/273/3
f 482/274/16 483/275/16 484/276/16
f 485/277/17 486/278/17 487/279/17
f 488/280/18 489/281/18 490/282/18
f 491/283/6 492/284/6 493/285/6
f 494/286/6 495/287/6 496/288/6
f 497/289/8 498/290/8 499/291/8
f 500/292/8 501/293/8 502/294/8
f 503/295/19 504/296/19 505/297/19
f 506/298/20 507/299/20 508/300/20
f 509/301/11 510/302/11 511/303/11
f 512/304/22 513/305/22 514/306/22
f 515/307/12 516/308/12 517/309/12
f 518/310/12 519/311/12 520/312/12
f 521/313/14 522/314/14 523/315/14
f 524/316/14 525/317/14 526/318/14
f 527/319/14 528/320/14 529/321/14
f 530/322/14 531/323/14 532/324/14
f 533/325/14 534/326/14 535/327/14
f 536/328/14 537/329/14 538/330/14
f 539/331/1 540/332/1 541/333/1
f 542/334/1 543/335/1 544/336/1
f 545/337/3 546/338/3 547/339/3
f 548/340/16 549/341/16 550/342/16
f 551/343/17 552/344/17 553/345/17
f 554/346/18 555/347/18 556/348/18
f 557/349/6 558/350/6 559/351/6
f 560/352/6 561/353/6 562/354/6
f 563/355/8 564/356/8 565/357/8
f 566/358/8 567/359/8 568/360/8
f 569/361/19 570/362/19 571/363/19
f 572/364/20 573/365/20 574/366/20
f 575/367/11 576/368/11 577/369/11
f 578/370/22 579/371/22 580/372/22
f 581/373/12 582/374/12 583/375/12
f 584/376/12 585/377/12 586/378/12
f 587/379/14 588/380/14 589/381/14
f 590/382/14 591/383/14 592/384/14
f 593/385/14 594/386/14 595/387/14
f 596/388/14 597/389/14 598/390/14
f 599/391/14 600/392/14 601/393/14
f 602/394/14 603/395/14 604/396/14
f 605/397/2 606/398/2 607/399/2
f 608/400/2 609/401/2 610/402/2
f 611/403/15 612/404/15 613/405/15
f 614/406/16 615/407/16 616/408/16
f 617/409/17 618/410/17 619/411/17
f 620/412/18 621/413/18 622/414/18
f 623/415/5 624/416/5 625/417/5
f 626/418/5 627/419/5 628/420/5
f 629/421/7 630/422/7 631/423/7
f 632/424/7 633/425/7 634/426/7
f 635/427/19 636/428/19 637/429/19
f 638/430/20 639/431/20 640/432/20
f 641/433/21 642/434/21 643/435/21
f 644/436/22 645/437/22 646/438/22
f 647/439/13 648/440/13 649/441/13
f 650/442/13 651/443/13 652/444/13
f 653/445/14 654/446/14 655/447/14
f 656/448/14 657/449/14 658/450/14
f 659/451/14 660/452/14 661/453/14
f 662/454/14 663/455/14 664/456/14
f 665/457/14 666/458/14 667/459/14
f 668/460/14 669/461/14 670/462/14
f 671/463/1 672/464/1 673/465/1
f 674/466/1 675/467/1 676/468/1
f 677/469/15 678/470/15 679/471/15
f 680/472/16 681/473/16 682/474/16
f 683/475/17 684/476/17 685/477/17
f 686/478/18 687/479/18 688/480/18
f 689/481/5 690/482/5 691/483/5
f 692/484/5 693/485/5 694/486/5
f 695/487/7 696/488/7 697/489/7
f 698/490/7 699/491/7 700/492/7
f 701/493/19 702/494/19 703/495/19
f 704/496/20 705/497/20 706/498/20
f 707/499/21 708/500/21 709/501/21
f 710/502/22 711/503/22 712/504/22
f 713/505/12 714/506/12 715/507/12
f 716/508/12 717/509/12 718/510/12
f 719/511/14 720/512/14 721/513/14
f 722/514/14 723/515/14 724/516/14
f 725/517/14 726/518/14 727/519/14
f 728/520/14 729/521/14 730/522/14
f 731/523/14 732/524/14 733/525/14
f 734/526/14 735/527/14 736/528/14
f 737/529/1 738/530/1 739/531/1
f 740/532/2 741/533/2 742/534/2
f 743/535/15 744/536/15 745/537/15
f 746/538/16 747/539/16 748/540/16
f 749/541/17 750/542/17 751/543/17
f 752/544/18 753/545/18 754/546/18
f 755/547/5 756/548/5 757/549/5
f 758/550/5 759/551/5 760/552/5
f 761/553/7 762/554/7 763/555/7
f 764/556/7 765/557/7 766/558/7
f 767/559/19 768/560/19 769/561/19
f 770/562/20 771/563/20 772/564/20
f 773/565/21 774/566/21 775/567/21
f 776/568/22 777/569/22 778/570/22
f 779/571/12 780/572/12 781/573/12
f 782/574/13 783/575/13 784/576/13
f 785/577/14 786/578/14 787/579/14
f 788/580/14 789/581/14 790/582/14
f 791/583/14 792/584/14 793/585/14
f 794/586/14 795/587/14 796/588/14
f 797/589/14 798/590/14 799/591/14
f 800/592/14 801/593/14 802/594/14
f 803/595/1 804/596/1 805/597/1
f 806/598/2 807/599/2 808/600/2
f 809/601/15 810/602/15 811/603/15
f 812/604/15 813/605/15 814/606/15
f 815/607/17 816/608/17 817/609/17
f 818/610/17 819/611/17 820/612/17
f 821/613/5 822/614/5 823/615/5
f 824/616/6 825/617/6 826/618/6
f 827/619/7 828/620/7 829/621/7
f 830/622/8 831/623/8 832/624/8
f 833/625/19 834/626/19 835/627/19
f 836/628/20 837/629/20 838/630/20
f 839/631/21 840/632/21 841/633/21
f 842/634/22 843/635/22 844/636/22
f 845/637/12 846/638/12 847/639/12
f 848/640/13 849/641/13 850/642/13
f 851/643/14 852/644/14 853/645/14
f 854/646/14 855/647/14 856/648/14
f 857/649/14 858/650/14 859/651/14
f 860/652/14 861/653/14 862/654/14
f 863/655/14 864/656/14 865/657/14
f 866/658/14 867/659/14 868/660/14
f 869/661/1 870/662/1 871/663/1
f 872/664/23 873/665/23 874/666/23
f 875/667/3 876/668/3 877/669/3
f 878/670/3 879/671/3 880/672/3
f 881/673/4 882/674/4 883/675/4
f 884/676/4 885/677/4 886/678/4
f 887/679/24 888/680/24 889/681/24
f 890/682/6 891/683/6 892/684/6
f 893/685/7 894/686/7 895/687/7
f 896/688/8 897/689/8 898/690/8
f 899/691/20 900/692/20 901/693/20
f 902/694/9 903/695/9 904/696/9
f 905/697/11 906/698/11 907/699/11
f 908/700/21 909/701/21 910/702/21
f 911/703/12 912/704/12 913/705/12
f 914/706/13 915/707/13 916/708/13
f 917/709/14 918/710/14 919/711/14
f 920/712/14 921/713/14 922/714/14
f 923/715/14 924/716/14 925/717/14
f 926/718/14 927/719/14 928/720/14
f 929/721/14 930/722/14 931/723/14
f 932/724/14 933/725/14 934/726/14
f 935/727/1 936/728/1 937/729/1
f 938/730/2 939/731/2 940/732/2
f 941/733/16 942/734/16 943/735/16
f 944/736/15 945/737/15 946/738/15
f 947/739/18 948/740/18 949/741/18
f 950/742/17 951/743/17 952/744/17
f 953/745/5 954/746/5 955/747/5
f 956/748/6 957/749/6 958/750/6
f 959/751/7 960/752/7 961/753/7
f 962/754/8 963/755/8 964/756/8
f 965/757/20 966/758/20 967/759/20
f 968/760/20 969/761/20 970/762/20
f 971/763/21 972/764/21 973/765/21
f 974/766/21 975/767/21 976/768/21
f 977/769/12 978/770/12 979/771/12
f 980/772/13 981/773/13 982/774/13
f 983/775/14 984/776/14 985/777/14
f 986/778/14 987/779/14 988/780/14
f 989/781/14 990/782/14 991/783/14
f 992/784/14 993/785/14 994/786/14
f 995/787/14 996/788/14 997/789/14
f 998/790/14 999/791/14 1000/792/14
f 1001/793/1 1002/794/1 1003/795/1
f 1004/796/2 1005/797/2 1006/798/2
f 1007/799/15 1008/800/15 1009/801/15
f 1010/802/3 1011/803/3 1012/804/3
f 1013/805/4 1014/806/4 1015/807/4
f 1016/808/17 1017/809/17 1018/810/17
f 1019/811/5 1020/812/5 1021/813/5
f 1022/814/6 1023/815/6 1024/816/6
f 1025/817/7 1026/818/7 1027/819/7
f 1028/820/8 1029/821/8 1030/822/8
f 1031/823/20 1032/824/20 1033/825/20
f 1034/826/9 1035/827/9 1036/828/9
f 1037/829/11 1038/830/11 1039/831/11
f 1040/832/21 1041/833/21 1042/834/21
f 1043/835/12 1044/836/12 1045/837/12
f 1046/838/13 1047/839/13 1048/840/13
f 1049/841/14 1050/842/14 1051/843/14
f 1052/844/14 1053/845/14 1054/846/14
f 1055/847/14 1056/848/14 1057/849/14
f 1058/850/14 1059/851/14 1060/852/14
f 1061/853/14 1062/854/14 1063/855/14
f 1064/856/14 1065/857/14 1066/858/14
f 1067/859/1 1068/860/1 1069/861/1
f 1070/862/2 1071/863/2 1072/864/2
f 1073/865/3 1074/866/3 1075/867/3
f 1076/868/3 1077/869/3 1078/870/3
f 1079/871/4 1080/872/4 1081/873/4
f 1082/874/4 1083/875/4 1084/876/4
f 1085/877/5 1086/878/5 1087/879/5
f 1088/880/6 1089/881/6 1090/882/6
f 1091/883/7 1092/884/7 1093/885/7
f 1094/886/25 1095/887/25 1096/888/25
f 1097/889/9 1098/890/9 1099/891/9
f 1100/892/9 1101/893/9 1102/894/9
f 1103/895/11 1104/896/11 1105/897/11
f 1106/898/11 1107/899/11 1108/900/11
f 1109/901/12 1110/902/12 1111/903/12
f 1112/904/26 1113/905/26 1114/906/26
f 1115/907/14 1116/908/14 1117/909/14
f 1118/910/14 1119/911/14 1120/912/14
f 1121/913/14 1122/914/14 1123/915/14
f 1124/916/14 1125/917/14 1126/918/14
f 1127/919/14 1128/920/14 1129/921/14
f 1130/922/14 1131/923/14 1132/924/14
f 1133/925/1 1134/926/1 1135/927/1
f 1136/928/2 1137/929/2 1138/930/2
f 1139/931/3 1140/932/3 1141/933/3
f 1142/934/3 1143/935/3 1144/936/3
f 1145/937/4 1146/938/4 1147/939/4
f 1148/940/4 1149/941/4 1150/942/4
f 1151/943/5 1152/944/5 1153/945/5
f 1154/946/6 1155/947/6 1156/948/6
f 1157/949/7 1158/950/7 1159/951/7
f 1160/952/8 1161/953/8 1162/954/8
f 1163/955/9 1164/956/9 1165/957/9
f 1166/958/9 1167/959/9 1168/960/9
f 1169/961/11 1170/962/11 1171/963/11
f 1172/964/11 1173/965/11 1174/966/11
f 1175/967/12 1176/968/12 1177/969/12
f 1178/970/13 1179/971/13 1180/972/13
f 1181/973/14 1182/974/14 1183/975/14
f 1184/976/14 1185/977/14 1186/978/14
f 1187/979/14 1188/980/14 1189/981/14
f 1190/982/14 1191/983/14 1192/984/14
f 1193/985/14 1194/986/14 1195/987/14
f 1196/988/14 1197/989/14 1198/990/14
f 1199/991/1 1200/992/1 1201/993/1
f 1202/994/2 1203/995/2 1204/996/2
f 1205/997/3 1206/998/3 1207/999/3
f 1208/1000/3 1209/1001/3 1210/1002/3
f 1211/1003/4 1212/1004/4 1213/1005/4
f 1214/1006/4 1215/1007/4 1216/1008/4
f 1217/1009/5 1218/1010/5 1219/1011/5
f 1220/1012/6 1221/1013/6 1222/1014/6
f 1223/1015/7 1224/1016/7 1225/1017/7
f 1226/1018/8 1227/1019/8 1228/1020/8
f 1229/1021/9 1230/1022/9 1231/1023/9
f 1232/1024/9 1233/1025/9 1234/1026/9
f 1235/1027/11 1236/1028/11 1237/1029/11
f 1238/1030/11 1239/1031/11 1240/1032/11
f 1241/1033/12 1242/1034/12 1243/1035/12
f 1244/1036/13 1245/1037/13 1246/1038/13
f 1247/1039/14 1248/1040/14 1249/1041/14
f 1250/1042/14 1251/1043/14 1252/1044/14
f 1253/1045/14 1254/1046/14 1255/1047/14
f 1256/1048/14 1257/1049/14 1258/1050/14
f 1259/1051/14 1260/1052/14 1261/1053/14
f 1262/1054/14 1263/1055/14 1264/1056/14
f 1265/1057/27 1266/1058/27 1267/1059/27
f 1268/1060/27 1269/1061/27 1270/1062/27
f 1271/1063/28 1272/1064/28 1273/1065/28
f 1274/1066/28 1275/1067/28 1276/1068/28
f 1277/1069/29 1278/1070/29 1279/1071/29
f 1280/1072/29 1281/1073/29 1282/1074/29
f 1283/1075/14 1284/1076/14 1285/1077/14
f 1286/1078/14 1287/1079/14 1288/1080/14
f 1289/1081/30 1290/1082/30 1291/1083/30
f 1292/1084/30 1293/1085/30 1294/1086/30
f 1295/1087/28 1296/1088/28 1297/1089/28
f 1298/1090/28 1299/1091/28 1300/1092/28
f 1301/1093/31 1302/1094/31 1303/1095/31
f 1304/1096/31 1305/1097/31 1306/1098/31
f 1307/1099/14 1308/1100/14 1309/1101/14
f 1310/1102/14 1311/1103/14 1312/1104/14
f 1313/1105/32 1314/1106/33 1315/1107/33
f 1315/1107/33 1316/1108/32 1313/1105/32
f 1317/1109/30 1318/1110/30 1319/1111/30
f 1319/1111/30 1320/1112/30 1317/1109/30
f 1321/1113/28 1322/1114/28 1323/1115/28
f 1323/1115/28 1324/1116/28 1321/1113/28
f 1325/1117/28 1326/1118/28 1327/1119/28
f 1327/1119/28 1328/1120/28 1325/1117/28
f 1329/1121/31 1330/1122/31 1331/1123/31
f 1331/1123/31 1332/1124/31 1329/1121/31
f 1333/1125/31 1334/1126/31 1335/1127/31
f 1335/1127/31 1336/1128/31 1333/1125/31
f 1337/1129/14 1338/1130/14 1339/1131/14
f 1339/1131/14 1340/1132/14 1337/1129/14
f 1341/1133/14 1342/1134/14 1343/1135/14
f 1343/1135/14 1344/1136/14 1341/1133/14
f 1345/1137/30 1346/1138/30 1347/1139/30
f 1348/1140/30 1349/1141/30 1350/1142/30
f 1351/1143/28 1352/1144/28 1353/1145/28
f 1354/1146/28 1355/1147/28 1356/1148/28
f 1357/1149/31 1358/1150/31 1359/1151/31
f 1360/1152/31 1361/1153/31 1362/1154/31
f 1363/1155/14 1364/1156/14 1365/1157/14
f 1366/1158/14 1367/1159/14 1368/1160/14
f 1369/1161/27 1370/1162/27 1371/1163/27
f 1372/1164/27 1373/1165/27 1374/1166/27
f 1375/1167/28 1376/1168/28 1377/1169/28
f 1378/1170/28 1379/1171/28 1380/1172/28
f 1381/1173/29 1382/1174/29 1383/1175/29
f 1384/1176/29 1385/1177/29 1386/1178/29
f 1387/1179/14 1388/1180/14 1389/1181/14
f 1390/1182/14 1391/1183/14 1392/1184/14
f 1393/1185/30 1394/1186/30 1395/1187/30
f 1396/1188/30 1397/1189/30 1398/1190/30
f 1399/1191/28 1400/1192/28 1401/1193/28
f 1402/1194/28 1403/1195/28 1404/1196/28
f 1405/1197/31 1406/1198/31 1407/1199/31
f 1408/1200/31 1409/1201/31 1410/1202/31
f 1411/1203/14 1412/1204/14 1413/1205/14
f 1414/1206/14 1415/1207/14 1416/1208/14
f 1417/1209/30 1418/1210/30 1419/1211/30
f 1419/1211/30 1420/1212/30 1417/1209/30
f 1421/1213/30 1422/1214/30 1423/1215/30
f 1423/1215/30 1424/1216/30 1421/1213/30
f 1425/1217/28 1426/1218/28 1427/1219/28
f 1427/1219/28 1428/1220/28 1425/1217/28
f 1429/1221/28 1430/1222/28 1431/1223/28
f 1431/1223/28 1432/1224/28 1429/1221/28
f 1433/1225/31 1434/1226/31 1435/1227/31
f 1435/1227/31 1436/1228/31 1433/1225/31
f 1437/1229/31 1438/1230/31 1439/1231/31
f 1439/1231/31 1440/1232/31 1437/1229/31
f 1441/1233/14 1442/1234/14 1443/1235/14
f 1443/1235/14 1444/1236/14 1441/1233/14
f 1445/1237/14 1446/1238/14 1447/1239/14
f 1447/1239/14 1448/1240/14 1445/1237/14
f 1449/1241/30 1450/1242/30 1451/1243/30
f 1452/1244/30 1453/1245/30 1454/1246/30
f 1455/1247/28 1456/1248/28 1457/1249/28
f 1458/1250/28 1459/1251/28 1460/1252/28
f 1461/1253/31 1462/1254/31 1463/1255/31
f 1464/1256/31 1465/1257/31 1466/1258/31
f 1467/1259/14 1468/1260/14 1469/1261/14
f 1470/1262/14 1471/1263/14 1472/1264/14
f 1473/1265/30 1474/1266/30 1475/1267/30
f 1476/1268/28 1477/1269/28 1478/1270/28
f 1479/1271/31 1480/1272/31 1481/1273/31
f 1482/1274/14 1483/1275/14 1484/1276/14
f 1485/1277/30 1486/1278/30 1487/1279/30
f 1488/1280/28 1489/1281/28 1490/1282/28
f 1491/1283/31 1492/1284/31 1493/1285/31
f 1494/1286/14 1495/1287/14 1496/1288/14
f 1497/1289/30 1498/1290/30 1499/1291/30
f 1500/1292/28 1501/1293/28 1502/1294/28
f 1503/1295/31 1504/1296/31 1505/1297/31
f 1506/1298/14 1507/1299/14 1508/1300/14
f 1509/1301/30 1510/1302/30 1511/1303/30
f 1512/1304/28 1513/1305/28 1514/1306/28
f 1515/1307/31 1516/1308/31 1517/1309/31
f 1518/1310/14 1519/1311/14 1520/1312/14
f 1521/1313/1 1522/1314/1 1523/1315/1
f 1524/1316/2 1525/1317/2 1526/1318/2
f 1527/1319/3 1528/1320/3 1529/1321/3
f 1530/1322/3 1531/1323/3 1532/1324/3
f 1533/1325/4 1534/1326/4 1535/1327/4
f 1536/1328/4 1537/1329/4 1538/1330/4
f 1539/1331/5 1540/1332/5 1541/1333/5
f 1542/1334/6 1543/1335/6 1544/1336/6
f 1545/1337/7 1546/1338/7 1547/1339/7
f 1548/1340/8 1549/1341/8 1550/1342/8
f 1551/1343/9 1552/1344/9 1553/1345/9
f 1554/1346/20 1555/1347/20 1556/1348/20
f 1557/1349/21 1558/1350/21 1559/1351/21
f 1560/1352/11 1561/1353/11 1562/1354/11
f 1563/1355/12 1564/1356/12 1565/1357/12
f 1566/1358/13 1567/1359/13 1568/1360/13
f 1569/1361/14 1570/1362/14 1571/1363/14
f 1572/1364/14 1573/1365/14 1574/1366/14
f 1575/1367/14 1576/1368/14 1577/1369/14
f 1578/1370/14 1579/1371/14 1580/1372/14
f 1581/1373/14 1582/1374/14 1583/1375/14
f 1584/1376/14 1585/1377/14 1586/1378/14
f 1587/1379/11 1588/1380/11 1589/1381/11
f 1590/1382/21 1591/1383/21 1592/1384/21
f 1593/1385/13 1594/1386/13 1595/1387/13
f 1596/1388/13 1597/1389/13 1598/1390/13
f 1599/1391/2 1600/1392/2 1601/1393/2
f 1602/1394/2 1603/1395/2 1604/1396/2
f 1605/1397/15 1606/1398/15 1607/1399/15
f 1608/1400/15 1609/1401/15 1610/1402/15
f 1611/1403/17 1612/1404/17 1613/1405/17
f 1614/1406/17 1615/1407/17 1616/1408/17
f 1617/1409/5 1618/1410/5 1619/1411/5
f 1620/1412/6 1621/1413/6 1622/1414/6
f 1623/1415/7 1624/1416/7 1625/1417/7
f 1626/1418/8 1627/1419/8 1628/1420/8
f 1629/1421/9 1630/1422/9 1631/1423/9
f 1632/1424/20 1633/1425/20 1634/1426/20
f 1635/1427/14 1636/1428/14 1637/1429/14
f 1638/1430/14 1639/1431/14 1640/1432/14
f 1641/1433/14 1642/1434/14 1643/1435/14
f 1644/1436/14 1645/1437/14 1646/1438/14
f 1647/1439/14 1648/1440/14 1649/1441/14
f 1650/1442/14 1651/1443/14 1652/1444/14
f 1653/1445/1 1654/1446/1 1655/1447/1
f 1656/1448/2 1657/1449/2 1658/1450/2
f 1659/1451/3 1660/1452/3 1661/1453/3
f 1662/1454/34 1663/1455/34 1664/1456/34
f 1665/1457/4 1666/1458/4 1667/1459/4
f 1668/1460/4 1669/1461/4 1670/1462/4
f 1671/1463/5 1672/1464/5 1673/1465/5
f 1674/1466/6 1675/1467/6 1676/1468/6
f 1677/1469/7 1678/1470/7 1679/1471/7
f 1680/1472/8 1681/1473/8 1682/1474/8
f 1683/1475/9 1684/1476/9 1685/1477/9
f 1686/1478/9 1687/1479/9 1688/1480/9
f 1689/1481/11 1690/1482/11 1691/1483/11
f 1692/1484/11 1693/1485/11 1694/1486/11
f 1695/1487/12 1696/1488/12 1697/1489/12
f 1698/1490/13 1699/1491/13 1700/1492/13
f 1701/1493/14 1702/1494/14 1703/1495/14
f 1704/1496/14 1705/1497/14 1706/1498/14
f 1707/1499/14 1708/1500/14 1709/1501/14
f 1710/1502/14 1711/1503/14 1712/1504/14
f 1713/1505/14 1714/1506/14 1715/1507/14
f 1716/1508/14 1717/1509/14 1718/1510/14
f 1719/1511/1 1720/1512/1 1721/1513/1
f 1722/1514/2 1723/1515/2 1724/1516/2
f 1725/1517/15 1726/1518/15 1727/1519/15
f 1728/1520/15 1729/1521/15 1730/1522/15
f 1731/1523/17 1732/1524/17 1733/1525/17
f 1734/1526/17 1735/1527/17 1736/1528/17
f 1737/1529/5 1738/1530/5 1739/1531/5
f 1740/1532/6 1741/1533/6 1742/1534/6
f 1743/1535/7 1744/1536/7 1745/1537/7
f 1746/1538/8 1747/1539/8 1748/1540/8
f 1749/1541/9 1750/1542/9 1751/1543/9
f 1752/1544/20 1753/1545/20 1754/1546/20
f 1755/1547/21 1756/1548/21 1757/1549/21
f 1758/1550/11 1759/1551/11 1760/1552/11
f 1761/1553/12 1762/1554/12 1763/1555/12
f 1764/1556/13 1765/1557/13 1766/1558/13
f 1767/1559/14 1768/1560/14 1769/1561/14
f 1770/1562/14 1771/1563/14 1772/1564/14
f 1773/1565/14 1774/1566/14 1775/1567/14
f 1776/1568/14 1777/1569/14 1778/1570/14
f 1779/1571/14 1780/1572/14 1781/1573/14
f 1782/1574/14 1783/1575/14 1784/1576/14
f 1785/1577/1 1786/1578/1 1787/1579/1
f 1788/1580/2 1789/1581/2 1790/1582/2
f 1791/1583/15 1792/1584/15 1793/1585/15
f 1794/1586/3 1795/1587/3 1796/1588/3
f 1797/1589/4 1798/1590/4 1799/1591/4
f 1800/1592/17 1801/1593/17 1802/1594/17
f 1803/1595/5 1804/1596/5 1805/1597/5
f 1806/1598/6 1807/1599/6 1808/1600/6
f 1809/1601/7 1810/1602/7 1811/1603/7
f 1812/1604/8 1813/1605/8 1814/1606/8
f 1815/1607/20 1816/1608/20 1817/1609/20
f 1818/1610/9 1819/1611/9 1820/1612/9
f 1821/1613/11 1822/1614/11 1823/1615/11
f 1824/1616/21 1825/1617/21 1826/1618/21
f 1827/1619/12 1828/1620/12 1829/1621/12
f 1830/1622/13 1831/1623/13 1832/1624/13
f 1833/1625/14 1834/1626/14 1835/1627/14
f 1836/1628/14 1837/1629/14 1838/1630/14
f 1839/1631/14 1840/1632/14 1841/1633/14
f 1842/1634/14 1843/1635/14 1844/1636/14
f 1845/1637/14 1846/1638/14 1847/1639/14
f 1848/1640/14 1849/1641/14 1850/1642/14
f 1851/1643/1 1852/1644/1 1853/1645/1
f 1854/1646/2 1855/1647/2 1856/1648/2
f 1857/1649/15 1858/1650/15 1859/1651/15
f 1860/1652/3 1861/1653/3 1862/1654/3
f 1863/1655/4 1864/1656/4 1865/1657/4
f 1866/1658/17 1867/1659/17 1868/1660/17
f 1869/1661/5 1870/1662/5 1871/1663/5
f 1872/1664/6 1873/1665/6 1874/1666/6
f 1875/1667/7 1876/1668/7 1877/1669/7
f 1878/1670/25 1879/1671/25 1880/1672/25
f 1881/1673/9 1882/1674/9 1883/1675/9
f 1884/1676/20 1885/1677/20 1886/1678/20
f 1887/1679/21 1888/1680/21 1889/1681/21
f 1890/1682/11 1891/1683/11 1892/1684/11
f 1893/1685/35 1894/1686/35 1895/1687/35
f 1896/1688/13 1897/1689/13 1898/1690/13
f 1899/1691/14 1900/1692/14 1901/1693/14
f 1902/1694/14 1903/1695/14 1904/1696/14
f 1905/1697/14 1906/1698/14 1907/1699/14
f 1908/1700/14 1909/1701/14 1910/1702/14
f 1911/1703/14 1912/1704/14 1913/1705/14
f 1914/1706/14 1915/1707/14 1916/1708/14
f 1917/1709/1 1918/1710/1 1919/1711/1
f 1920/1712/2 1921/1713/2 1922/1714/2
f 1923/1715/15 1924/1716/15 1925/1717/15
f 1926/1718/15 1927/1719/15 1928/1720/15
f 1929/1721/17 1930/1722/17 1931/1723/17
f 1932/1724/17 1933/1725/17 1934/1726/17
f 1935/1727/5 1936/1728/5 1937/1729/5
f 1938/1730/6 1939/1731/6 1940/1732/6
f 1941/1733/7 1942/1734/7 1943/1735/7
f 1944/1736/8 1945/1737/8 1946/1738/8
f 1947/1739/20 1948/1740/20 1949/1741/20
f 1950/1742/19 1951/1743/19 1952/1744/19
f 1953/1745/11 1954/1746/11 1955/1747/11
f 1956/1748/11 1957/1749/11 1958/1750/11
f 1959/1751/12 1960/1752/12 1961/1753/12
f 1962/1754/13 1963/1755/13 1964/1756/13
f 1965/1757/14 1966/1758/14 1967/1759/14
f 1968/1760/14 1969/1761/14 1970/1762/14
f 1971/1763/14 1972/1764/14 1973/1765/14
f 1974/1766/14 1975/1767/14 1976/1768/14
f 1977/1769/14 1978/1770/14 1979/1771/14
f 1980/1772/14 1981/1773/14 1982/1774/14
f 1983/1775/11 1984/1776/11 1985/1777/11
f 1986/1778/21 1987/1779/21 1988/1780/21
f 1989/1781/13 1990/1782/13 1991/1783/13
f 1992/1784/13 1993/1785/13 1994/1786/13
f 1995/1787/2 1996/1788/2 1997/1789/2
f 1998/1790/2 1999/1791/2 2000/1792/2
f 2001/1793/15 2002/1794/15 2003/1795/15
f 2004/1796/15 2005/1797/15 2006/1798/15
f 2007/1799/17 2008/1800/17 2009/1801/17
f 2010/1802/17 2011/1803/17 2012/1804/17
f 2013/1805/5 2014/1806/5 2015/1807/5
f 2016/1808/5 2017/1809/5 2018/1810/5
f 2019/1811/7 2020/1812/7 2021/1813/7
f 2022/1814/7 2023/1815/7 2024/1816/7
f 2025/1817/9 2026/1818/9 2027/1819/9
f 2028/1820/20 2029/1821/20 2030/1822/20
f 2031/1823/14 2032/1824/14 2033/1825/14
f 2034/1826/14 2035/1827/14 2036/1828/14
f 2037/1829/14 2038/1830/14 2039/1831/14
f 2040/1832/14 2041/1833/14 2042/1834/14
f 2043/1835/14 2044/1836/14 2045/1837/14
f 2046/1838/14 2047/1839/14 2048/1840/14
f 2049/1841/11 2050/1842/11 2051/1843/11
f 2052/1844/21 2053/1845/21 2054/1846/21
f 2055/1847/13 2056/1848/13 2057/1849/13
f 2058/1850/13 2059/1851/13 2060/1852/13
f 2061/1853/2 2062/1854/2 2063/1855/2
f 2064/1856/2 2065/1857/2 2066/1858/2
f 2067/1859/15 2068/1860/15 2069/1861/15
f 2070/1862/15 2071/1863/15 2072/1864/15
f 2073/1865/17 2074/1866/17 2075/1867/17
f 2076/1868/17 2077/1869/17 2078/1870/17
f 2079/1871/5 2080/1872/5 2081/1873/5
f 2082/1874/5 2083/1875/5 2084/1876/5
f 2085/1877/7 2086/1878/7 2087/1879/7
f 2088/1880/7 2089/1881/7 2090/1882/7
f 2091/1883/9 2092/1884/9 2093/1885/9
f 2094/1886/20 2095/1887/20 2096/1888/20
f 2097/1889/14 2098/1890/14 2099/1891/14
f 2100/1892/14 2101/1893/14 2102/1894/14
f 2103/1895/14 2104/1896/14 2105/1897/14
f 2106/1898/14 2107/1899/14 2108/1900/14
f 2109/1901/14 2110/1902/14 2111/1903/14
f 2112/1904/14 2113/1905/14 2114/1906/14
f 2115/1907/11 2116/1908/11 2117/1909/11
f 2118/1910/21 2119/1911/21 2120/1912/21
f 2121/1913/13 2122/1914/13 2123/1915/13
f 2124/1916/13 2125/1917/13 2126/1918/13
f 2127/1919/2 2128/1920/2 2129/1921/2
f 2130/1922/2 2131/1923/2 2132/1924/2
f 2133/1925/15 2134/1926/15 2135/1927/15
f 2136/1928/15 2137/1929/15 2138/1930/15
f 2139/1931/17 2140/1932/17 2141/1933/17
f 2142/1934/17 2143/1935/17 2144/1936/17
f 2145/1937/5 2146/1938/5 2147/1939/5
f 2148/1940/6 2149/1941/6 2150/1942/6
f 2151/1943/7 2152/1944/7 2153/1945/7
f 2154/1946/8 2155/1947/8 2156/1948/8
f 2157/1949/9 2158/1950/9 2159/1951/9
f 2160/1952/20 2161/1953/20 2162/1954/20
f 2163/1955/14 2164/1956/14 2165/1957/14
f 2166/1958/14 2167/1959/14 2168/1960/14
f 2169/1961/14 2170/1962/14 2171/1963/14
f 2172/1964/14 2173/1965/14 2174/1966/14
f 2175/1967/14 2176/1968/14 2177/1969/14
f 2178/1970/14 2179/1971/14 2180/1972/14
f 2181/1973/11 2182/1974/11 2183/1975/11
f 2184/1976/21 2185/1977/21 2186/1978/21
f 2187/1979/13 2188/1980/13 2189/1981/13
f 2190/1982/13 2191/1983/13 2192/1984/13
f 2193/1985/2 2194/1986/2 2195/1987/2
f 2196/1988/2 2197/1989/2 2198/1990/2
f 2199/1991/15 2200/1992/15 2201/1993/15
f 2202/1994/15 2203/1995/15 2204/1996/15
f 2205/1997/17 2206/1998/17 2207/1999/17
f 2208/2000/17 2209/2001/17 2210/2002/17
f 2211/2003/5 2212/2004/5 2213/2005/5
f 2214/2006/6 2215/2007/6 2216/2008/6
f 2217/2009/7 2218/2010/7 2219/2011/7
f 2220/2012/8 2221/2013/8 2222/2014/8
f 2223/2015/9 2224/2016/9 2225/2017/9
f 2226/2018/20 2227/2019/20 2228/2020/20
f 2229/2021/14 2230/2022/14 2231/2023/14
f 2232/2024/14 2233/2025/14 2234/2026/14
f 2235/2027/14 2236/2028/14 2237/2029/14
f 2238/2030/14 2239/2031/14 2240/2032/14
f 2241/2033/14 2242/2034/14 2243/2035/14
f 2244/2036/14 2245/2037/14 2246/2038/14
f 2247/2039/36 2248/2040/36 2249/2041/36
f 2250/2042/36 2251/2043/36 2252/2044/36
f 2253/2045/28 2254/2046/28 2255/2047/28
f 2256/2048/28 2257/2049/28 2258/2050/28
f 2259/2051/37 2260/2052/37 2261/2053/37
f 2262/2054/38 2263/2055/38 2264/2056/38
f 2265/2057/14 2266/2058/14 2267/2059/14
f 2268/2060/14 2269/2061/14 2270/2062/14
f 2271/2063/39 2272/2064/29 2273/2065/29
f 2273/2065/29 2274/2066/39 2271/2063/39
f 2275/2067/40 2276/2068/40 2277/2069/40
f 2277/2069/40 2278/2070/40 2275/2067/40
f 2279/2071/28 2280/2072/28 2281/2073/28
f 2281/2073/28 2282/2074/28 2279/2071/28
f 2283/2075/28 2284/2076/28 2285/2077/28
f 2285/2077/28 2286/2078/28 2283/2075/28
f 2287/2079/27 2288/2080/27 2289/2081/27
f 2289/2081/27 2290/2082/27 2287/2079/27
f 2291/2083/41 2292/2084/42 2293/2085/42
f 2293/2085/42 2294/2086/41 2291/2083/41
f 2295/2087/14 2296/2088/14 2297/2089/14
f 2297/2089/14 2298/2090/14 2295/2087/14
f 2299/2091/14 2300/2092/14 2301/2093/14
f 2301/2093/14 2302/2094/14 2299/2091/14
f 2303/2095/29 2304/2096/29 2305/2097/29
f 2306/2098/39 2307/2099/39 2308/2100/39
f 2309/2101/28 2310/2102/28 2311/2103/28
f 2312/2104/28 2313/2105/28 2314/2106/28
f 2315/2107/27 2316/2108/27 2317/2109/27
f 2318/2110/27 2319/2111/27 2320/2112/27
f 2321/2113/14 2322/2114/14 2323/2115/14
f 2324/2116/14 2325/2117/14 2326/2118/14
f 2327/2119/36 2328/2120/36 2329/2121/36
f 2330/2122/36 2331/2123/36 2332/2124/36
f 2333/2125/28 2334/2126/28 2335/2127/28
f 2336/2128/28 2337/2129/28 2338/2130/28
f 2339/2131/37 2340/2132/37 2341/2133/37
f 2342/2134/38 2343/2135/38 2344/2136/38
f 2345/2137/14 2346/2138/14 2347/2139/14
f 2348/2140/14 2349/2141/14 2350/2142/14
f 2351/2143/39 2352/2144/29 2353/2145/29
f 2353/2145/29 2354/2146/39 2351/2143/39
f 2355/2147/40 2356/2148/40 2357/2149/40
f 2357/2149/40 2358/2150/40 2355/2147/40
f 2359/2151/28 2360/2152/28 2361/2153/28
f 2361/2153/28 2362/2154/28 2359/2151/28
f 2363/2155/28 2364/2156/28 2365/2157/28
f 2365/2157/28 2366/2158/28 2363/2155/28
f 2367/2159/27 2368/2160/27 2369/2161/27
f 2369/2161/27 2370/2162/27 2367/2159/27
f 2371/2163/43 2372/2164/42 2373/2165/42
f 2373/2165/42 2374/2166/43 2371/2163/43
f 2375/2167/14 2376/2168/14 2377/2169/14
f 2377/2169/14 2378/2170/14 2375/2167/14
f 2379/2171/14 2380/2172/14 2381/2173/14
f 2381/2173/14 2382/2174/14 2379/2171/14
f 2383/2175/29 2384/2176/29 2385/2177/29
f 2386/2178/39 2387/2179/39 2388/2180/39
f 2389/2181/28 2390/2182/28 2391/2183/28
f 2392/2184/28 2393/2185/28 2394/2186/28
f 2395/2187/27 2396/2188/27 2397/2189/27
f 2398/2190/27 2399/2191/27 2400/2192/27
f 2401/2193/14 2402/2194/14 2403/2195/14
f 2404/2196/14 2405/2197/14 2406/2198/14
f 2407/2199/29 2408/2200/29 2409/2201/29
f 2410/2202/28 2411/2203/28 2412/2204/28
f 2413/2205/27 2414/2206/27 2415/2207/27
f 2416/2208/14 2417/2209/14 2418/2210/14
f 2419/2211/29 2420/2212/29 2421/2213/29
f 2422/2214/28 2423/2215/28 2424/2216/28
f 2425/2217/27 2426/2218/27 2427/2219/27
f 2428/2220/14 2429/2221/14 2430/2222/14
f 2431/2223/44 2432/2224/44 2433/2225/44
f 2433/2225/44 2434/2226/44 2431/2223/44
f 2435/2227/45 2436/2228/28 2437/2229/28
f 2437/2229/28 2438/2230/45 2435/2227/45
f 2439/2231/46 2440/2232/46 2441/2233/46
f 2441/2233/46 2442/2234/46 2439/2231/46
f 2443/2235/28 2444/2236/14 2445/2237/14
f 2445/2237/14 2446/2238/28 2443/2235/28
f 2447/2239/44 2448/2240/44 2449/2241/44
f 2449/2241/44 2450/2242/44 2447/2239/44
f 2451/2243/14 2452/2244/28 2453/2245/28
f 2453/2245/28 2454/2246/14 2451/2243/14
f 2455/2247/46 2456/2248/46 2457/2249/46
f 2457/2249/46 2458/2250/46 2455/2247/46
f 2459/2251/28 2460/2252/14 2461/2253/14
f 2461/2253/14 2462/2254/28 2459/2251/28
f 2463/2255/47 2464/2256/47 2465/2257/47
f 2465/2257/47 2466/2258/47 2463/2255/47
f 2467/2259/28 2468/2260/28 2469/2261/28
f 2469/2261/28 2470/2262/28 2467/2259/28
f 2471/2263/48 2472/2264/48 2473/2265/48
f 2473/2265/48 2474/2266/48 2471/2263/48
f 2475/2267/14 2476/2268/14 2477/2269/14
f 2477/2269/14 2478/2270/14 2475/2267/14
f 2479/2271/47 2480/2272/47 2481/2273/47
f 2481/2273/47 2482/2274/47 2479/2271/47
f 2483/2275/28 2484/2276/28 2485/2277/28
f 2485/2277/28 2486/2278/28 2483/2275/28
f 2487/2279/48 2488/2280/48 2489/2281/48
f 2489/2281/48 2490/2282/48 2487/2279/48
f 2491/2283/14 2492/2284/14 2493/2285/14
f 2493/2285/14 2494/2286/14 2491/2283/14
f 2495/2287/40 2496/2288/40 2497/2289/40
f 2498/2290/28 2499/2291/28 2500/2292/28
f 2501/2293/42 2502/2294/42 2503/2295/42
f 2504/2296/14 2505/2297/14 2506/2298/14
f 2507/2299/40 2508/2300/40 2509/2301/40
f 2510/2302/28 2511/2303/28 2512/2304/28
f 2513/2305/42 2514/2306/42 2515/2307/42
f 2516/2308/14 2517/2309/14 2518/2310/14
f 2519/2311/47 2520/2312/47 2521/2313/47
f 2521/2313/47 2522/2314/47 2519/2311/47
f 2523/2315/28 2524/2316/28 2525/2317/28
f 2525/2317/28 2526/2318/28 2523/2315/28
f 2527/2319/48 2528/2320/48 2529/2321/48
f 2529/2321/48 2530/2322/48 2527/2319/48
f 2531/2323/14 2532/2324/14 2533/2325/14
f 2533/2325/14 2534/2326/14 2531/2323/14
f 2535/2327/47 2536/2328/47 2537/2329/47
f 2537/2329/47 2538/2330/47 2535/2327/47
f 2539/2331/28 2540/2332/28 2541/2333/28
f 2541/2333/28 2542/2334/28 2539/2331/28
f 2543/2335/48 2544/2336/48 2545/2337/48
f 2545/2337/48 2546/2338/48 2543/2335/48
f 2547/2339/14 2548/2340/14 2549/2341/14
f 2549/2341/14 2550/2342/14 2547/2339/14
f 2551/2343/49 2552/2344/49 2553/2345/49
f 2553/2345/49 2554/2346/49 2551/2343/49
f 2555/2347/28 2556/2348/28 2557/2349/28
f 2557/2349/28 2558/2350/28 2555/2347/28
f 2559/2351/50 2560/2352/50 2561/2353/50
f 2561/2353/50 2562/2354/50 2559/2351/50
f 2563/2355/14 2564/2356/14 2565/2357/14
f 2565/2357/14 2566/2358/14 2563/2355/14
f 2567/2359/49 2568/2360/49 2569/2361/49
f 2569/2361/49 2570/2362/49 2567/2359/49
f 2571/2363/28 2572/2364/28 2573/2365/28
f 2573/2365/28 2574/2366/28 2571/2363/28
f 2575/2367/50 2576/2368/50 2577/2369/50
f 2577/2369/50 2578/2370/50 2575/2367/50
f 2579/2371/14 2580/2372/14 2581/2373/14
f 2581/2373/14 2582/2374/14 2579/2371/14
f 2583/2375/51 2584/2376/51 2585/2377/49
f 2585/2377/49 2586/2378/49 2583/2375/51
f 2587/2379/28 2588/2380/28 2589/2381/28
f 2589/2381/28 2590/2382/28 2587/2379/28
f 2591/2383/50 2592/2384/50 2593/2385/50
f 2593/2385/50 2594/2386/50 2591/2383/50
f 2595/2387/14 2596/2388/14 2597/2389/14
f 2597/2389/14 2598/2390/14 2595/2387/14
f 2599/2391/49 2600/2392/49 2601/2393/49
f 2601/2393/49 2602/2394/49 2599/2391/49
f 2603/2395/28 2604/2396/28 2605/2397/28
f 2605/2397/28 2606/2398/28 2603/2395/28
f 2607/2399/50 2608/2400/50 2609/2401/50
f 2609/2401/50 2610/2402/50 2607/2399/50
f 2611/2403/14 2612/2404/14 2613/2405/14
f 2613/2405/14 2614/2406/14 2611/2403/14
f 2615/2407/52 2616/2408/52 2617/2409/52
f 2617/2409/52 2618/2410/52 2615/2407/52
f 2619/2411/28 2620/2412/28 2621/2413/28
f 2621/2413/28 2622/2414/28 2619/2411/28
f 2623/2415/53 2624/2416/53 2625/2417/53
f 2625/2417/53 2626/2418/53 2623/2415/53
f 2627/2419/14 2628/2420/14 2629/2421/14
f 2629/2421/14 2630/2422/14 2627/2419/14
f 2631/2423/52 2632/2424/52 2633/2425/52
f 2633/2425/52 2634/2426/52 2631/2423/52
f 2635/2427/28 2636/2428/28 2637/2429/28
f 2637/2429/28 2638/2430/28 2635/2427/28
f 2639/2431/53 2640/2432/53 2641/2433/53
f 2641/2433/53 2642/2434/53 2639/2431/53
f 2643/2435/14 2644/2436/14 2645/2437/14
f 2645/2437/14 2646/2438/14 2643/2435/14
f 2647/2439/52 2648/2440/52 2649/2441/52
f 2649/2441/52 2650/2442/52 2647/2439/52
f 2651/2443/28 2652/2444/28 2653/2445/28
f 2653/2445/28 2654/2446/28 2651/2443/28
f 2655/2447/53 2656/2448/53 2657/2449/53
f 2657/2449/53 2658/2450/53 2655/2447/53
f 2659/2451/14 2660/2452/14 2661/2453/14
f 2661/2453/14 2662/2454/14 2659/2451/14
f 2663/2455/52 2664/2456/52 2665/2457/52
f 2665/2457/52 2666/2458/52 2663/2455/52
f 2667/2459/28 2668/2460/28 2669/2461/28
f 2669/2461/28 2670/2462/28 2667/2459/28
f 2671/2463/53 2672/2464/53 2673/2465/53
f 2673/2465/53 2674/2466/53 2671/2463/53
f 2675/2467/14 2676/2468/14 2677/2469/14
f 2677/2469/14 2678/2470/14 2675/2467/14
f 2679/2471/44 2680/2472/44 2681/2473/44
f 2681/2473/44 2682/2474/44 2679/2471/44
f 2683/2475/14 2684/2476/28 2685/2477/28
f 2685/2477/28 2686/2478/14 2683/2475/14
f 2687/2479/46 2688/2480/46 2689/2481/46
f 2689/2481/46 2690/2482/46 2687/2479/46
f 2691/2483/28 2692/2484/14 2693/2485/14
f 2693/2485/14 2694/2486/28 2691/2483/28
f 2695/2487/44 2696/2488/44 2697/2489/44
f 2697/2489/44 2698/2490/44 2695/2487/44
f 2699/2491/14 2700/2492/28 2701/2493/28
f 2701/2493/28 2702/2494/14 2699/2491/14
f 2703/2495/46 2704/2496/46 2705/2497/46
f 2705/2497/46 2706/2498/46 2703/2495/46
f 2707/2499/28 2708/2500/14 2709/2501/14
f 2709/2501/14 2710/2502/28 2707/2499/28
f 2711/2503/1 2712/2504/1 2713/2505/1
f 2714/2506/2 2715/2507/2 2716/2508/2
f 2717/2509/15 2718/2510/15 2719/2511/15
f 2720/2512/16 2721/2513/16 2722/2514/16
f 2723/2515/17 2724/2516/17 2725/2517/17
f 2726/2518/18 2727/2519/18 2728/2520/18
f 2729/2521/5 2730/2522/5 2731/2523/5
f 2732/2524/6 2733/2525/6 2734/2526/6
f 2735/2527/7 2736/2528/7 2737/2529/7
f 2738/2530/8 2739/2531/8 2740/2532/8
f 2741/2533/19 2742/2534/19 2743/2535/19
f 2744/2536/20 2745/2537/20 2746/2538/20
f 2747/2539/21 2748/2540/21 2749/2541/21
f 2750/2542/22 2751/2543/22 2752/2544/22
f 2753/2545/12 2754/2546/12 2755/2547/12
f 2756/2548/13 2757/2549/13 2758/2550/13
f 2759/2551/14 2760/2552/14 2761/2553/14
f 2762/2554/14 2763/2555/14 2764/2556/14
f 2765/2557/14 2766/2558/14 2767/2559/14
f 2768/2560/14 2769/2561/14 2770/2562/14
f 2771/2563/14 2772/2564/14 2773/2565/14
f 2774/2566/14 2775/2567/14 2776/2568/14
f 2777/2569/23 2778/2570/23 2779/2571/23
f 2780/2572/23 2781/2573/23 2782/2574/23
f 2783/2575/15 2784/2576/15 2785/2577/15
f 2786/2578/16 2787/2579/16 2788/2580/16
f 2789/2581/17 2790/2582/17 2791/2583/17
f 2792/2584/18 2793/2585/18 2794/2586/18
f 2795/2587/24 2796/2588/24 2797/2589/24
f 2798/2590/24 2799/2591/24 2800/2592/24
f 2801/2593/54 2802/2594/54 2803/2595/54
f 2804/2596/54 2805/2597/54 2806/2598/54
f 2807/2599/19 2808/2600/19 2809/2601/19
f 2810/2602/20 2811/2603/20 2812/2604/20
f 2813/2605/21 2814/2606/21 2815/2607/21
f 2816/2608/22 2817/2609/22 2818/2610/22
f 2819/2611/26 2820/2612/26 2821/2613/26
f 2822/2614/26 2823/2615/26 2824/2616/26
f 2825/2617/14 2826/2618/14 2827/2619/14
f 2828/2620/14 2829/2621/14 2830/2622/14
f 2831/2623/14 2832/2624/14 2833/2625/14
f 2834/2626/14 2835/2627/14 2836/2628/14
f 2837/2629/14 2838/2630/14 2839/2631/14
f 2840/2632/14 2841/2633/14 2842/2634/14
f 2843/2635/1 2844/2636/1 2845/2637/1
f 2846/2638/1 2847/2639/1 2848/2640/1
f 2849/2641/3 2850/2642/3 2851/2643/3
f 2852/2644/16 2853/2645/16 2854/2646/16
f 2855/2647/17 2856/2648/17 2857/2649/17
f 2858/2650/18 2859/2651/18 2860/2652/18
f 2861/2653/6 2862/2654/6 2863/2655/6
f 2864/2656/6 2865/2657/6 2866/2658/6
f 2867/2659/8 2868/2660/8 2869/2661/8
f 2870/2662/8 2871/2663/8 2872/2664/8
f 2873/2665/19 2874/2666/19 2875/2667/19
f 2876/2668/20 2877/2669/20 2878/2670/20
f 2879/2671/11 2880/2672/11 2881/2673/11
f 2882/2674/22 2883/2675/22 2884/2676/22
f 2885/2677/12 2886/2678/12 2887/2679/12
f 2888/2680/12 2889/2681/12 2890/2682/12
f 2891/2683/14 2892/2684/14 2893/2685/14
f 2894/2686/14 2895/2687/14 2896/2688/14
f 2897/2689/14 2898/2690/14 2899/2691/14
f 2900/2692/14 2901/2693/14 2902/2694/14
f 2903/2695/14 2904/2696/14 2905/2697/14
f 2906/2698/14 2907/2699/14 2908/2700/14
f 2909/2701/23 2910/2702/23 2911/2703/23
f 2912/2704/23 2913/2705/23 2914/2706/23
f 2915/2707/15 2916/2708/15 2917/2709/15
f 2918/2710/16 2919/2711/16 2920/2712/16
f 2921/2713/17 2922/2714/17 2923/2715/17
f 2924/2716/18 2925/2717/18 2926/2718/18
f 2927/2719/24 2928/2720/24 2929/2721/24
f 2930/2722/24 2931/2723/24 2932/2724/24
f 2933/2725/54 2934/2726/54 2935/2727/54
f 2936/2728/54 2937/2729/54 2938/2730/54
f 2939/2731/19 2940/2732/19 2941/2733/19
f 2942/2734/20 2943/2735/20 2944/2736/20
f 2945/2737/21 2946/2738/21 2947/2739/21
f 2948/2740/22 2949/2741/22 2950/2742/22
f 2951/2743/26 2952/2744/26 2953/2745/26
f 2954/2746/26 2955/2747/26 2956/2748/26
f 2957/2749/14 2958/2750/14 2959/2751/14
f 2960/2752/14 2961/2753/14 2962/2754/14
f 2963/2755/14 2964/2756/14 2965/2757/14
f 2966/2758/14 2967/2759/14 2968/2760/14
f 2969/2761/14 2970/2762/14 2971/2763/14
f 2972/2764/14 2973/2765/14 2974/2766/14
f 2975/2767/23 2976/2768/23 2977/2769/23
f 2978/2770/2 2979/2771/2 2980/2772/2
f 2981/2773/15 2982/2774/15 2983/2775/15
f 2984/2776/16 2985/2777/16 2986/2778/16
f 2987/2779/17 2988/2780/17 2989/2781/17
f 2990/2782/18 2991/2783/18 2992/2784/18
f 2993/2785/24 2994/2786/24 2995/2787/24
f 2996/2788/24 2997/2789/24 2998/2790/24
f 2999/2791/54 3000/2792/54 3001/2793/54
f 3002/2794/54 3003/2795/54 3004/2796/54
f 3005/2797/19 3006/2798/19 3007/2799/19
f 3008/2800/20 3009/2801/20 3010/2802/20
f 3011/2803/21 3012/2804/21 3013/2805/21
f 3014/2806/22 3015/2807/22 3016/2808/22
f 3017/2809/26 3018/2810/26 3019/2811/26
f 3020/2812/13 3021/2813/13 3022/2814/13
f 3023/2815/14 3024/2816/14 3025/2817/14
f 3026/2818/14 3027/2819/14 3028/2820/14
f 3029/2821/14 3030/2822/14 3031/2823/14
f 3032/2824/14 3033/2825/14 3034/2826/14
f 3035/2827/14 3036/2828/14 3037/2829/14
f 3038/2830/14 3039/2831/14 3040/2832/14
f 3041/2833/1 3042/2834/1 3043/2835/1
f 3044/2836/1 3045/2837/1 3046/2838/1
f 3047/2839/3 3048/2840/3 3049/2841/3
f 3050/2842/16 3051/2843/16 3052/2844/16
f 3053/2845/17 3054/2846/17 3055/2847/17
f 3056/2848/18 3057/2849/18 3058/2850/18
f 3059/2851/24 3060/2852/24 3061/2853/24
f 3062/2854/24 3063/2855/24 3064/2856/24
f 3065/2857/54 3066/2858/54 3067/2859/54
f 3068/2860/54 3069/2861/54 3070/2862/54
f 3071/2863/19 3072/2864/19 3073/2865/19
f 3074/2866/9 3075/2867/9 3076/2868/9
f 3077/2869/11 3078/2870/11 3079/2871/11
f 3080/2872/22 3081/2873/22 3082/2874/22
f 3083/2875/12 3084/2876/12 3085/2877/12
f 3086/2878/12 3087/2879/12 3088/2880/12
f 3089/2881/14 3090/2882/14 3091/2883/14
f 3092/2884/14 3093/2885/14 3094/2886/14
f 3095/2887/14 3096/2888/14 3097/2889/14
f 3098/2890/14 3099/2891/14 3100/2892/14
f 3101/2893/14 3102/2894/14 3103/2895/14
f 3104/2896/14 3105/2897/14 3106/2898/14
f 3107/2899/23 3108/2900/23 3109/2901/23
f 3110/2902/2 3111/2903/2 3112/2904/2
f 3113/2905/15 3114/2906/15 3115/2907/15
f 3116/2908/16 3117/2909/16 3118/2910/16
f 3119/2911/17 3120/2912/17 3121/2913/17
f 3122/2914/18 3123/2915/18 3124/2916/18
f 3125/2917/5 3126/2918/5 3127/2919/5
f 3128/2920/5 3129/2921/5 3130/2922/5
f 3131/2923/7 3132/2924/7 3133/2925/7
f 3134/2926/7 3135/2927/7 3136/2928/7
f 3137/2929/19 3138/2930/19 3139/2931/19
f 3140/2932/20 3141/2933/20 3142/2934/20
f 3143/2935/21 3144/2936/21 3145/2937/21
f 3146/2938/22 3147/2939/22 3148/2940/22
f 3149/2941/26 3150/2942/26 3151/2943/26
f 3152/2944/13 3153/2945/13 3154/2946/13
f 3155/2947/14 3156/2948/14 3157/2949/14
f 3158/2950/14 3159/2951/14 3160/2952/14
f 3161/2953/14 3162/2954/14 3163/2955/14
f 3164/2956/14 3165/2957/14 3166/2958/14
f 3167/2959/14 3168/2960/14 3169/2961/14
f 3170/2962/14 3171/2963/14 3172/2964/14
f 3173/2965/27 3174/2966/27 3175/2967/27
f 3176/2968/27 3177/2969/27 3178/2970/27
f 3179/2971/28 3180/2972/28 3181/2973/28
f 3182/2974/28 3183/2975/28 3184/2976/28
f 3185/2977/29 3186/2978/29 3187/2979/29
f 3188/2980/29 3189/2981/29 3190/2982/29
f 3191/2983/14 3192/2984/14 3193/2985/14
f 3194/2986/14 3195/2987/14 3196/2988/14
f 3197/2989/27 3198/2990/27 3199/2991/27
f 3200/2992/27 3201/2993/27 3202/2994/27
f 3203/2995/28 3204/2996/28 3205/2997/28
f 3206/2998/28 3207/2999/28 3208/3000/28
f 3209/3001/29 3210/3002/29 3211/3003/29
f 3212/3004/29 3213/3005/29 3214/3006/29
f 3215/3007/14 3216/3008/14 3217/3009/14
f 3218/3010/14 3219/3011/14 3220/3012/14
f 3221/3013/23 3222/3014/23 3223/3015/23
f 3224/3016/2 3225/3017/2 3226/3018/2
f 3227/3019/15 3228/3020/15 3229/3021/15
f 3230/3022/16 3231/3023/16 3232/3024/16
f 3233/3025/17 3234/3026/17 3235/3027/17
f 3236/3028/18 3237/3029/18 3238/3030/18
f 3239/3031/24 3240/3032/24 3241/3033/24
f 3242/3034/24 3243/3035/24 3244/3036/24
f 3245/3037/54 3246/3038/54 3247/3039/54
f 3248/3040/54 3249/3041/54 3250/3042/54
f 3251/3043/19 3252/3044/19 3253/3045/19
f 3254/3046/20 3255/3047/20 3256/3048/20
f 3257/3049/21 3258/3050/21 3259/3051/21
f 3260/3052/22 3261/3053/22 3262/3054/22
f 3263/3055/26 3264/3056/26 3265/3057/26
f 3266/3058/13 3267/3059/13 3268/3060/13
f 3269/3061/14 3270/3062/14 3271/3063/14
f 3272/3064/14 3273/3065/14 3274/3066/14
f 3275/3067/14 3276/3068/14 3277/3069/14
f 3278/3070/14 3279/3071/14 3280/3072/14
f 3281/3073/14 3282/3074/14 3283/3075/14
f 3284/3076/14 3285/3077/14 3286/3078/14
f 3287/3079/23 3288/3080/23 3289/3081/23
f 3290/3082/23 3291/3083/23 3292/3084/23
f 3293/3085/15 3294/3086/15 3295/3087/15
f 3296/3088/16 3297/3089/16 3298/3090/16
f 3299/3091/17 3300/3092/17 3301/3093/17
f 3302/3094/18 3303/3095/18 3304/3096/18
f 3305/3097/24 3306/3098/24 3307/3099/24
f 3308/3100/24 3309/3101/24 3310/3102/24
f 3311/3103/54 3312/3104/54 3313/3105/54
f 3314/3106/54 3315/3107/54 3316/3108/54
f 3317/3109/19 3318/3110/19 3319/3111/19
f 3320/3112/20 3321/3113/20 3322/3114/20
f 3323/3115/21 3324/3116/21 3325/3117/21
f 3326/3118/22 3327/3119/22 3328/3120/22
f 3329/3121/26 3330/3122/26 3331/3123/26
f 3332/3124/26 3333/3125/26 3334/3126/26
f 3335/3127/14 3336/3128/14 3337/3129/14
f 3338/3130/14 3339/3131/14 3340/3132/14
f 3341/3133/14 3342/3134/14 3343/3135/14
f 3344/3136/14 3345/3137/14 3346/3138/14
f 3347/3139/14 3348/3140/14 3349/3141/14
f 3350/3142/14 3351/3143/14 3352/3144/14
f 3353/3145/23 3354/3146/23 3355/3147/23
f 3356/3148/23 3357/3149/23 3358/3150/23
f 3359/3151/15 3360/3152/15 3361/3153/15
f 3362/3154/16 3363/3155/16 3364/3156/16
f 3365/3157/17 3366/3158/17 3367/3159/17
f 3368/3160/18 3369/3161/18 3370/3162/18
f 3371/3163/24 3372/3164/24 3373/3165/24
f 3374/3166/24 3375/3167/24 3376/3168/24
f 3377/3169/54 3378/3170/54 3379/3171/54
f 3380/3172/54 3381/3173/54 3382/3174/54
f 3383/3175/19 3384/3176/19 3385/3177/19
f 3386/3178/20 3387/3179/20 3388/3180/20
f 3389/3181/21 3390/3182/21 3391/3183/21
f 3392/3184/22 3393/3185/22 3394/3186/22
f 3395/3187/26 3396/3188/26 3397/3189/26
f 3398/3190/26 3399/3191/26 3400/3192/26
f 3401/3193/14 3402/3194/14 3403/3195/14
f 3404/3196/14 3405/3197/14 3406/3198/14
f 3407/3199/14 3408/3200/14 3409/3201/14
f 3410/3202/14 3411/3203/14 3412/3204/14
f 3413/3205/14 3414/3206/14 3415/3207/14
f 3416/3208/14 3417/3209/14 3418/3210/14
f 3419/3211/23 3420/3212/23 3421/3213/23
f 3422/3214/23 3423/3215/23 3424/3216/23
f 3425/3217/15 3426/3218/15 3427/3219/15
f 3428/3220/16 3429/3221/16 3430/3222/16
f 3431/3223/17 3432/3224/17 3433/3225/17
f 3434/3226/18 3435/3227/18 3436/3228/18
f 3437/3229/24 3438/3230/24 3439/3231/24
f 3440/3232/24 3441/3233/24 3442/3234/24
f 3443/3235/54 3444/3236/54 3445/3237/54
f 3446/3238/54 3447/3239/54 3448/3240/54
f 3449/3241/19 3450/3242/19 3451/3243/19
f 3452/3244/20 3453/3245/20 3454/3246/20
f 3455/3247/21 3456/3248/21 3457/3249/21
f 3458/3250/22 3459/3251/22 3460/3252/22
f 3461/3253/26 3462/3254/26 3463/3255/26
f 3464/3256/26 3465/3257/26 3466/3258/26
f 3467/3259/14 3468/3260/14 3469/3261/14
f 3470/3262/14 3471/3263/14 3472/3264/14
f 3473/3265/14 3474/3266/14 3475/3267/14
f 3476/3268/14 3477/3269/14 3478/3270/14
f 3479/3271/14 3480/3272/14 3481/3273/14
f 3482/3274/14 3483/3275/14 3484/3276/14
f 3485/3277/23 3486/3278/23 3487/3279/23
f 3488/3280/23 3489/3281/23 3490/3282/23
f 3491/3283/15 3492/3284/15 3493/3285/15
f 3494/3286/16 3495/3287/16 3496/3288/16
f 3497/3289/17 3498/3290/17 3499/3291/17
f 3500/3292/18 3501/3293/18 3502/3294/18
f 3503/3295/24 3504/3296/24 3505/3297/24
f 3506/3298/24 3507/3299/24 3508/3300/24
f 3509/3301/54 3510/3302/54 3511/3303/54
f 3512/3304/54 3513/3305/54 3514/3306/54
f 3515/3307/19 3516/3308/19 3517/3309/19
f 3518/3310/20 3519/3311/20 3520/3312/20
f 3521/3313/21 3522/3314/21 3523/3315/21
f 3524/3316/22 3525/3317/22 3526/3318/22
f 3527/3319/26 3528/3320/26 3529/3321/26
f 3530/3322/26 3531/3323/26 3532/3324/26
f 3533/3325/14 3534/3326/14 3535/3327/14
f 3536/3328/14 3537/3329/14 3538/3330/14
f 3539/3331/14 3540/3332/14 3541/3333/14
f 3542/3334/14 3543/3335/14 3544/3336/14
f 3545/3337/14 3546/3338/14 3547/3339/14
f 3548/3340/14 3549/3341/14 3550/3342/14
f 3551/3343/23 3552/3344/23 3553/3345/23
f 3554/3346/23 3555/3347/23 3556/3348/23
f 3557/3349/15 3558/3350/15 3559/3351/15
f 3560/3352/16 3561/3353/16 3562/3354/16
f 3563/3355/17 3564/3356/17 3565/3357/17
f 3566/3358/18 3567/3359/18 3568/3360/18
f 3569/3361/24 3570/3362/24 3571/3363/24
f 3572/3364/24 3573/3365/24 3574/3366/24
f 3575/3367/54 3576/3368/54 3577/3369/54
f 3578/3370/54 3579/3371/54 3580/3372/54
f 3581/3373/19 3582/3374/19 3583/3375/19
f 3584/3376/20 3585/3377/20 3586/3378/20
f 3587/3379/21 3588/3380/21 3589/3381/21
f 3590/3382/22 3591/3383/22 3592/3384/22
f 3593/3385/26 3594/3386/26 3595/3387/26
f 3596/3388/26 3597/3389/26 3598/3390/26
f 3599/3391/14 3600/3392/14 3601/3393/14
f 3602/3394/14 3603/3395/14 3604/3396/14
f 3605/3397/14 3606/3398/14 3607/3399/14
f 3608/3400/14 3609/3401/14 3610/3402/14
f 3611/3403/14 3612/3404/14 3613/3405/14
f 3614/3406/14 3615/3407/14 3616/3408/14
f 3617/3409/23 3618/3410/23 3619/3411/23
f 3620/3412/2 3621/3413/2 3622/3414/2
f 3623/3415/15 3624/3416/15 3625/3417/15
f 3626/3418/16 3627/3419/16 3628/3420/16
f 3629/3421/17 3630/3422/17 3631/3423/17
f 3632/3424/18 3633/3425/18 3634/3426/18
f 3635/3427/24 3636/3428/24 3637/3429/24
f 3638/3430/24 3639/3431/24 3640/3432/24
f 3641/3433/54 3642/3434/54 3643/3435/54
f 3644/3436/54 3645/3437/54 3646/3438/54
f 3647/3439/19 3648/3440/19 3649/3441/19
f 3650/3442/20 3651/3443/20 3652/3444/20
f 3653/3445/21 3654/3446/21 3655/3447/21
f 3656/3448/22 3657/3449/22 3658/3450/22
f 3659/3451/26 3660/3452/26 3661/3453/26
f 3662/3454/13 3663/3455/13 3664/3456/13
f 3665/3457/14 3666/3458/14 3667/3459/14
f 3668/3460/14 3669/3461/14 3670/3462/14
f 3671/3463/14 3672/3464/14 3673/3465/14
f 3674/3466/14 3675/3467/14 3676/3468/14
f 3677/3469/14 3678/3470/14 3679/3471/14
f 3680/3472/14 3681/3473/14 3682/3474/14
f 3683/3475/27 3684/3476/27 3685/3477/27
f 3685/3477/27 3686/3478/27 3683/3475/27
f 3687/3479/27 3688/3480/27 3689/3481/27
f 3689/3481/27 3690/3482/27 3687/3479/27
f 3691/3483/28 3692/3484/28 3693/3485/28
f 3693/3485/28 3694/3486/28 3691/3483/28
f 3695/3487/28 3696/3488/28 3697/3489/28
f 3697/3489/28 3698/3490/28 3695/3487/28
f 3699/3491/29 3700/3492/29 3701/3493/29
f 3701/3493/29 3702/3494/29 3699/3491/29
f 3703/3495/29 3704/3496/29 3705/3497/29
f 3705/3497/29 3706/3498/29 3703/3495/29
f 3707/3499/55 3708/3500/55 3709/3501/14
f 3709/3501/14 3710/3502/14 3707/3499/55
f 3711/3503/14 3712/3504/14 3713/3505/14
f 3713/3505/14 3714/3506/14 3711/3503/14
f 3715/3507/27 3716/3508/27 3717/3509/27
f 3717/3509/27 3718/3510/27 3715/3507/27
f 3719/3511/27 3720/3512/27 3721/3513/27
f 3721/3513/27 3722/3514/27 3719/3511/27
f 3723/3515/28 3724/3516/28 3725/3517/28
f 3725/3517/28 3726/3518/28 3723/3515/28
f 3727/3519/28 3728/3520/28 3729/3521/28
f 3729/3521/28 3730/3522/28 3727/3519/28
f 3731/3523/29 3732/3524/29 3733/3525/29
f 3733/3525/29 3734/3526/29 3731/3523/29
f 3735/3527/29 3736/3528/29 3737/3529/29
f 3737/3529/29 3738/3530/29 3735/3527/29
f 3739/3531/14 3740/3532/14 3741/3533/14
f 3741/3533/14 3742/3534/14 3739/3531/14
f 3743/3535/14 3744/3536/14 3745/3537/14
f 3745/3537/14 3746/3538/14 3743/3535/14
f 3747/3539/27 3748/3540/27 3749/3541/27
f 3750/3542/28 3751/3543/28 3752/3544/28
f 3753/3545/29 3754/3546/29 3755/3547/29
f 3756/3548/14 3757/3549/14 3758/3550/14
f 3759/3551/27 3760/3552/27 3761/3553/27
f 3762/3554/28 3763/3555/28 3764/3556/28
f 3765/3557/29 3766/3558/29 3767/3559/29
f 3768/3560/14 3769/3561/14 3770/3562/14
f 3771/3563/27 3772/3564/27 3773/3565/27
f 3774/3566/28 3775/3567/28 3776/3568/28
f 3777/3569/29 3778/3570/29 3779/3571/29
f 3780/3572/56 3781/3573/56 3782/3574/56
f 3783/3575/27 3784/3576/27 3785/3577/27
f 3786/3578/28 3787/3579/28 3788/3580/28
f 3789/3581/29 3790/3582/29 3791/3583/29
f 3792/3584/14 3793/3585/14 3794/3586/14
f 3795/3587/23 3796/3588/23 3797/3589/23
f 3798/3590/2 3799/3591/2 3800/3592/2
f 3801/3593/15 3802/3594/15 3803/3595/15
f 3804/3596/16 3805/3597/16 3806/3598/16
f 3807/3599/17 3808/3600/17 3809/3601/17
f 3810/3602/18 3811/3603/18 3812/3604/18
f 3813/3605/24 3814/3606/24 3815/3607/24
f 3816/3608/24 3817/3609/24 3818/3610/24
f 3819/3611/54 3820/3612/54 3821/3613/54
f 3822/3614/54 3823/3615/54 3824/3616/54
f 3825/3617/19 3826/3618/19 3827/3619/19
f 3828/3620/20 3829/3621/20 3830/3622/20
f 3831/3623/21 3832/3624/21 3833/3625/21
f 3834/3626/22 3835/3627/22 3836/3628/22
f 3837/3629/26 3838/3630/26 3839/3631/26
f 3840/3632/13 3841/3633/13 3842/3634/13
f 3843/3635/14 3844/3636/14 3845/3637/14
f 3846/3638/14 3847/3639/14 3848/3640/14
f 3849/3641/14 3850/3642/14 3851/3643/14
f 3852/3644/14 3853/3645/14 3854/3646/14
f 3855/3647/14 3856/3648/14 3857/3649/14
f 3858/3650/14 3859/3651/14 3860/3652/14
f 3861/3653/23 3862/3654/23 3863/3655/23
f 3864/3656/23 3865/3657/23 3866/3658/23
f 3867/3659/15 3868/3660/15 3869/3661/15
f 3870/3662/16 3871/3663/16 3872/3664/16
f 3873/3665/17 3874/3666/17 3875/3667/17
f 3876/3668/18 3877/3669/18 3878/3670/18
f 3879/3671/24 3880/3672/24 3881/3673/24
f 3882/3674/24 3883/3675/24 3884/3676/24
f 3885/3677/54 3886/3678/54 3887/3679/54
f 3888/3680/54 3889/3681/54 3890/3682/54
f 3891/3683/19 3892/3684/19 3893/3685/19
f 3894/3686/20 3895/3687/20 3896/3688/20
f 3897/3689/21 3898/3690/21 3899/3691/21
f 3900/3692/22 3901/3693/22 3902/3694/22
f 3903/3695/26 3904/3696/26 3905/3697/26
f 3906/3698/26 3907/3699/26 3908/3700/26
f 3909/3701/14 3910/3702/14 3911/3703/14
f 3912/3704/14 3913/3705/14 3914/3706/14
f 3915/3707/14 3916/3708/14 3917/3709/14
f 3918/3710/14 3919/3711/14 3920/3712/14
f 3921/3713/14 3922/3714/14 3923/3715/14
f 3924/3716/14 3925/3717/14 3926/3718/14
f 3927/3719/23 3928/3720/23 3929/3721/23
f 3930/3722/23 3931/3723/23 3932/3724/23
f 3933/3725/15 3934/3726/15 3935/3727/15
f 3936/3728/16 3937/3729/16 3938/3730/16
f 3939/3731/17 3940/3732/17 3941/3733/17
f 3942/3734/18 3943/3735/18 3944/3736/18
f 3945/3737/24 3946/3738/24 3947/3739/24
f 3948/3740/24 3949/3741/24 3950/3742/24
f 3951/3743/54 3952/3744/54 3953/3745/54
f 3954/3746/54 3955/3747/54 3956/3748/54
f 3957/3749/19 3958/3750/19 3959/3751/19
f 3960/3752/20 3961/3753/20 3962/3754/20
f 3963/3755/21 3964/3756/21 3965/3757/21
f 3966/3758/22 3967/3759/22 3968/3760/22
f 3969/3761/26 3970/3762/26 3971/3763/26
f 3972/3764/26 3973/3765/26 3974/3766/26
f 3975/3767/14 3976/3768/14 3977/3769/14
f 3978/3770/14 3979/3771/14 3980/3772/14
f 3981/3773/14 3982/3774/14 3983/3775/14
f 3984/3776/14 3985/3777/14 3986/3778/14
f 3987/3779/14 3988/3780/14 3989/3781/14
f 3990/3782/14 3991/3783/14 3992/3784/14
f 3993/3785/23 3994/3786/23 3995/3787/23
f 3996/3788/23 3997/3789/23 3998/3790/23
f 3999/3791/15 4000/3792/15 4001/3793/15
f 4002/3794/16 4003/3795/16 4004/3796/16
f 4005/3797/17 4006/3798/17 4007/3799/17
f 4008/3800/18 4009/3801/18 4010/3802/18
f 4011/3803/24 4012/3804/24 4013/3805/24
f 4014/3806/24 4015/3807/24 4016/3808/24
f 4017/3809/54 4018/3810/54 4019/3811/54
f 4020/3812/54 4021/3813/54 4022/3814/54
f 4023/3815/19 4024/3816/19 4025/3817/19
f 4026/3818/20 4027/3819/20 4028/3820/20
f 4029/3821/21 4030/3822/21 4031/3823/21
f 4032/3824/22 4033/3825/22 4034/3826/22
f 4035/3827/26 4036/3828/26 4037/3829/26
f 4038/3830/26 4039/3831/26 4040/3832/26
f 4041/3833/14 4042/3834/14 4043/3835/14
f 4044/3836/14 4045/3837/14 4046/3838/14
f 4047/3839/14 4048/3840/14 4049/3841/14
f 4050/3842/14 4051/3843/14 4052/3844/14
f 4053/3845/14 4054/3846/14 4055/3847/14
f 4056/3848/14 4057/3849/14 4058/3850/14
f 4059/3851/23 4060/3852/23 4061/3853/23
f 4062/3854/2 4063/3855/2 4064/3856/2
f 4065/3857/15 4066/3858/15 4067/3859/15
f 4068/3860/16 4069/3861/16 4070/3862/16
f 4071/3863/17 4072/3864/17 4073/3865/17
f 4074/3866/18 4075/3867/18 4076/3868/18
f 4077/3869/24 4078/3870/24 4079/3871/24
f 4080/3872/24 4081/3873/24 4082/3874/24
f 4083/3875/54 4084/3876/54 4085/3877/54
f 4086/3878/54 4087/3879/54 4088/3880/54
f 4089/3881/19 4090/3882/19 4091/3883/19
f 4092/3884/20 4093/3885/20 4094/3886/20
f 4095/3887/21 4096/3888/21 4097/3889/21
f 4098/3890/22 4099/3891/22 4100/3892/22
f 4101/3893/26 4102/3894/26 4103/3895/26
f 4104/3896/13 4105/3897/13 4106/3898/13
f 4107/3899/14 4108/3900/14 4109/3901/14
f 4110/3902/14 4111/3903/14 4112/3904/14
f 4113/3905/14 4114/3906/14 4115/3907/14
f 4116/3908/14 4117/3909/14 4118/3910/14
f 4119/3911/14 4120/3912/14 4121/3913/14
f 4122/3914/14 4123/3915/14 4124/3916/14
f 4125/3917/1 4126/3918/1 4127/3919/1
f 4128/3920/1 4129/3921/1 4130/3922/1
f 4131/3923/3 4132/3924/3 4133/3925/3
f 4134/3926/16 4135/3927/16 4136/3928/16
f 4137/3929/17 4138/3930/17 4139/3931/17
f 4140/3932/18 4141/3933/18 4142/3934/18
f 4143/3935/24 4144/3936/24 4145/3937/24
f 4146/3938/24 4147/3939/24 4148/3940/24
f 4149/3941/54 4150/3942/54 4151/3943/54
f 4152/3944/54 4153/3945/54 4154/3946/54
f 4155/3947/19 4156/3948/19 4157/3949/19
f 4158/3950/9 4159/3951/9 4160/3952/9
f 4161/3953/11 4162/3954/11 4163/3955/11
f 4164/3956/22 4165/3957/22 4166/3958/22
f 4167/3959/12 4168/3960/12 4169/3961/12
f 4170/3962/12 4171/3963/12 4172/3964/12
f 4173/3965/14 4174/3966/14 4175/3967/14
f 4176/3968/14 4177/3969/14 4178/3970/14
f 4179/3971/14 4180/3972/14 4181/3973/14
f 4182/3974/14 4183/3975/14 4184/3976/14
f 4185/3977/14 4186/3978/14 4187/3979/14
f 4188/3980/14 4189/3981/14 4190/3982/14
f 4191/3983/23 4192/3984/23 4193/3985/23
f 4194/3986/2 4195/3987/2 4196/3988/2
f 4197/3989/15 4198/3990/15 4199/3991/15
f 4200/3992/16 4201/3993/16 4202/3994/16
f 4203/3995/17 4204/3996/17 4205/3997/17
f 4206/3998/18 4207/3999/18 4208/4000/18
f 4209/4001/5 4210/4002/5 4211/4003/5
f 4212/4004/5 4213/4005/5 4214/4006/5
f 4215/4007/7 4216/4008/7 4217/4009/7
f 4218/4010/7 4219/4011/7 4220/4012/7
f 4221/4013/19 4222/4014/19 4223/4015/19
f 4224/4016/20 4225/4017/20 4226/4018/20
f 4227/4019/21 4228/4020/21 4229/4021/21
f 4230/4022/22 4231/4023/22 4232/4024/22
f 4233/4025/26 4234/4026/26 4235/4027/26
f 4236/4028/13 4237/4029/13 4238/4030/13
f 4239/4031/14 4240/4032/14 4241/4033/14
f 4242/4034/14 4243/4035/14 4244/4036/14
f 4245/4037/14 4246/4038/14 4247/4039/14
f 4248/4040/14 4249/4041/14 4250/4042/14
f 4251/4043/14 4252/4044/14 4253/4045/14
f 4254/4046/14 4255/4047/14 4256/4048/14
f 4257/4049/27 4258/4050/27 4259/4051/27
f 4260/4052/27 4261/4053/27 4262/4054/27
f 4263/4055/28 4264/4056/28 4265/4057/28
f 4266/4058/28 4267/4059/28 4268/4060/28
f 4269/4061/29 4270/4062/29 4271/4063/29
f 4272/4064/29 4273/4065/29 4274/4066/29
f 4275/4067/14 4276/4068/14 4277/4069/14
f 4278/4070/14 4279/4071/14 4280/4072/14
f 4281/4073/27 4282/4074/27 4283/4075/27
f 4284/4076/27 4285/4077/27 4286/4078/27
f 4287/4079/28 4288/4080/28 4289/4081/28
f 4290/4082/28 4291/4083/28 4292/4084/28
f 4293/4085/29 4294/4086/29 4295/4087/29
f 4296/4088/29 4297/4089/29 4298/4090/29
f 4299/4091/14 4300/4092/14 4301/4093/14
f 4302/4094/14 4303/4095/14 4304/4096/14
f 4305/4097/23 4306/4098/23 4307/4099/23
f 4308/4100/2 4309/4101/2 4310/4102/2
f 4311/4103/15 4312/4104/15 4313/4105/15
f 4314/4106/16 4315/4107/16 4316/4108/16
f 4317/4109/17 4318/4110/17 4319/4111/17
f 4320/4112/18 4321/4113/18 4322/4114/18
f 4323/4115/5 4324/4116/5 4325/4117/5
f 4326/4118/24 4327/4119/24 4328/4120/24
f 4329/4121/7 4330/4122/7 4331/4123/7
f 4332/4124/54 4333/4125/54 4334/4126/54
f 4335/4127/19 4336/4128/19 4337/4129/19
f 4338/4130/20 4339/4131/20 4340/4132/20
f 4341/4133/21 4342/4134/21 4343/4135/21
f 4344/4136/22 4345/4137/22 4346/4138/22
f 4347/4139/26 4348/4140/26 4349/4141/26
f 4350/4142/13 4351/4143/13 4352/4144/13
f 4353/4145/14 4354/4146/14 4355/4147/14
f 4356/4148/14 4357/4149/14 4358/4150/14
f 4359/4151/14 4360/4152/14 4361/4153/14
f 4362/4154/14 4363/4155/14 4364/4156/14
f 4365/4157/14 4366/4158/14 4367/4159/14
f 4368/4160/14 4369/4161/14 4370/4162/14
f 4371/4163/2 4372/4164/2 4373/4165/2
f 4374/4166/2 4375/4167/2 4376/4168/2
f 4377/4169/15 4378/4170/15 4379/4171/15
f 4380/4172/16 4381/4173/16 4382/4174/16
f 4383/4175/17 4384/4176/17 4385/4177/17
f 4386/4178/18 4387/4179/18 4388/4180/18
f 4389/4181/5 4390/4182/5 4391/4183/5
f 4392/4184/5 4393/4185/5 4394/4186/5
f 4395/4187/7 4396/4188/7 4397/4189/7
f 4398/4190/7 4399/4191/7 4400/4192/7
f 4401/4193/19 4402/4194/19 4403/4195/19
f 4404/4196/20 4405/4197/20 4406/4198/20
f 4407/4199/21 4408/4200/21 4409/4201/21
f 4410/4202/22 4411/4203/22 4412/4204/22
f 4413/4205/13 4414/4206/13 4415/4207/13
f 4416/4208/13 4417/4209/13 4418/4210/13
f 4419/4211/14 4420/4212/14 4421/4213/14
f 4422/4214/14 4423/4215/14 4424/4216/14
f 4425/4217/14 4426/4218/14 4427/4219/14
f 4428/4220/14 4429/4221/14 4430/4222/14
f 4431/4223/14 4432/4224/14 4433/4225/14
f 4434/4226/14 4435/4227/14 4436/4228/14
f 4437/4229/23 4438/4230/23 4439/4231/23
f 4440/4232/23 4441/4233/23 4442/4234/23
f 4443/4235/15 4444/4236/15 4445/4237/15
f 4446/4238/16 4447/4239/16 4448/4240/16
f 4449/4241/17 4450/4242/17 4451/4243/17
f 4452/4244/18 4453/4245/18 4454/4246/18
f 4455/4247/24 4456/4248/24 4457/4249/24
f 4458/4250/6 4459/4251/6 4460/4252/6
f 4461/4253/54 4462/4254/54 4463/4255/54
f 4464/4256/8 4465/4257/8 4466/4258/8
f 4467/4259/19 4468/4260/19 4469/4261/19
f 4470/4262/9 4471/4263/9 4472/4264/9
f 4473/4265/21 4474/4266/21 4475/4267/21
f 4476/4268/22 4477/4269/22 4478/4270/22
f 4479/4271/26 4480/4272/26 4481/4273/26
f 4482/4274/26 4483/4275/26 4484/4276/26
f 4485/4277/14 4486/4278/14 4487/4279/14
f 4488/4280/14 4489/4281/14 4490/4282/14
f 4491/4283/14 4492/4284/14 4493/4285/14
f 4494/4286/14 4495/4287/14 4496/4288/14
f 4497/4289/14 4498/4290/14 4499/4291/14
f 4500/4292/14 4501/4293/14 4502/4294/14
f 4503/4295/1 4504/4296/1 4505/4297/1
f 4506/4298/1 4507/4299/1 4508/4300/1
f 4509/4301/3 4510/4302/3 4511/4303/3
f 4512/4304/16 4513/4305/16 4514/4306/16
f 4515/4307/17 4516/4308/17 4517/4309/17
f 4518/4310/18 4519/4311/18 4520/4312/18
f 4521/4313/6 4522/4314/6 4523/4315/6
f 4524/4316/6 4525/4317/6 4526/4318/6
f 4527/4319/8 4528/4320/8 4529/4321/8
f 4530/4322/8 4531/4323/8 4532/4324/8
f 4533/4325/19 4534/4326/19 4535/4327/19
f 4536/4328/20 4537/4329/20 4538/4330/20
f 4539/4331/11 4540/4332/11 4541/4333/11
f 4542/4334/22 4543/4335/22 4544/4336/22
f 4545/4337/12 4546/4338/12 4547/4339/12
f 4548/4340/12 4549/4341/12 4550/4342/12
f 4551/4343/14 4552/4344/14 4553/4345/14
f 4554/4346/14 4555/4347/14 4556/4348/14
f 4557/4349/14 4558/4350/14 4559/4351/14
f 4560/4352/14 4561/4353/14 4562/4354/14
f 4563/4355/14 4564/4356/14 4565/4357/14
f 4566/4358/14 4567/4359/14 4568/4360/14
f 4569/4361/2 4570/4362/2 4571/4363/2
f 4572/4364/2 4573/4365/2 4574/4366/2
f 4575/4367/15 4576/4368/15 4577/4369/15
f 4578/4370/16 4579/4371/16 4580/4372/16
f 4581/4373/17 4582/4374/17 4583/4375/17
f 4584/4376/18 4585/4377/18 4586/4378/18
f 4587/4379/5 4588/4380/5 4589/4381/5
f 4590/4382/5 4591/4383/5 4592/4384/5
f 4593/4385/7 4594/4386/7 4595/4387/7
f 4596/4388/7 4597/4389/7 4598/4390/7
f 4599/4391/19 4600/4392/19 4601/4393/19
f 4602/4394/20 4603/4395/20 4604/4396/20
f 4605/4397/21 4606/4398/21 4607/4399/21
f 4608/4400/22 4609/4401/22 4610/4402/22
f 4611/4403/13 4612/4404/13 4613/4405/13
f 4614/4406/13 4615/4407/13 4616/4408/13
f 4617/4409/14 4618/4410/14 4619/4411/14
f 4620/4412/14 4621/4413/14 4622/4414/14
f 4623/4415/14 4624/4416/14 4625/4417/14
f 4626/4418/14 4627/4419/14 4628/4420/14
f 4629/4421/14 4630/4422/14 4631/4423/14
f 4632/4424/14 4633/4425/14 4634/4426/14
f 4635/4427/1 4636/4428/1 4637/4429/1
f 4638/4430/1 4639/4431/1 4640/4432/1
f 4641/4433/15 4642/4434/15 4643/4435/15
f 4644/4436/16 4645/4437/16 4646/4438/16
f 4647/4439/17 4648/4440/17 4649/4441/17
f 4650/4442/18 4651/4443/18 4652/4444/18
f 4653/4445/5 4654/4446/5 4655/4447/5
f 4656/4448/5 4657/4449/5 4658/4450/5
f 4659/4451/7 4660/4452/7 4661/4453/7
f 4662/4454/7 4663/4455/7 4664/4456/7
f 4665/4457/19 4666/4458/19 4667/4459/19
f 4668/4460/20 4669/4461/20 4670/4462/20
f 4671/4463/21 4672/4464/21 4673/4465/21
f 4674/4466/22 4675/4467/22 4676/4468/22
f 4677/4469/12 4678/4470/12 4679/4471/12
f 4680/4472/12 4681/4473/12 4682/4474/12
f 4683/4475/14 4684/4476/14 4685/4477/14
f 4686/4478/14 4687/4479/14 4688/4480/14
f 4689/4481/14 4690/4482/14 4691/4483/14
f 4692/4484/14 4693/4485/14 4694/4486/14
f 4695/4487/14 4696/4488/14 4697/4489/14
f 4698/4490/14 4699/4491/14 4700/4492/14
f 4701/4493/1 4702/4494/1 4703/4495/1
f 4704/4496/2 4705/4497/2 4706/4498/2
f 4707/4499/15 4708/4500/15 4709/4501/15
f 4710/4502/16 4711/4503/16 4712/4504/16
f 4713/4505/17 4714/4506/17 4715/4507/17
f 4716/4508/18 4717/4509/18 4718/4510/18
f 4719/4511/5 4720/4512/5 4721/4513/5
f 4722/4514/5 4723/4515/5 4724/4516/5
f 4725/4517/7 4726/4518/7 4727/4519/7
f 4728/4520/7 4729/4521/7 4730/4522/7
f 4731/4523/19 4732/4524/19 4733/4525/19
f 4734/4526/20 4735/4527/20 4736/4528/20
f 4737/4529/21 4738/4530/21 4739/4531/21
f 4740/4532/22 4741/4533/22 4742/4534/22
f 4743/4535/12 4744/4536/12 4745/4537/12
f 4746/4538/13 4747/4539/13 4748/4540/13
f 4749/4541/14 4750/4542/14 4751/4543/14
f 4752/4544/14 4753/4545/14 4754/4546/14
f 4755/4547/14 4756/4548/14 4757/4549/14
f 4758/4550/14 4759/4551/14 4760/4552/14
f 4761/4553/14 4762/4554/14 4763/4555/14
f 4764/4556/14 4765/4557/14 4766/4558/14
f 4767/4559/27 4768/4560/27 4769/4561/27
f 4770/4562/27 4771/4563/27 4772/4564/27
f 4773/4565/28 4774/4566/28 4775/4567/28
f 4776/4568/28 4777/4569/28 4778/4570/28
f 4779/4571/29 4780/4572/29 4781/4573/29
f 4782/4574/29 4783/4575/29 4784/4576/29
f 4785/4577/14 4786/4578/14 4787/4579/14
f 4788/4580/14 4789/4581/14 4790/4582/14
f 4791/4583/27 4792/4584/27 4793/4585/27
f 4794/4586/27 4795/4587/27 4796/4588/27
f 4797/4589/28 4798/4590/28 4799/4591/28
f 4800/4592/28 4801/4593/28 4802/4594/28
f 4803/4595/29 4804/4596/29 4805/4597/29
f 4806/4598/29 4807/4599/29 4808/4600/29
f 4809/4601/14 4810/4602/14 4811/4603/14
f 4812/4604/14 4813/4605/14 4814/4606/14
f 4815/4607/18 4816/4608/18 4817/4609/18
f 4818/4610/17 4819/4611/17 4820/4612/17
f 4821/4613/6 4822/4614/6 4823/4615/6
f 4824/4616/6 4825/4617/6 4826/4618/6
f 4827/4619/8 4828/4620/8 4829/4621/8
f 4830/4622/8 4831/4623/8 4832/4624/8
f 4833/4625/20 4834/4626/20 4835/4627/20
f 4836/4628/20 4837/4629/20 4838/4630/20
f 4839/4631/21 4840/4632/21 4841/4633/21
f 4842/4634/21 4843/4635/21 4844/4636/21
f 4845/4637/13 4846/4638/13 4847/4639/13
f 4848/4640/13 4849/4641/13 4850/4642/13
f 4851/4643/2 4852/4644/2 4853/4645/2
f 4854/4646/2 4855/4647/2 4856/4648/2
f 4857/4649/16 4858/4650/16 4859/4651/16
f 4860/4652/15 4861/4653/15 4862/4654/15
f 4863/4655/14 4864/4656/14 4865/4657/14
f 4866/4658/14 4867/4659/14 4868/4660/14
f 4869/4661/14 4870/4662/14 4871/4663/14
f 4872/4664/14 4873/4665/14 4874/4666/14
f 4875/4667/14 4876/4668/14 4877/4669/14
f 4878/4670/14 4879/4671/14 4880/4672/14
f 4881/4673/18 4882/4674/18 4883/4675/18
f 4884/4676/17 4885/4677/17 4886/4678/17
f 4887/4679/6 4888/4680/6 4889/4681/6
f 4890/4682/57 4891/4683/57 4892/4684/57
f 4893/4685/8 4894/4686/8 4895/4687/8
f 4896/4688/8 4897/4689/8 4898/4690/8
f 4899/4691/19 4900/4692/19 4901/4693/19
f 4902/4694/20 4903/4695/20 4904/4696/20
f 4905/4697/21 4906/4698/21 4907/4699/21
f 4908/4700/22 4909/4701/22 4910/4702/22
f 4911/4703/13 4912/4704/13 4913/4705/13
f 4914/4706/13 4915/4707/13 4916/4708/13
f 4917/4709/23 4918/4710/23 4919/4711/23
f 4920/4712/2 4921/4713/2 4922/4714/2
f 4923/4715/15 4924/4716/15 4925/4717/15
f 4926/4718/16 4927/4719/16 4928/4720/16
f 4929/4721/14 4930/4722/14 4931/4723/14
f 4932/4724/14 4933/4725/14 4934/4726/14
f 4935/4727/14 4936/4728/14 4937/4729/14
f 4938/4730/14 4939/4731/14 4940/4732/14
f 4941/4733/14 4942/4734/14 4943/4735/14
f 4944/4736/14 4945/4737/14 4946/4738/14
f 4947/4739/58 4948/4740/58 4949/4741/58
f 4950/4742/18 4951/4743/18 4952/4744/18
f 4953/4745/6 4954/4746/6 4955/4747/6
f 4956/4748/6 4957/4749/6 4958/4750/6
f 4959/4751/8 4960/4752/8 4961/4753/8
f 4962/4754/8 4963/4755/8 4964/4756/8
f 4965/4757/59 4966/4758/59 4967/4759/59
f 4968/4760/19 4969/4761/19 4970/4762/19
f 4971/4763/22 4972/4764/22 4973/4765/22
f 4974/4766/60 4975/4767/60 4976/4768/60
f 4977/4769/13 4978/4770/13 4979/4771/13
f 4980/4772/13 4981/4773/13 4982/4774/13
f 4983/4775/2 4984/4776/2 4985/4777/2
f 4986/4778/2 4987/4779/2 4988/4780/2
f 4989/4781/16 4990/4782/16 4991/4783/16
f 4992/4784/61 4993/4785/61 4994/4786/61
f 4995/4787/14 4996/4788/14 4997/4789/14
f 4998/4790/14 4999/4791/14 5000/4792/14
f 5001/4793/14 5002/4794/14 5003/4795/14
f 5004/4796/14 5005/4797/14 5006/4798/14
f 5007/4799/14 5008/4800/14 5009/4801/14
f 5010/4802/14 5011/4803/14 5012/4804/14
f 5013/4805/4 5014/4806/4 5015/4807/4
f 5016/4808/17 5017/4809/17 5018/4810/17
f 5019/4811/5 5020/4812/5 5021/4813/5
f 5022/4814/6 5023/4815/6 5024/4816/6
f 5025/4817/7 5026/4818/7 5027/4819/7
f 5028/4820/25 5029/4821/25 5030/4822/25
f 5031/4823/9 5032/4824/9 5033/4825/9
f 5034/4826/9 5035/4827/9 5036/4828/9
f 5037/4829/11 5038/4830/11 5039/4831/11
f 5040/4832/11 5041/4833/11 5042/4834/11
f 5043/4835/35 5044/4836/35 5045/4837/35
f 5046/4838/12 5047/4839/12 5048/4840/12
f 5049/4841/1 5050/4842/1 5051/4843/1
f 5052/4844/1 5053/4845/1 5054/4846/1
f 5055/4847/15 5056/4848/15 5057/4849/15
f 5058/4850/3 5059/4851/3 5060/4852/3
f 5061/4853/14 5062/4854/14 5063/4855/14
f 5064/4856/14 5065/4857/14 5066/4858/14
f 5067/4859/14 5068/4860/14 5069/4861/14
f 5070/4862/14 5071/4863/14 5072/4864/14
f 5073/4865/14 5074/4866/14 5075/4867/14
f 5076/4868/14 5077/4869/14 5078/4870/14
f 5079/4871/62 5080/4872/62 5081/4873/62
f 5082/4874/17 5083/4875/17 5084/4876/17
f 5085/4877/5 5086/4878/5 5087/4879/5
f 5088/4880/57 5089/4881/57 5090/4882/57
f 5091/4883/7 5092/4884/7 5093/4885/7
f 5094/4886/25 5095/4887/25 5096/4888/25
f 5097/4889/9 5098/4890/9 5099/4891/9
f 5100/4892/9 5101/4893/9 5102/4894/9
f 5103/4895/11 5104/4896/11 5105/4897/11
f 5106/4898/11 5107/4899/11 5108/4900/11
f 5109/4901/35 5110/4902/35 5111/4903/35
f 5112/4904/12 5113/4905/12 5114/4906/12
f 5115/4907/1 5116/4908/1 5117/4909/1
f 5118/4910/63 5119/4911/63 5120/4912/63
f 5121/4913/15 5122/4914/15 5123/4915/15
f 5124/4916/34 5125/4917/34 5126/4918/34
f 5127/4919/14 5128/4920/14 5129/4921/14
f 5130/4922/14 5131/4923/14 5132/4924/14
f 5133/4925/14 5134/4926/14 5135/4927/14
f 5136/4928/14 5137/4929/14 5138/4930/14
f 5139/4931/14 5140/4932/14 5141/4933/14
f 5142/4934/14 5143/4935/14 5144/4936/14
f 5145/4937/4 5146/4938/4 5147/4939/4
f 5148/4940/4 5149/4941/4 5150/4942/4
f 5151/4943/5 5152/4944/5 5153/4945/5
f 5154/4946/6 5155/4947/6 5156/4948/6
f 5157/4949/7 5158/4950/7 5159/4951/7
f 5160/4952/25 5161/4953/25 5162/4954/25
f 5163/4955/9 5164/4956/9 5165/4957/9
f 5166/4958/9 5167/4959/9 5168/4960/9
f 5169/4961/11 5170/4962/11 5171/4963/11
f 5172/4964/11 5173/4965/11 5174/4966/11
f 5175/4967/12 5176/4968/12 5177/4969/12
f 5178/4970/35 5179/4971/35 5180/4972/35
f 5181/4973/1 5182/4974/1 5183/4975/1
f 5184/4976/1 5185/4977/1 5186/4978/1
f 5187/4979/3 5188/4980/3 5189/4981/3
f 5190/4982/3 5191/4983/3 5192/4984/3
f 5193/4985/14 5194/4986/14 5195/4987/14
f 5196/4988/14 5197/4989/14 5198/4990/14
f 5199/4991/14 5200/4992/14 5201/4993/14
f 5202/4994/14 5203/4995/14 5204/4996/14
f 5205/4997/14 5206/4998/14 5207/4999/14
f 5208/5000/14 5209/5001/14 5210/5002/14
f 5211/5003/17 5212/5004/17 5213/5005/17
f 5214/5006/4 5215/5007/4 5216/5008/4
f 5217/5009/5 5218/5010/5 5219/5011/5
f 5220/5012/6 5221/5013/6 5222/5014/6
f 5223/5015/7 5224/5016/7 5225/5017/7
f 5226/5018/8 5227/5019/8 5228/5020/8
f 5229/5021/20 5230/5022/20 5231/5023/20
f 5232/5024/9 5233/5025/9 5234/5026/9
f 5235/5027/11 5236/5028/11 5237/5029/11
f 5238/5030/21 5239/5031/21 5240/5032/21
f 5241/5033/12 5242/5034/12 5243/5035/12
f 5244/5036/12 5245/5037/12 5246/5038/12
f 5247/5039/1 5248/5040/1 5249/5041/1
f 5250/5042/1 5251/5043/1 5252/5044/1
f 5253/5045/3 5254/5046/3 5255/5047/3
f 5256/5048/15 5257/5049/15 5258/5050/15
f 5259/5051/14 5260/5052/14 5261/5053/14
f 5262/5054/14 5263/5055/14 5264/5056/14
f 5265/5057/14 5266/5058/14 5267/5059/14
f 5268/5060/14 5269/5061/14 5270/5062/14
f 5271/5063/14 5272/5064/14 5273/5065/14
f 5274/5066/14 5275/5067/14 5276/5068/14
f 5277/5069/31 5278/5070/31 5279/5071/31
f 5280/5072/31 5281/5073/31 5282/5074/31
f 5283/5075/28 5284/5076/28 5285/5077/28
f 5286/5078/28 5287/5079/28 5288/5080/28
f 5289/5081/30 5290/5082/30 5291/5083/30
f 5292/5084/30 5293/5085/30 5294/5086/30
f 5295/5087/14 5296/5088/14 5297/5089/14
f 5298/5090/14 5299/5091/14 5300/5092/14
f 5301/5093/31 5302/5094/31 5303/5095/31
f 5304/5096/31 5305/5097/31 5306/5098/31
f 5307/5099/28 5308/5100/28 5309/5101/28
f 5310/5102/28 5311/5103/28 5312/5104/28
f 5313/5105/30 5314/5106/30 5315/5107/30
f 5316/5108/30 5317/5109/30 5318/5110/30
f 5319/5111/14 5320/5112/14 5321/5113/14
f 5322/5114/14 5323/5115/14 5324/5116/14
f 5325/5117/4 5326/5118/4 5327/5119/4
f 5328/5120/17 5329/5121/17 5330/5122/17
f 5331/5123/6 5332/5124/6 5333/5125/6
f 5334/5126/6 5335/5127/6 5336/5128/6
f 5337/5129/8 5338/5130/8 5339/5131/8
f 5340/5132/8 5341/5133/8 5342/5134/8
f 5343/5135/20 5344/5136/20 5345/5137/20
f 5346/5138/9 5347/5139/9 5348/5140/9
f 5349/5141/21 5350/5142/21 5351/5143/21
f 5352/5144/11 5353/5145/11 5354/5146/11
f 5355/5147/13 5356/5148/13 5357/5149/13
f 5358/5150/13 5359/5151/13 5360/5152/13
f 5361/5153/2 5362/5154/2 5363/5155/2
f 5364/5156/2 5365/5157/2 5366/5158/2
f 5367/5159/3 5368/5160/3 5369/5161/3
f 5370/5162/15 5371/5163/15 5372/5164/15
f 5373/5165/14 5374/5166/14 5375/5167/14
f 5376/5168/14 5377/5169/14 5378/5170/14
f 5379/5171/14 5380/5172/14 5381/5173/14
f 5382/5174/14 5383/5175/14 5384/5176/14
f 5385/5177/14 5386/5178/14 5387/5179/14
f 5388/5180/14 5389/5181/14 5390/5182/14
f 5391/5183/4 5392/5184/4 5393/5185/4
f 5394/5186/4 5395/5187/4 5396/5188/4
f 5397/5189/6 5398/5190/6 5399/5191/6
f 5400/5192/57 5401/5193/57 5402/5194/57
f 5403/5195/8 5404/5196/8 5405/5197/8
f 5406/5198/25 5407/5199/25 5408/5200/25
f 5409/5201/9 5410/5202/9 5411/5203/9
f 5412/5204/9 5413/5205/9 5414/5206/9
f 5415/5207/11 5416/5208/11 5417/5209/11
f 5418/5210/11 5419/5211/11 5420/5212/11
f 5421/5213/13 5422/5214/13 5423/5215/13
f 5424/5216/13 5425/5217/13 5426/5218/13
f 5427/5219/2 5428/5220/2 5429/5221/2
f 5430/5222/2 5431/5223/2 5432/5224/2
f 5433/5225/3 5434/5226/3 5435/5227/3
f 5436/5228/3 5437/5229/3 5438/5230/3
f 5439/5231/14 5440/5232/14 5441/5233/14
f 5442/5234/14 5443/5235/14 5444/5236/14
f 5445/5237/14 5446/5238/14 5447/5239/14
f 5448/5240/14 5449/5241/14 5450/5242/14
f 5451/5243/14 5452/5244/14 5453/5245/14
f 5454/5246/14 5455/5247/14 5456/5248/14
f 5457/5249/4 5458/5250/4 5459/5251/4
f 5460/5252/4 5461/5253/4 5462/5254/4
f 5463/5255/57 5464/5256/57 5465/5257/57
f 5466/5258/57 5467/5259/57 5468/5260/57
f 5469/5261/25 5470/5262/25 5471/5263/25
f 5472/5264/25 5473/5265/25 5474/5266/25
f 5475/5267/9 5476/5268/9 5477/5269/9
f 5478/5270/9 5479/5271/9 5480/5272/9
f 5481/5273/11 5482/5274/11 5483/5275/11
f 5484/5276/11 5485/5277/11 5486/5278/11
f 5487/5279/13 5488/5280/13 5489/5281/13
f 5490/5282/13 5491/5283/13 5492/5284/13
f 5493/5285/2 5494/5286/2 5495/5287/2
f 5496/5288/2 5497/5289/2 5498/5290/2
f 5499/5291/3 5500/5292/3 5501/5293/3
f 5502/5294/3 5503/5295/3 5504/5296/3
f 5505/5297/14 5506/5298/14 5507/5299/14
f 5508/5300/14 5509/5301/14 5510/5302/14
f 5511/5303/14 5512/5304/14 5513/5305/14
f 5514/5306/14 5515/5307/14 5516/5308/14
f 5517/5309/14 5518/5310/14 5519/5311/14
f 5520/5312/14 5521/5313/14 5522/5314/14
f 5523/5315/4 5524/5316/4 5525/5317/4
f 5526/5318/4 5527/5319/4 5528/5320/4
f 5529/5321/5 5530/5322/5 5531/5323/5
f 5532/5324/6 5533/5325/6 5534/5326/6
f 5535/5327/7 5536/5328/7 5537/5329/7
f 5538/5330/8 5539/5331/8 5540/5332/8
f 5541/5333/9 5542/5334/9 5543/5335/9
f 5544/5336/9 5545/5337/9 5546/5338/9
f 5547/5339/11 5548/5340/11 5549/5341/11
f 5550/5342/11 5551/5343/11 5552/5344/11
f 5553/5345/12 5554/5346/12 5555/5347/12
f 5556/5348/35 5557/5349/35 5558/5350/35
f 5559/5351/1 5560/5352/1 5561/5353/1
f 5562/5354/1 5563/5355/1 5564/5356/1
f 5565/5357/3 5566/5358/3 5567/5359/3
f 5568/5360/3 5569/5361/3 5570/5362/3
f 5571/5363/14 5572/5364/14 5573/5365/14
f 5574/5366/14 5575/5367/14 5576/5368/14
f 5577/5369/14 5578/5370/14 5579/5371/14
f 5580/5372/14 5581/5373/14 5582/5374/14
f 5583/5375/14 5584/5376/14 5585/5377/14
f 5586/5378/14 5587/5379/14 5588/5380/14
f 5589/5381/31 5590/5382/31 5591/5383/31
f 5591/5383/31 5592/5384/31 5589/5381/31
f 5593/5385/28 5594/5386/28 5595/5387/28
f 5595/5387/28 5596/5388/28 5593/5385/28
f 5597/5389/30 5598/5390/30 5599/5391/30
f 5599/5391/30 5600/5392/30 5597/5389/30
f 5601/5393/14 5602/5394/14 5603/5395/14
f 5603/5395/14 5604/5396/14 5601/5393/14
f 5605/5397/31 5606/5398/31 5607/5399/31
f 5607/5399/31 5608/5400/31 5605/5397/31
f 5609/5401/28 5610/5402/28 5611/5403/28
f 5611/5403/28 5612/5404/28 5609/5401/28
f 5613/5405/64 5614/5406/64 5615/5407/30
f 5615/5407/30 5616/5408/30 5613/5405/64
f 5617/5409/14 5618/5410/14 5619/5411/14
f 5619/5411/14 5620/5412/14 5617/5409/14
f 5621/5413/31 5622/5414/31 5623/5415/31
f 5624/5416/28 5625/5417/28 5626/5418/28
f 5627/5419/30 5628/5420/30 5629/5421/30
f 5630/5422/14 5631/5423/14 5632/5424/14
f 5633/5425/31 5634/5426/31 5635/5427/31
f 5636/5428/28 5637/5429/28 5638/5430/28
f 5639/5431/65 5640/5432/65 5641/5433/65
f 5642/5434/14 5643/5435/14 5644/5436/14
f 5645/5437/11 5646/5438/11 5647/5439/11
f 5648/5440/21 5649/5441/21 5650/5442/21
f 5651/5443/26 5652/5444/26 5653/5445/26
f 5654/5446/26 5655/5447/26 5656/5448/26
f 5657/5449/23 5658/5450/23 5659/5451/23
f 5660/5452/23 5661/5453/23 5662/5454/23
f 5663/5455/15 5664/5456/15 5665/5457/15
f 5666/5458/15 5667/5459/15 5668/5460/15
f 5669/5461/17 5670/5462/17 5671/5463/17
f 5672/5464/17 5673/5465/17 5674/5466/17
f 5675/5467/24 5676/5468/24 5677/5469/24
f 5678/5470/6 5679/5471/6 5680/5472/6
f 5681/5473/54 5682/5474/54 5683/5475/54
f 5684/5476/8 5685/5477/8 5686/5478/8
f 5687/5479/9 5688/5480/9 5689/5481/9
f 5690/5482/20 5691/5483/20 5692/5484/20
f 5693/5485/14 5694/5486/14 5695/5487/14
f 5696/5488/14 5697/5489/14 5698/5490/14
f 5699/5491/14 5700/5492/14 5701/5493/14
f 5702/5494/14 5703/5495/14 5704/5496/14
f 5705/5497/14 5706/5498/14 5707/5499/14
f 5708/5500/14 5709/5501/14 5710/5502/14
f 5711/5503/1 5712/5504/1 5713/5505/1
f 5714/5506/2 5715/5507/2 5716/5508/2
f 5717/5509/15 5718/5510/15 5719/5511/15
f 5720/5512/3 5721/5513/3 5722/5514/3
f 5723/5515/4 5724/5516/4 5725/5517/4
f 5726/5518/17 5727/5519/17 5728/5520/17
f 5729/5521/5 5730/5522/5 5731/5523/5
f 5732/5524/6 5733/5525/6 5734/5526/6
f 5735/5527/7 5736/5528/7 5737/5529/7
f 5738/5530/25 5739/5531/25 5740/5532/25
f 5741/5533/9 5742/5534/9 5743/5535/9
f 5744/5536/20 5745/5537/20 5746/5538/20
f 5747/5539/21 5748/5540/21 5749/5541/21
f 5750/5542/11 5751/5543/11 5752/5544/11
f 5753/5545/35 5754/5546/35 5755/5547/35
f 5756/5548/13 5757/5549/13 5758/5550/13
f 5759/5551/14 5760/5552/14 5761/5553/14
f 5762/5554/14 5763/5555/14 5764/5556/14
f 5765/5557/14 5766/5558/14 5767/5559/14
f 5768/5560/14 5769/5561/14 5770/5562/14
f 5771/5563/14 5772/5564/14 5773/5565/14
f 5774/5566/14 5775/5567/14 5776/5568/14
f 5777/5569/11 5778/5570/11 5779/5571/11
f 5780/5572/21 5781/5573/21 5782/5574/21
f 5783/5575/13 5784/5576/13 5785/5577/13
f 5786/5578/13 5787/5579/13 5788/5580/13
f 5789/5581/2 5790/5582/2 5791/5583/2
f 5792/5584/2 5793/5585/2 5794/5586/2
f 5795/5587/15 5796/5588/15 5797/5589/15
f 5798/5590/15 5799/5591/15 5800/5592/15
f 5801/5593/17 5802/5594/17 5803/5595/17
f 5804/5596/17 5805/5597/17 5806/5598/17
f 5807/5599/5 5808/5600/5 5809/5601/5
f 5810/5602/5 5811/5603/5 5812/5604/5
f 5813/5605/7 5814/5606/7 5815/5607/7
f 5816/5608/7 5817/5609/7 5818/5610/7
f 5819/5611/9 5820/5612/9 5821/5613/9
f 5822/5614/20 5823/5615/20 5824/5616/20
f 5825/5617/14 5826/5618/14 5827/5619/14
f 5828/5620/14 5829/5621/14 5830/5622/14
f 5831/5623/14 5832/5624/14 5833/5625/14
f 5834/5626/14 5835/5627/14 5836/5628/14
f 5837/5629/14 5838/5630/14 5839/5631/14
f 5840/5632/14 5841/5633/14 5842/5634/14
f 5843/5635/11 5844/5636/11 5845/5637/11
f 5846/5638/21 5847/5639/21 5848/5640/21
f 5849/5641/13 5850/5642/13 5851/5643/13
f 5852/5644/13 5853/5645/13 5854/5646/13
f 5855/5647/2 5856/5648/2 5857/5649/2
f 5858/5650/2 5859/5651/2 5860/5652/2
f 5861/5653/15 5862/5654/15 5863/5655/15
f 5864/5656/15 5865/5657/15 5866/5658/15
f 5867/5659/17 5868/5660/17 5869/5661/17
f 5870/5662/17 5871/5663/17 5872/5664/17
f 5873/5665/24 5874/5666/24 5875/5667/24
f 5876/5668/24 5877/5669/24 5878/5670/24
f 5879/5671/54 5880/5672/54 5881/5673/54
f 5882/5674/54 5883/5675/54 5884/5676/54
f 5885/5677/9 5886/5678/9 5887/5679/9
f 5888/5680/20 5889/5681/20 5890/5682/20
f 5891/5683/14 5892/5684/14 5893/5685/14
f 5894/5686/14 5895/5687/14 5896/5688/14
f 5897/5689/14 5898/5690/14 5899/5691/14
f 5900/5692/14 5901/5693/14 5902/5694/14
f 5903/5695/14 5904/5696/14 5905/5697/14
f 5906/5698/14 5907/5699/14 5908/5700/14
f 5909/5701/11 5910/5702/11 5911/5703/11
f 5912/5704/21 5913/5705/21 5914/5706/21
f 5915/5707/13 5916/5708/13 5917/5709/13
f 5918/5710/13 5919/5711/13 5920/5712/13
f 5921/5713/2 5922/5714/2 5923/5715/2
f 5924/5716/2 5925/5717/2 5926/5718/2
f 5927/5719/15 5928/5720/15 5929/5721/15
f 5930/5722/15 5931/5723/15 5932/5724/15
f 5933/5725/17 5934/5726/17 5935/5727/17
f 5936/5728/17 5937/5729/17 5938/5730/17
f 5939/5731/5 5940/5732/5 5941/5733/5
f 5942/5734/24 5943/5735/24 5944/5736/24
f 5945/5737/7 5946/5738/7 5947/5739/7
f 5948/5740/54 5949/5741/54 5950/5742/54
f 5951/5743/9 5952/5744/9 5953/5745/9
f 5954/5746/20 5955/5747/20 5956/5748/20
f 5957/5749/14 5958/5750/14 5959/5751/14
f 5960/5752/14 5961/5753/14 5962/5754/14
f 5963/5755/14 5964/5756/14 5965/5757/14
f 5966/5758/14 5967/5759/14 5968/5760/14
f 5969/5761/14 5970/5762/14 5971/5763/14
f 5972/5764/14 5973/5765/14 5974/5766/14
f 5975/5767/11 5976/5768/11 5977/5769/11
f 5978/5770/21 5979/5771/21 5980/5772/21
f 5981/5773/13 5982/5774/13 5983/5775/13
f 5984/5776/13 5985/5777/13 5986/5778/13
f 5987/5779/2 5988/5780/2 5989/5781/2
f 5990/5782/2 5991/5783/2 5992/5784/2
f 5993/5785/15 5994/5786/15 5995/5787/15
f 5996/5788/15 5997/5789/15 5998/5790/15
f 5999/5791/17 6000/5792/17 6001/5793/17
f 6002/5794/17 6003/5795/17 6004/5796/17
f 6005/5797/5 6006/5798/5 6007/5799/5
f 6008/5800/24 6009/5801/24 6010/5802/24
f 6011/5803/7 6012/5804/7 6013/5805/7
f 6014/5806/54 6015/5807/54 6016/5808/54
f 6017/5809/9 6018/5810/9 6019/5811/9
f 6020/5812/20 6021/5813/20 6022/5814/20
f 6023/5815/14 6024/5816/14 6025/5817/14
f 6026/5818/14 6027/5819/14 6028/5820/14
f 6029/5821/14 6030/5822/14 6031/5823/14
f 6032/5824/14 6033/5825/14 6034/5826/14
f 6035/5827/14 6036/5828/14 6037/5829/14
f 6038/5830/14 6039/5831/14 6040/5832/14
f 6041/5833/39 6042/5834/29 6043/5835/29
f 6043/5835/29 6044/5836/39 6041/5833/39
f 6045/5837/28 6046/5838/28 6047/5839/28
f 6047/5839/28 6048/5840/28 6045/5837/28
f 6049/5841/27 6050/5842/27 6051/5843/27
f 6051/5843/27 6052/5844/27 6049/5841/27
f 6053/5845/14 6054/5846/14 6055/5847/14
f 6055/5847/14 6056/5848/14 6053/5845/14
f 6057/5849/29 6058/5850/29 6059/5851/29
f 6060/5852/39 6061/5853/39 6062/5854/39
f 6063/5855/28 6064/5856/28 6065/5857/28
f 6066/5858/28 6067/5859/28 6068/5860/28
f 6069/5861/27 6070/5862/27 6071/5863/27
f 6072/5864/27 6073/5865/27 6074/5866/27
f 6075/5867/14 6076/5868/14 6077/5869/14
f 6078/5870/14 6079/5871/14 6080/5872/14
f 6081/5873/39 6082/5874/29 6083/5875/29
f 6083/5875/29 6084/5876/39 6081/5873/39
f 6085/5877/28 6086/5878/28 6087/5879/28
f 6087/5879/28 6088/5880/28 6085/5877/28
f 6089/5881/27 6090/5882/27 6091/5883/27
f 6091/5883/27 6092/5884/27 6089/5881/27
f 6093/5885/14 6094/5886/14 6095/5887/14
f 6095/5887/14 6096/5888/14 6093/5885/14
f 6097/5889/29 6098/5890/29 6099/5891/29
f 6100/5892/39 6101/5893/39 6102/5894/39
f 6103/5895/28 6104/5896/28 6105/5897/28
f 6106/5898/28 6107/5899/28 6108/5900/28
f 6109/5901/27 6110/5902/27 6111/5903/27
f 6112/5904/27 6113/5905/27 6114/5906/27
f 6115/5907/14 6116/5908/14 6117/5909/14
f 6118/5910/14 6119/5911/14 6120/5912/14
f 6121/5913/29 6122/5914/29 6123/5915/29
f 6124/5916/28 6125/5917/28 6126/5918/28
f 6127/5919/27 6128/5920/27 6129/5921/27
f 6130/5922/14 6131/5923/14 6132/5924/14
f 6133/5925/29 6134/5926/29 6135/5927/29
f 6136/5928/28 6137/5929/28 6138/5930/28
f 6139/5931/27 6140/5932/27 6141/5933/27
f 6142/5934/14 6143/5935/14 6144/5936/14
f 6145/5937/44 6146/5938/44 6147/5939/44
f 6147/5939/44 6148/5940/44 6145/5937/44
f 6149/5941/45 6150/5942/28 6151/5943/28
f 6151/5943/28 6152/5944/45 6149/5941/45
f 6153/5945/46 6154/5946/46 6155/5947/46
f 6155/5947/46 6156/5948/46 6153/5945/46
f 6157/5949/28 6158/5950/14 6159/5951/14
f 6159/5951/14 6160/5952/28 6157/5949/28
f 6161/5953/44 6162/5954/44 6163/5955/44
f 6163/5955/44 6164/5956/44 6161/5953/44
f 6165/5957/14 6166/5958/28 6167/5959/28
f 6167/5959/28 6168/5960/14 6165/5957/14
f 6169/5961/46 6170/5962/46 6171/5963/46
f 6171/5963/46 6172/5964/46 6169/5961/46
f 6173/5965/28 6174/5966/14 6175/5967/14
f 6175/5967/14 6176/5968/28 6173/5965/28
f 6177/5969/44 6178/5970/44 6179/5971/44
f 6179/5971/44 6180/5972/44 6177/5969/44
f 6181/5973/14 6182/5974/28 6183/5975/28
f 6183/5975/28 6184/5976/14 6181/5973/14
f 6185/5977/46 6186/5978/46 6187/5979/46
f 6187/5979/46 6188/5980/46 6185/5977/46
f 6189/5981/28 6190/5982/14 6191/5983/14
f 6191/5983/14 6192/5984/28 6189/5981/28
f 6193/5985/44 6194/5986/44 6195/5987/44
f 6195/5987/44 6196/5988/44 6193/5985/44
f 6197/5989/14 6198/5990/28 6199/5991/28
f 6199/5991/28 6200/5992/14 6197/5989/14
f 6201/5993/46 6202/5994/46 6203/5995/46
f 6203/5995/46 6204/5996/46 6201/5993/46
f 6205/5997/28 6206/5998/14 6207/5999/14
f 6207/5999/14 6208/6000/28 6205/5997/28
f 6209/6001/11 6210/6002/11 6211/6003/11
f 6212/6004/21 6213/6005/21 6214/6006/21
f 6215/6007/26 6216/6008/26 6217/6009/26
f 6218/6010/26 6219/6011/26 6220/6012/26
f 6221/6013/23 6222/6014/23 6223/6015/23
f 6224/6016/23 6225/6017/23 6226/6018/23
f 6227/6019/15 6228/6020/15 6229/6021/15
f 6230/6022/15 6231/6023/15 6232/6024/15
f 6233/6025/17 6234/6026/17 6235/6027/17
f 6236/6028/17 6237/6029/17 6238/6030/17
f 6239/6031/24 6240/6032/24 6241/6033/24
f 6242/6034/57 6243/6035/57 6244/6036/57
f 6245/6037/54 6246/6038/54 6247/6039/54
f 6248/6040/25 6249/6041/25 6250/6042/25
f 6251/6043/9 6252/6044/9 6253/6045/9
f 6254/6046/20 6255/6047/20 6256/6048/20
f 6257/6049/14 6258/6050/14 6259/6051/14
f 6260/6052/14 6261/6053/14 6262/6054/14
f 6263/6055/14 6264/6056/14 6265/6057/14
f 6266/6058/14 6267/6059/14 6268/6060/14
f 6269/6061/14 6270/6062/14 6271/6063/14
f 6272/6064/14 6273/6065/14 6274/6066/14
f 6275/6067/23 6276/6068/23 6277/6069/23
f 6278/6070/2 6279/6071/2 6280/6072/2
f 6281/6073/15 6282/6074/15 6283/6075/15
f 6284/6076/3 6285/6077/3 6286/6078/3
f 6287/6079/4 6288/6080/4 6289/6081/4
f 6290/6082/17 6291/6083/17 6292/6084/17
f 6293/6085/5 6294/6086/5 6295/6087/5
f 6296/6088/24 6297/6089/24 6298/6090/24
f 6299/6091/7 6300/6092/7 6301/6093/7
f 6302/6094/54 6303/6095/54 6304/6096/54
f 6305/6097/9 6306/6098/9 6307/6099/9
f 6308/6100/20 6309/6101/20 6310/6102/20
f 6311/6103/21 6312/6104/21 6313/6105/21
f 6314/6106/11 6315/6107/11 6316/6108/11
f 6317/6109/26 6318/6110/26 6319/6111/26
f 6320/6112/13 6321/6113/13 6322/6114/13
f 6323/6115/14 6324/6116/14 6325/6117/14
f 6326/6118/14 6327/6119/14 6328/6120/14
f 6329/6121/14 6330/6122/14 6331/6123/14
f 6332/6124/14 6333/6125/14 6334/6126/14
f 6335/6127/14 6336/6128/14 6337/6129/14
f 6338/6130/14 6339/6131/14 6340/6132/14
f 6341/6133/11 6342/6134/11 6343/6135/11
f 6344/6136/21 6345/6137/21 6346/6138/21
f 6347/6139/26 6348/6140/26 6349/6141/26
f 6350/6142/26 6351/6143/26 6352/6144/26
f 6353/6145/23 6354/6146/23 6355/6147/23
f 6356/6148/23 6357/6149/23 6358/6150/23
f 6359/6151/15 6360/6152/15 6361/6153/15
f 6362/6154/15 6363/6155/15 6364/6156/15
f 6365/6157/17 6366/6158/17 6367/6159/17
f 6368/6160/17 6369/6161/17 6370/6162/17
f 6371/6163/5 6372/6164/5 6373/6165/5
f 6374/6166/5 6375/6167/5 6376/6168/5
f 6377/6169/7 6378/6170/7 6379/6171/7
f 6380/6172/7 6381/6173/7 6382/6174/7
f 6383/6175/9 6384/6176/9 6385/6177/9
f 6386/6178/20 6387/6179/20 6388/6180/20
f 6389/6181/14 6390/6182/14 6391/6183/14
f 6392/6184/14 6393/6185/14 6394/6186/14
f 6395/6187/14 6396/6188/14 6397/6189/14
f 6398/6190/14 6399/6191/14 6400/6192/14
f 6401/6193/14 6402/6194/14 6403/6195/14
f 6404/6196/14 6405/6197/14 6406/6198/14
f 6407/6199/11 6408/6200/11 6409/6201/11
f 6410/6202/21 6411/6203/21 6412/6204/21
f 6413/6205/26 6414/6206/26 6415/6207/26
f 6416/6208/26 6417/6209/26 6418/6210/26
f 6419/6211/23 6420/6212/23 6421/6213/23
f 6422/6214/23 6423/6215/23 6424/6216/23
f 6425/6217/15 6426/6218/15 6427/6219/15
f 6428/6220/15 6429/6221/15 6430/6222/15
f 6431/6223/17 6432/6224/17 6433/6225/17
f 6434/6226/17 6435/6227/17 6436/6228/17
f 6437/6229/24 6438/6230/24 6439/6231/24
f 6440/6232/24 6441/6233/24 6442/6234/24
f 6443/6235/54 6444/6236/54 6445/6237/54
f 6446/6238/54 6447/6239/54 6448/6240/54
f 6449/6241/9 6450/6242/9 6451/6243/9
f 6452/6244/20 6453/6245/20 6454/6246/20
f 6455/6247/14 6456/6248/14 6457/6249/14
f 6458/6250/14 6459/6251/14 6460/6252/14
f 6461/6253/14 6462/6254/14 6463/6255/14
f 6464/6256/14 6465/6257/14 6466/6258/14
f 6467/6259/14 6468/6260/14 6469/6261/14
f 6470/6262/14 6471/6263/14 6472/6264/14
f 6473/6265/11 6474/6266/11 6475/6267/11
f 6476/6268/21 6477/6269/21 6478/6270/21
f 6479/6271/26 6480/6272/26 6481/6273/26
f 6482/6274/26 6483/6275/26 6484/6276/26
f 6485/6277/23 6486/6278/23 6487/6279/23
f 6488/6280/23 6489/6281/23 6490/6282/23
f 6491/6283/15 6492/6284/15 6493/6285/15
f 6494/6286/15 6495/6287/15 6496/6288/15
f 6497/6289/17 6498/6290/17 6499/6291/17
f 6500/6292/17 6501/6293/17 6502/6294/17
f 6503/6295/24 6504/6296/24 6505/6297/24
f 6506/6298/24 6507/6299/24 6508/6300/24
f 6509/6301/54 6510/6302/54 6511/6303/54
f 6512/6304/54 6513/6305/54 6514/6306/54
f 6515/6307/9 6516/6308/9 6517/6309/9
f 6518/6310/20 6519/6311/20 6520/6312/20
f 6521/6313/14 6522/6314/14 6523/6315/14
f 6524/6316/14 6525/6317/14 6526/6318/14
f 6527/6319/14 6528/6320/14 6529/6321/14
f 6530/6322/14 6531/6323/14 6532/6324/14
f 6533/6325/14 6534/6326/14 6535/6327/14
f 6536/6328/14 6537/6329/14 6538/6330/14
f 6539/6331/11 6540/6332/11 6541/6333/11
f 6542/6334/21 6543/6335/21 6544/6336/21
f 6545/6337/13 6546/6338/13 6547/6339/13
f 6548/6340/13 6549/6341/13 6550/6342/13
f 6551/6343/2 6552/6344/2 6553/6345/2
f 6554/6346/2 6555/6347/2 6556/6348/2
f 6557/6349/15 6558/6350/15 6559/6351/15
f 6560/6352/15 6561/6353/15 6562/6354/15
f 6563/6355/17 6564/6356/17 6565/6357/17
f 6566/6358/17 6567/6359/17 6568/6360/17
f 6569/6361/5 6570/6362/5 6571/6363/5
f 6572/6364/24 6573/6365/24 6574/6366/24
f 6575/6367/7 6576/6368/7 6577/6369/7
f 6578/6370/54 6579/6371/54 6580/6372/54
f 6581/6373/9 6582/6374/9 6583/6375/9
f 6584/6376/20 6585/6377/20 6586/6378/20
f 6587/6379/14 6588/6380/14 6589/6381/14
f 6590/6382/14 6591/6383/14 6592/6384/14
f 6593/6385/14 6594/6386/14 6595/6387/14
f 6596/6388/14 6597/6389/14 6598/6390/14
f 6599/6391/14 6600/6392/14 6601/6393/14
f 6602/6394/14 6603/6395/14 6604/6396/14
f 6605/6397/39 6606/6398/29 6607/6399/29
f 6607/6399/29 6608/6400/39 6605/6397/39
f 6609/6401/28 6610/6402/28 6611/6403/28
f 6611/6403/28 6612/6404/28 6609/6401/28
f 6613/6405/27 6614/6406/27 6615/6407/27
f 6615/6407/27 6616/6408/27 6613/6405/27
f 6617/6409/14 6618/6410/14 6619/6411/14
f 6619/6411/14 6620/6412/14 6617/6409/14
f 6621/6413/29 6622/6414/29 6623/6415/29
f 6624/6416/39 6625/6417/39 6626/6418/39
f 6627/6419/28 6628/6420/28 6629/6421/28
f 6630/6422/28 6631/6423/28 6632/6424/28
f 6633/6425/27 6634/6426/27 6635/6427/27
f 6636/6428/27 6637/6429/27 6638/6430/27
f 6639/6431/14 6640/6432/14 6641/6433/14
f 6642/6434/14 6643/6435/14 6644/6436/14
f 6645/6437/39 6646/6438/29 6647/6439/29
f 6647/6439/29 6648/6440/39 6645/6437/39
f 6649/6441/28 6650/6442/28 6651/6443/28
f 6651/6443/28 6652/6444/28 6649/6441/28
f 6653/6445/27 6654/6446/27 6655/6447/27
f 6655/6447/27 6656/6448/27 6653/6445/27
f 6657/6449/14 6658/6450/14 6659/6451/14
f 6659/6451/14 6660/6452/14 6657/6449/14
f 6661/6453/29 6662/6454/29 6663/6455/29
f 6664/6456/39 6665/6457/39 6666/6458/39
f 6667/6459/28 6668/6460/28 6669/6461/28
f 6670/6462/28 6671/6463/28 6672/6464/28
f 6673/6465/27 6674/6466/27 6675/6467/27
f 6676/6468/27 6677/6469/27 6678/6470/27
f 6679/6471/14 6680/6472/14 6681/6473/14
f 6682/6474/14 6683/6475/14 6684/6476/14
f 6685/6477/29 6686/6478/29 6687/6479/29
f 6688/6480/28 6689/6481/28 6690/6482/28
f 6691/6483/27 6692/6484/27 6693/6485/27
f 6694/6486/14 6695/6487/14 6696/6488/14
f 6697/6489/29 6698/6490/29 6699/6491/29
f 6700/6492/28 6701/6493/28 6702/6494/28
f 6703/6495/27 6704/6496/27 6705/6497/27
f 6706/6498/14 6707/6499/14 6708/6500/14
f 6709/6501/44 6710/6502/44 6711/6503/44
f 6711/6503/44 6712/6504/44 6709/6501/44
f 6713/6505/45 6714/6506/28 6715/6507/28
f 6715/6507/28 6716/6508/45 6713/6505/45
f 6717/6509/46 6718/6510/46 6719/6511/46
f 6719/6511/46 6720/6512/46 6717/6509/46
f 6721/6513/66 6722/6514/14 6723/6515/14
f 6723/6515/14 6724/6516/67 6721/6513/66
f 6725/6517/44 6726/6518/44 6727/6519/44
f 6727/6519/44 6728/6520/44 6725/6517/44
f 6729/6521/14 6730/6522/28 6731/6523/28
f 6731/6523/28 6732/6524/14 6729/6521/14
f 6733/6525/46 6734/6526/46 6735/6527/46
f 6735/6527/46 6736/6528/46 6733/6525/46
f 6737/6529/28 6738/6530/14 6739/6531/14
f 6739/6531/14 6740/6532/28 6737/6529/28
f 6741/6533/44 6742/6534/44 6743/6535/44
f 6743/6535/44 6744/6536/44 6741/6533/44
f 6745/6537/55 6746/6538/28 6747/6539/28
f 6747/6539/28 6748/6540/55 6745/6537/55
f 6749/6541/46 6750/6542/46 6751/6543/46
f 6751/6543/46 6752/6544/46 6749/6541/46
f 6753/6545/28 6754/6546/14 6755/6547/14
f 6755/6547/14 6756/6548/28 6753/6545/28
f 6757/6549/44 6758/6550/44 6759/6551/44
f 6759/6551/44 6760/6552/44 6757/6549/44
f 6761/6553/14 6762/6554/28 6763/6555/28
f 6763/6555/28 6764/6556/14 6761/6553/14
f 6765/6557/46 6766/6558/46 6767/6559/46
f 6767/6559/46 6768/6560/46 6765/6557/46
f 6769/6561/28 6770/6562/14 6771/6563/14
f 6771/6563/14 6772/6564/28 6769/6561/28
f 6773/6565/11 6774/6566/11 6775/6567/11
f 6776/6568/21 6777/6569/21 6778/6570/21
f 6779/6571/26 6780/6572/26 6781/6573/26
f 6782/6574/26 6783/6575/26 6784/6576/26
f 6785/6577/23 6786/6578/23 6787/6579/23
f 6788/6580/23 6789/6581/23 6790/6582/23
f 6791/6583/15 6792/6584/15 6793/6585/15
f 6794/6586/15 6795/6587/15 6796/6588/15
f 6797/6589/17 6798/6590/17 6799/6591/17
f 6800/6592/17 6801/6593/17 6802/6594/17
f 6803/6595/24 6804/6596/24 6805/6597/24
f 6806/6598/6 6807/6599/6 6808/6600/6
f 6809/6601/54 6810/6602/54 6811/6603/54
f 6812/6604/8 6813/6605/8 6814/6606/8
f 6815/6607/9 6816/6608/9 6817/6609/9
f 6818/6610/20 6819/6611/20 6820/6612/20
f 6821/6613/14 6822/6614/14 6823/6615/14
f 6824/6616/14 6825/6617/14 6826/6618/14
f 6827/6619/14 6828/6620/14 6829/6621/14
f 6830/6622/14 6831/6623/14 6832/6624/14
f 6833/6625/14 6834/6626/14 6835/6627/14
f 6836/6628/14 6837/6629/14 6838/6630/14
f 6839/6631/23 6840/6632/23 6841/6633/23
f 6842/6634/2 6843/6635/2 6844/6636/2
f 6845/6637/15 6846/6638/15 6847/6639/15
f 6848/6640/3 6849/6641/3 6850/6642/3
f 6851/6643/4 6852/6644/4 6853/6645/4
f 6854/6646/17 6855/6647/17 6856/6648/17
f 6857/6649/24 6858/6650/24 6859/6651/24
f 6860/6652/24 6861/6653/24 6862/6654/24
f 6863/6655/54 6864/6656/54 6865/6657/54
f 6866/6658/54 6867/6659/54 6868/6660/54
f 6869/6661/9 6870/6662/9 6871/6663/9
f 6872/6664/20 6873/6665/20 6874/6666/20
f 6875/6667/21 6876/6668/21 6877/6669/21
f 6878/6670/11 6879/6671/11 6880/6672/11
f 6881/6673/26 6882/6674/26 6883/6675/26
f 6884/6676/13 6885/6677/13 6886/6678/13
f 6887/6679/14 6888/6680/14 6889/6681/14
f 6890/6682/14 6891/6683/14 6892/6684/14
f 6893/6685/14 6894/6686/14 6895/6687/14
f 6896/6688/14 6897/6689/14 6898/6690/14
f 6899/6691/14 6900/6692/14 6901/6693/14
f 6902/6694/14 6903/6695/14 6904/6696/14
f 6905/6697/11 6906/6698/11 6907/6699/11
f 6908/6700/21 6909/6701/21 6910/6702/21
f 6911/6703/26 6912/6704/26 6913/6705/26
f 6914/6706/26 6915/6707/26 6916/6708/26
f 6917/6709/23 6918/6710/23 6919/6711/23
f 6920/6712/23 6921/6713/23 6922/6714/23
f 6923/6715/15 6924/6716/15 6925/6717/15
f 6926/6718/15 6927/6719/15 6928/6720/15
f 6929/6721/17 6930/6722/17 6931/6723/17
f 6932/6724/17 6933/6725/17 6934/6726/17
f 6935/6727/5 6936/6728/5 6937/6729/5
f 6938/6730/5 6939/6731/5 6940/6732/5
f 6941/6733/7 6942/6734/7 6943/6735/7
f 6944/6736/7 6945/6737/7 6946/6738/7
f 6947/6739/9 6948/6740/9 6949/6741/9
f 6950/6742/20 6951/6743/20 6952/6744/20
f 6953/6745/14 6954/6746/14 6955/6747/14
f 6956/6748/14 6957/6749/14 6958/6750/14
f 6959/6751/14 6960/6752/14 6961/6753/14
f 6962/6754/14 6963/6755/14 6964/6756/14
f 6965/6757/14 6966/6758/14 6967/6759/14
f 6968/6760/14 6969/6761/14 6970/6762/14
f 6971/6763/11 6972/6764/11 6973/6765/11
f 6974/6766/21 6975/6767/21 6976/6768/21
f 6977/6769/26 6978/6770/26 6979/6771/26
f 6980/6772/26 6981/6773/26 6982/6774/26
f 6983/6775/23 6984/6776/23 6985/6777/23
f 6986/6778/23 6987/6779/23 6988/6780/23
f 6989/6781/15 6990/6782/15 6991/6783/15
f 6992/6784/15 6993/6785/15 6994/6786/15
f 6995/6787/17 6996/6788/17 6997/6789/17
f 6998/6790/17 6999/6791/17 7000/6792/17
f 7001/6793/24 7002/6794/24 7003/6795/24
f 7004/6796/24 7005/6797/24 7006/6798/24
f 7007/6799/54 7008/6800/54 7009/6801/54
f 7010/6802/54 7011/6803/54 7012/6804/54
f 7013/6805/9 7014/6806/9 7015/6807/9
f 7016/6808/20 7017/6809/20 7018/6810/20
f 7019/6811/14 7020/6812/14 7021/6813/14
f 7022/6814/14 7023/6815/14 7024/6816/14
f 7025/6817/14 7026/6818/14 7027/6819/14
f 7028/6820/14 7029/6821/14 7030/6822/14
f 7031/6823/14 7032/6824/14 7033/6825/14
f 7034/6826/14 7035/6827/14 7036/6828/14
f 7037/6829/11 7038/6830/11 7039/6831/11
f 7040/6832/21 7041/6833/21 7042/6834/21
f 7043/6835/26 7044/6836/26 7045/6837/26
f 7046/6838/26 7047/6839/26 7048/6840/26
f 7049/6841/23 7050/6842/23 7051/6843/23
f 7052/6844/23 7053/6845/23 7054/6846/23
f 7055/6847/15 7056/6848/15 7057/6849/15
f 7058/6850/15 7059/6851/15 7060/6852/15
f 7061/6853/17 7062/6854/17 7063/6855/17
f 7064/6856/17 7065/6857/17 7066/6858/17
f 7067/6859/24 7068/6860/24 7069/6861/24
f 7070/6862/24 7071/6863/24 7072/6864/24
f 7073/6865/54 7074/6866/54 7075/6867/54
f 7076/6868/54 7077/6869/54 7078/6870/54
f 7079/6871/9 7080/6872/9 7081/6873/9
f 7082/6874/20 7083/6875/20 7084/6876/20
f 7085/6877/14 7086/6878/14 7087/6879/14
f 7088/6880/14 7089/6881/14 7090/6882/14
f 7091/6883/14 7092/6884/14 7093/6885/14
f 7094/6886/14 7095/6887/14 7096/6888/14
f 7097/6889/14 7098/6890/14 7099/6891/14
f 7100/6892/14 7101/6893/14 7102/6894/14
f 7103/6895/11 7104/6896/11 7105/6897/11
f 7106/6898/21 7107/6899/21 7108/6900/21
f 7109/6901/13 7110/6902/13 7111/6903/13
f 7112/6904/13 7113/6905/13 7114/6906/13
f 7115/6907/2 7116/6908/2 7117/6909/2
f 7118/6910/2 7119/6911/2 7120/6912/2
f 7121/6913/15 7122/6914/15 7123/6915/15
f 7124/6916/15 7125/6917/15 7126/6918/15
f 7127/6919/17 7128/6920/17 7129/6921/17
f 7130/6922/17 7131/6923/17 7132/6924/17
f 7133/6925/5 7134/6926/5 7135/6927/5
f 7136/6928/24 7137/6929/24 7138/6930/24
f 7139/6931/7 7140/6932/7 7141/6933/7
f 7142/6934/54 7143/6935/54 7144/6936/54
f 7145/6937/9 7146/6938/9 7147/6939/9
f 7148/6940/20 7149/6941/20 7150/6942/20
f 7151/6943/14 7152/6944/14 7153/6945/14
f 7154/6946/14 7155/6947/14 7156/6948/14
f 7157/6949/14 7158/6950/14 7159/6951/14
f 7160/6952/14 7161/6953/14 7162/6954/14
f 7163/6955/14 7164/6956/14 7165/6957/14
f 7166/6958/14 7167/6959/14 7168/6960/14
f 7169/6961/39 7170/6962/29 7171/6963/29
f 7171/6963/29 7172/6964/39 7169/6961/39
f 7173/6965/28 7174/6966/28 7175/6967/28
f 7175/6967/28 7176/6968/28 7173/6965/28
f 7177/6969/27 7178/6970/27 7179/6971/27
f 7179/6971/27 7180/6972/27 7177/6969/27
f 7181/6973/14 7182/6974/14 7183/6975/14
f 7183/6975/14 7184/6976/14 7181/6973/14
f 7185/6977/29 7186/6978/29 7187/6979/29
f 7188/6980/39 7189/6981/39 7190/6982/39
f 7191/6983/28 7192/6984/28 7193/6985/28
f 7194/6986/28 7195/6987/28 7196/6988/28
f 7197/6989/27 7198/6990/27 7199/6991/27
f 7200/6992/27 7201/6993/27 7202/6994/27
f 7203/6995/14 7204/6996/14 7205/6997/14
f 7206/6998/14 7207/6999/14 7208/7000/14
f 7209/7001/39 7210/7002/29 7211/7003/29
f 7211/7003/29 7212/7004/39 7209/7001/39
f 7213/7005/28 7214/7006/28 7215/7007/28
f 7215/7007/28 7216/7008/28 7213/7005/28
f 7217/7009/27 7218/7010/27 7219/7011/27
f 7219/7011/27 7220/7012/27 7217/7009/27
f 7221/7013/14 7222/7014/14 7223/7015/14
f 7223/7015/14 7224/7016/14 7221/7013/14
f 7225/7017/29 7226/7018/29 7227/7019/29
f 7228/7020/39 7229/7021/39 7230/7022/39
f 7231/7023/28 7232/7024/28 7233/7025/28
f 7234/7026/28 7235/7027/28 7236/7028/28
f 7237/7029/27 7238/7030/27 7239/7031/27
f 7240/7032/27 7241/7033/27 7242/7034/27
f 7243/7035/14 7244/7036/14 7245/7037/14
f 7246/7038/14 7247/7039/14 7248/7040/14
f 7249/7041/29 7250/7042/29 7251/7043/29
f 7252/7044/28 7253/7045/28 7254/7046/28
f 7255/7047/27 7256/7048/27 7257/7049/27
f 7258/7050/14 7259/7051/14 7260/7052/14
f 7261/7053/29 7262/7054/29 7263/7055/29
f 7264/7056/28 7265/7057/28 7266/7058/28
f 7267/7059/27 7268/7060/27 7269/7061/27
f 7270/7062/14 7271/7063/14 7272/7064/14
f 7273/7065/44 7274/7066/44 7275/7067/44
f 7275/7067/44 7276/7068/44 7273/7065/44
f 7277/7069/14 7278/7070/28 7279/7071/28
f 7279/7071/28 7280/7072/14 7277/7069/14
f 7281/7073/46 7282/7074/46 7283/7075/46
f 7283/7075/46 7284/7076/46 7281/7073/46
f 7285/7077/68 7286/7078/14 7287/7079/14
f 7287/7079/14 7288/7080/68 7285/7077/68
f 7289/7081/44 7290/7082/44 7291/7083/44
f 7291/7083/44 7292/7084/44 7289/7081/44
f 7293/7085/14 7294/7086/28 7295/7087/28
f 7295/7087/28 7296/7088/14 7293/7085/14
f 7297/7089/46 7298/7090/46 7299/7091/46
f 7299/7091/46 7300/7092/46 7297/7089/46
f 7301/7093/28 7302/7094/14 7303/7095/14
f 7303/7095/14 7304/7096/28 7301/7093/28
f 7305/7097/44 7306/7098/44 7307/7099/44
f 7307/7099/44 7308/7100/44 7305/7097/44
f 7309/7101/14 7310/7102/28 7311/7103/28
f 7311/7103/28 7312/7104/14 7309/7101/14
f 7313/7105/46 7314/7106/46 7315/7107/46
f 7315/7107/46 7316/7108/46 7313/7105/46
f 7317/7109/67 7318/7110/14 7319/7111/14
f 7319/7111/14 7320/7112/69 7317/7109/67
f 7321/7113/44 7322/7114/44 7323/7115/44
f 7323/7115/44 7324/7116/44 7321/7113/44
f 7325/7117/14 7326/7118/28 7327/7119/28
f 7327/7119/28 7328/7120/14 7325/7117/14
f 7329/7121/46 7330/7122/46 7331/7123/46
f 7331/7123/46 7332/7124/46 7329/7121/46
f 7333/7125/28 7334/7126/14 7335/7127/14
f 7335/7127/14 7336/7128/28 7333/7125/28
f 7337/7129/23 7338/7130/23 7339/7131/23
f 7340/7132/2 7341/7133/2 7342/7134/2
f 7343/7135/15 7344/7136/15 7345/7137/15
f 7346/7138/3 7347/7139/3 7348/7140/3
f 7349/7141/4 7350/7142/4 7351/7143/4
f 7352/7144/17 7353/7145/17 7354/7146/17
f 7355/7147/24 7356/7148/24 7357/7149/24
f 7358/7150/24 7359/7151/24 7360/7152/24
f 7361/7153/54 7362/7154/54 7363/7155/54
f 7364/7156/54 7365/7157/54 7366/7158/54
f 7367/7159/9 7368/7160/9 7369/7161/9
f 7370/7162/20 7371/7163/20 7372/7164/20
f 7373/7165/21 7374/7166/21 7375/7167/21
f 7376/7168/11 7377/7169/11 7378/7170/11
f 7379/7171/26 7380/7172/26 7381/7173/26
f 7382/7174/13 7383/7175/13 7384/7176/13
f 7385/7177/14 7386/7178/14 7387/7179/14
f 7388/7180/14 7389/7181/14 7390/7182/14
f 7391/7183/14 7392/7184/14 7393/7185/14
f 7394/7186/14 7395/7187/14 7396/7188/14
f 7397/7189/14 7398/7190/14 7399/7191/14
f 7400/7192/14 7401/7193/14 7402/7194/14
f 7403/7195/11 7404/7196/11 7405/7197/11
f 7406/7198/21 7407/7199/21 7408/7200/21
f 7409/7201/26 7410/7202/26 7411/7203/26
f 7412/7204/26 7413/7205/26 7414/7206/26
f 7415/7207/23 7416/7208/23 7417/7209/23
f 7418/7210/23 7419/7211/23 7420/7212/23
f 7421/7213/15 7422/7214/15 7423/7215/15
f 7424/7216/15 7425/7217/15 7426/7218/15
f 7427/7219/17 7428/7220/17 7429/7221/17
f 7430/7222/17 7431/7223/17 7432/7224/17
f 7433/7225/5 7434/7226/5 7435/7227/5
f 7436/7228/5 7437/7229/5 7438/7230/5
f 7439/7231/7 7440/7232/7 7441/7233/7
f 7442/7234/7 7443/7235/7 7444/7236/7
f 7445/7237/9 7446/7238/9 7447/7239/9
f 7448/7240/20 7449/7241/20 7450/7242/20
f 7451/7243/14 7452/7244/14 7453/7245/14
f 7454/7246/14 7455/7247/14 7456/7248/14
f 7457/7249/14 7458/7250/14 7459/7251/14
f 7460/7252/14 7461/7253/14 7462/7254/14
f 7463/7255/14 7464/7256/14 7465/7257/14
f 7466/7258/14 7467/7259/14 7468/7260/14
f 7469/7261/11 7470/7262/11 7471/7263/11
f 7472/7264/21 7473/7265/21 7474/7266/21
f 7475/7267/13 7476/7268/13 7477/7269/13
f 7478/7270/13 7479/7271/13 7480/7272/13
f 7481/7273/2 7482/7274/2 7483/7275/2
f 7484/7276/2 7485/7277/2 7486/7278/2
f 7487/7279/15 7488/7280/15 7489/7281/15
f 7490/7282/15 7491/7283/15 7492/7284/15
f 7493/7285/17 7494/7286/17 7495/7287/17
f 7496/7288/17 7497/7289/17 7498/7290/17
f 7499/7291/24 7500/7292/24 7501/7293/24
f 7502/7294/24 7503/7295/24 7504/7296/24
f 7505/7297/54 7506/7298/54 7507/7299/54
f 7508/7300/54 7509/7301/54 7510/7302/54
f 7511/7303/9 7512/7304/9 7513/7305/9
f 7514/7306/20 7515/7307/20 7516/7308/20
f 7517/7309/14 7518/7310/14 7519/7311/14
f 7520/7312/14 7521/7313/14 7522/7314/14
f 7523/7315/14 7524/7316/14 7525/7317/14
f 7526/7318/14 7527/7319/14 7528/7320/14
f 7529/7321/14 7530/7322/14 7531/7323/14
f 7532/7324/14 7533/7325/14 7534/7326/14
f 7535/7327/29 7536/7328/29 7537/7329/29
f 7537/7329/29 7538/7330/29 7535/7327/29
f 7539/7331/28 7540/7332/28 7541/7333/28
f 7541/7333/28 7542/7334/28 7539/7331/28
f 7543/7335/27 7544/7336/27 7545/7337/27
f 7545/7337/27 7546/7338/27 7543/7335/27
f 7547/7339/14 7548/7340/14 7549/7341/14
f 7549/7341/14 7550/7342/14 7547/7339/14
f 7551/7343/29 7552/7344/29 7553/7345/29
f 7553/7345/29 7554/7346/29 7551/7343/29
f 7555/7347/28 7556/7348/28 7557/7349/28
f 7557/7349/28 7558/7350/28 7555/7347/28
f 7559/7351/27 7560/7352/27 7561/7353/27
f 7561/7353/27 7562/7354/27 7559/7351/27
f 7563/7355/14 7564/7356/14 7565/7357/14
f 7565/7357/14 7566/7358/14 7563/7355/14
f 7567/7359/44 7568/7360/44 7569/7361/44
f 7569/7361/44 7570/7362/44 7567/7359/44
f 7571/7363/14 7572/7364/28 7573/7365/28
f 7573/7365/28 7574/7366/14 7571/7363/14
f 7575/7367/46 7576/7368/46 7577/7369/46
f 7577/7369/46 7578/7370/46 7575/7367/46
f 7579/7371/66 7580/7372/14 7581/7373/14
f 7581/7373/14 7582/7374/67 7579/7371/66
f 7583/7375/44 7584/7376/44 7585/7377/44
f 7585/7377/44 7586/7378/44 7583/7375/44
f 7587/7379/14 7588/7380/28 7589/7381/28
f 7589/7381/28 7590/7382/14 7587/7379/14
f 7591/7383/46 7592/7384/46 7593/7385/46
f 7593/7385/46 7594/7386/46 7591/7383/46
f 7595/7387/28 7596/7388/14 7597/7389/14
f 7597/7389/14 7598/7390/28 7595/7387/28
f 7599/7391/44 7600/7392/44 7601/7393/44
f 7601/7393/44 7602/7394/44 7599/7391/44
f 7603/7395/55 7604/7396/28 7605/7397/28
f 7605/7397/28 7606/7398/55 7603/7395/55
f 7607/7399/46 7608/7400/46 7609/7401/46
f 7609/7401/46 7610/7402/46 7607/7399/46
f 7611/7403/28 7612/7404/14 7613/7405/14
f 7613/7405/14 7614/7406/28 7611/7403/28
f 7615/7407/44 7616/7408/44 7617/7409/44
f 7617/7409/44 7618/7410/44 7615/7407/44
f 7619/7411/14 7620/7412/28 7621/7413/28
f 7621/7413/28 7622/7414/14 7619/7411/14
f 7623/7415/46 7624/7416/46 7625/7417/46
f 7625/7417/46 7626/7418/46 7623/7415/46
f 7627/7419/28 7628/7420/14 7629/7421/14
f 7629/7421/14 7630/7422/28 7627/7419/28
f 7631/7423/29 7632/7424/29 7633/7425/39
f 7633/7425/39 7634/7426/39 7631/7423/29
f 7635/7427/28 7636/7428/28 7637/7429/28
f 7637/7429/28 7638/7430/28 7635/7427/28
f 7639/7431/27 7640/7432/27 7641/7433/27
f 7641/7433/27 7642/7434/27 7639/7431/27
f 7643/7435/14 7644/7436/14 7645/7437/14
f 7645/7437/14 7646/7438/14 7643/7435/14
f 7647/7439/29 7648/7440/29 7649/7441/39
f 7649/7441/39 7650/7442/39 7647/7439/29
f 7651/7443/28 7652/7444/28 7653/7445/28
f 7653/7445/28 7654/7446/28 7651/7443/28
f 7655/7447/27 7656/7448/27 7657/7449/27
f 7657/7449/27 7658/7450/27 7655/7447/27
f 7659/7451/14 7660/7452/14 7661/7453/14
f 7661/7453/14 7662/7454/14 7659/7451/14
usemtl None_reshet.png
f 1/7455/30 2/7456/30 3/7457/30
f 3/7457/30 4/7458/30 1/7455/30
f 5/7459/30 6/7460/30 7/7461/30
f 7/7461/30 8/7462/30 5/7459/30
f 9/7463/70 10/7464/70 11/7465/70
f 12/7466/70 13/7467/70 14/7468/70
f 15/7469/31 16/7470/31 17/7471/31
f 18/7472/31 19/7473/31 20/7474/31
f 20/7474/31 21/7475/31 18/7472/31
f 22/7476/30 23/7477/30 24/7478/30
f 25/7479/29 26/7480/29 27/7481/29
f 27/7481/29 28/7482/29 25/7479/29
f 29/7483/71 30/7484/71 31/7485/71
f 31/7485/71 32/7486/71 29/7483/71
f 33/7487/72 34/7488/72 35/7489/72
f 36/7490/29 37/7491/29 38/7492/29
f 39/7493/27 40/7494/27 41/7495/27
f 41/7495/27 42/7496/27 39/7493/27
f 43/7497/73 44/7498/73 45/7499/73
f 45/7499/73 46/7500/73 43/7497/73
f 47/7501/74 48/7502/74 49/7503/74
f 49/7503/74 50/7504/74 47/7501/74
f 51/7505/47 52/7506/47 53/7507/47
f 53/7507/47 54/7508/47 51/7505/47
f 55/7509/48 56/7510/48 57/7511/48
f 57/7511/48 58/7512/48 55/7509/48
f 59/7513/47 60/7514/47 61/7515/47
f 61/7515/47 62/7516/47 59/7513/47
f 63/7517/49 64/7518/49 65/7519/49
f 65/7519/49 66/7520/49 63/7517/49
f 67/7521/50 68/7522/50 69/7523/50
f 69/7523/50 70/7524/50 67/7521/50
f 71/7525/49 72/7526/49 73/7527/49
f 73/7527/49 74/7528/49 71/7525/49
f 75/7529/52 76/7530/52 77/7531/52
f 77/7531/52 78/7532/52 75/7529/52
f 79/7533/75 80/7534/75 81/7535/52
f 79/7533/75 82/7536/52 81/7535/52
f 83/7537/70 84/7538/70 85/7539/70
f 86/7540/70 87/7541/70 88/7542/70
f 89/7543/76 90/7544/76 91/7545/76
f 91/7545/76 92/7546/76 89/7543/76
f 93/7547/70 94/7548/70 95/7549/70
f 95/7549/70 96/7550/70 93/7547/70
f 97/7551/77 98/7552/77 99/7553/77
f 100/7554/78 101/7555/78 102/7556/78
f 103/7557/78 104/7558/78 105/7559/78
f 105/7559/78 106/7560/78 103/7557/78
f 107/7561/70 108/7562/70 109/7563/70
f 110/7564/70 111/7565/70 112/7566/70
f 113/7567/70 114/7568/70 115/7569/70
f 116/7570/70 117/7571/70 118/7572/70
f 119/7573/79 120/7574/79 121/7575/79
f 122/7576/80 123/7577/80 124/7578/80
f 125/7579/79 126/7580/79 127/7581/79
f 127/7581/79 128/7582/79 125/7579/79
f 129/7583/80 130/7584/80 131/7585/80
f 132/7586/29 133/7587/29 134/7588/29
f 134/7588/29 135/7589/29 132/7586/29
f 136/7590/27 137/7591/27 138/7592/27
f 139/7593/27 140/7594/27 141/7595/27
f 141/7595/27 142/7596/27 139/7593/27
f 143/7597/73 144/7598/73 145/7599/73
f 145/7599/73 146/7600/73 143/7597/73
f 147/7601/74 148/7602/74 149/7603/74
f 149/7603/74 150/7604/74 147/7601/74
f 151/7605/29 152/7606/29 153/7607/29
f 153/7607/29 154/7608/29 151/7605/29
f 155/7609/27 156/7610/27 157/7611/27
f 158/7612/27 159/7613/27 160/7614/27
f 160/7614/27 161/7615/27 158/7612/27
f 162/7616/73 163/7617/73 164/7618/73
f 164/7618/73 165/7619/73 162/7616/73
f 166/7620/74 167/7621/74 168/7622/74
f 168/7622/74 169/7623/74 166/7620/74
f 170/7624/29 171/7625/29 172/7626/29
f 172/7626/29 173/7627/29 170/7624/29
f 174/7628/27 175/7629/27 176/7630/27
f 177/7631/27 178/7632/27 179/7633/27
f 179/7633/27 180/7634/27 177/7631/27
f 181/7635/73 182/7636/73 183/7637/73
f 183/7637/73 184/7638/73 181/7635/73
f 185/7639/74 186/7640/74 187/7641/74
f 187/7641/74 188/7642/74 185/7639/74
f 189/7643/29 190/7644/29 191/7645/29
f 191/7645/29 192/7646/29 189/7643/29
f 193/7647/27 194/7648/27 195/7649/27
f 195/7649/27 196/7650/27 193/7647/27
f 197/7651/73 198/7652/73 199/7653/73
f 199/7653/73 200/7654/73 197/7651/73
f 201/7655/74 202/7656/74 203/7657/73
f 201/7655/74 204/7658/73 203/7657/73
f 205/7659/27 206/7660/27 207/7661/27
f 207/7661/27 208/7662/27 205/7659/27
usemtl None_medicsubsta_zaborclear.png
f 7663/7663/14 7664/7664/14 7665/7665/14
f 7665/7665/14 7666/7666/14 7663/7663/14
f 7667/7667/81 7668/7668/81 7669/7669/81
f 7669/7669/81 7670/7670/81 7667/7667/81
f 7671/7671/82 7672/7672/82 7673/7673/82
f 7673/7673/82 7674/7674/82 7671/7671/82
f 7675/7675/83 7676/7676/83 7677/7677/83
f 7677/7677/83 7678/7678/83 7675/7675/83
f 7679/7679/84 7680/7680/84 7681/7681/84
f 7681/7681/84 7682/7682/84 7679/7679/84
f 7683/7683/14 7684/7684/14 7685/7685/14
f 7685/7685/14 7686/7686/14 7683/7683/14
f 7687/7687/27 7688/7688/27 7689/7689/27
f 7689/7689/27 7690/7690/27 7687/7687/27
f 7691/7691/31 7692/7692/31 7693/7693/31
f 7693/7693/31 7694/7694/31 7691/7691/31
f 7695/7695/29 7696/7696/29 7697/7697/29
f 7697/7697/29 7698/7698/29 7695/7695/29
f 7699/7699/30 7700/7700/30 7701/7701/30
f 7701/7701/30 7702/7702/30 7699/7699/30
f 7703/7703/14 7704/7704/14 7705/7705/14
f 7705/7705/14 7706/7706/14 7703/7703/14
f 7707/7707/81 7708/7708/81 7709/7709/81
f 7709/7709/81 7710/7710/81 7707/7707/81
f 7711/7711/82 7712/7712/82 7713/7713/82
f 7713/7713/82 7714/7714/82 7711/7711/82
f 7715/7715/83 7716/7716/83 7717/7717/83
f 7717/7717/83 7718/7718/83 7715/7715/83
f 7719/7719/84 7720/7720/84 7721/7721/84
f 7721/7721/84 7722/7722/84 7719/7719/84
f 7723/7723/14 7724/7724/14 7725/7725/14
f 7725/7725/14 7726/7726/14 7723/7723/14
f 7727/7727/81 7728/7728/81 7729/7729/81
f 7729/7729/81 7730/7730/81 7727/7727/81
f 7731/7731/82 7732/7732/82 7733/7733/82
f 7733/7733/82 7734/7734/82 7731/7731/82
f 7735/7735/83 7736/7736/83 7737/7737/83
f 7737/7737/83 7738/7738/83 7735/7735/83
f 7739/7739/84 7740/7740/84 7741/7741/84
f 7741/7741/84 7742/7742/84 7739/7739/84
f 7743/7743/14 7744/7744/14 7745/7745/14
f 7745/7745/14 7746/7746/14 7743/7743/14
f 7747/7747/81 7748/7748/81 7749/7749/81
f 7749/7749/81 7750/7750/81 7747/7747/81
f 7751/7751/82 7752/7752/82 7753/7753/82
f 7753/7753/82 7754/7754/82 7751/7751/82
f 7755/7755/83 7756/7756/83 7757/7757/83
f 7757/7757/83 7758/7758/83 7755/7755/83
f 7759/7759/84 7760/7760/84 7761/7761/84
f 7761/7761/84 7762/7762/84 7759/7759/84
f 7763/7763/14 7764/7764/14 7765/7765/14
f 7765/7765/14 7766/7766/14 7763/7763/14
f 7767/7767/27 7768/7768/27 7769/7769/27
f 7769/7769/27 7770/7770/27 7767/7767/27
f 7771/7771/31 7772/7772/31 7773/7773/31
f 7773/7773/31 7774/7774/31 7771/7771/31
f 7775/7775/29 7776/7776/29 7777/7777/29
f 7777/7777/29 7778/7778/29 7775/7775/29
f 7779/7779/30 7780/7780/30 7781/7781/30
f 7781/7781/30 7782/7782/30 7779/7779/30
f 7783/7783/14 7784/7784/14 7785/7785/14
f 7785/7785/14 7786/7786/14 7783/7783/14
f 7787/7787/81 7788/7788/81 7789/7789/81
f 7789/7789/81 7790/7790/81 7787/7787/81
f 7791/7791/82 7792/7792/82 7793/7793/82
f 7793/7793/82 7794/7794/82 7791/7791/82
f 7795/7795/83 7796/7796/83 7797/7797/83
f 7797/7797/83 7798/7798/83 7795/7795/83
f 7799/7799/84 7800/7800/84 7801/7801/84
f 7801/7801/84 7802/7802/84 7799/7799/84
f 7803/7803/14 7804/7804/14 7805/7805/14
f 7805/7805/14 7806/7806/14 7803/7803/14
f 7807/7807/27 7808/7808/27 7809/7809/27
f 7809/7809/27 7810/7810/27 7807/7807/27
f 7811/7811/31 7812/7812/31 7813/7813/31
f 7813/7813/31 7814/7814/31 7811/7811/31
f 7815/7815/29 7816/7816/29 7817/7817/29
f 7817/7817/29 7818/7818/29 7815/7815/29
f 7819/7819/30 7820/7820/30 7821/7821/30
f 7821/7821/30 7822/7822/30 7819/7819/30
f 7823/7823/14 7824/7824/14 7825/7825/14
f 7825/7825/14 7826/7826/14 7823/7823/14
f 7827/7827/81 7828/7828/81 7829/7829/81
f 7829/7829/81 7830/7830/81 7827/7827/81
f 7831/7831/82 7832/7832/82 7833/7833/82
f 7833/7833/82 7834/7834/82 7831/7831/82
f 7835/7835/83 7836/7836/83 7837/7837/83
f 7837/7837/83 7838/7838/83 7835/7835/83
f 7839/7839/84 7840/7840/84 7841/7841/84
f 7841/7841/84 7842/7842/84 7839/7839/84
f 7843/7843/14 7844/7844/14 7845/7845/14
f 7845/7845/14 7846/7846/14 7843/7843/14
f 7847/7847/27 7848/7848/27 7849/7849/27
f 7849/7849/27 7850/7850/27 7847/7847/27
f 7851/7851/31 7852/7852/31 7853/7853/31
f 7853/7853/31 7854/7854/31 7851/7851/31
f 7855/7855/29 7856/7856/29 7857/7857/29
f 7857/7857/29 7858/7858/29 7855/7855/29
f 7859/7859/30 7860/7860/30 7861/7861/30
f 7861/7861/30 7862/7862/30 7859/7859/30
f 7863/7863/14 7864/7864/14 7865/7865/14
f 7865/7865/14 7866/7866/14 7863/7863/14
f 7867/7867/27 7868/7868/27 7869/7869/27
f 7869/7869/27 7870/7870/27 7867/7867/27
f 7871/7871/31 7872/7872/31 7873/7873/31
f 7873/7873/31 7874/7874/31 7871/7871/31
f 7875/7875/29 7876/7876/29 7877/7877/29
f 7877/7877/29 7878/7878/29 7875/7875/29
f 7879/7879/30 7880/7880/30 7881/7881/30
f 7881/7881/30 7882/7882/30 7879/7879/30
f 7883/7883/14 7884/7884/14 7885/7885/14
f 7885/7885/14 7886/7886/14 7883/7883/14
f 7887/7887/27 7888/7888/27 7889/7889/27
f 7889/7889/27 7890/7890/27 7887/7887/27
f 7891/7891/31 7892/7892/31 7893/7893/31
f 7893/7893/31 7894/7894/31 7891/7891/31
f 7895/7895/29 7896/7896/29 7897/7897/29
f 7897/7897/29 7898/7898/29 7895/7895/29
f 7899/7899/30 7900/7900/30 7901/7901/30
f 7901/7901/30 7902/7902/30 7899/7899/30
f 7903/7903/14 7904/7904/14 7905/7905/14
f 7905/7905/14 7906/7906/14 7903/7903/14
f 7907/7907/81 7908/7908/81 7909/7909/81
f 7909/7909/81 7910/7910/81 7907/7907/81
f 7911/7911/82 7912/7912/82 7913/7913/82
f 7913/7913/82 7914/7914/82 7911/7911/82
f 7915/7915/83 7916/7916/83 7917/7917/83
f 7917/7917/83 7918/7918/83 7915/7915/83
f 7919/7919/84 7920/7920/84 7921/7921/84
f 7921/7921/84 7922/7922/84 7919/7919/84
f 7923/7923/14 7924/7924/14 7925/7925/14
f 7925/7925/14 7926/7926/14 7923/7923/14
f 7927/7927/81 7928/7928/81 7929/7929/81
f 7929/7929/81 7930/7930/81 7927/7927/81
f 7931/7931/82 7932/7932/82 7933/7933/82
f 7933/7933/82 7934/7934/82 7931/7931/82
f 7935/7935/83 7936/7936/83 7937/7937/83
f 7937/7937/83 7938/7938/83 7935/7935/83
f 7939/7939/84 7940/7940/84 7941/7941/84
f 7941/7941/84 7942/7942/84 7939/7939/84
f 7943/7943/85 7944/7944/85 7945/7945/85
f 7945/7945/85 7946/7946/85 7943/7943/85
f 7947/7947/86 7948/7948/86 7949/7949/86
f 7949/7949/86 7950/7950/86 7947/7947/86
f 7951/7951/31 7952/7952/31 7953/7953/31
f 7953/7953/31 7954/7954/31 7951/7951/31
f 7955/7955/87 7956/7956/87 7957/7957/87
f 7957/7957/87 7958/7958/87 7955/7955/87
f 7959/7959/30 7960/7960/30 7961/7961/30
f 7961/7961/30 7962/7962/30 7959/7959/30
f 7963/7963/14 7964/7964/14 7965/7965/14
f 7965/7965/14 7966/7966/14 7963/7963/14
f 7967/7967/27 7968/7968/27 7969/7969/27
f 7969/7969/27 7970/7970/27 7967/7967/27
f 7971/7971/31 7972/7972/31 7973/7973/31
f 7973/7973/31 7974/7974/31 7971/7971/31
f 7975/7975/29 7976/7976/29 7977/7977/29
f 7977/7977/29 7978/7978/29 7975/7975/29
f 7979/7979/30 7980/7980/30 7981/7981/30
f 7981/7981/30 7982/7982/30 7979/7979/30
f 7983/7983/14 7984/7984/14 7985/7985/14
f 7985/7985/14 7986/7986/14 7983/7983/14
f 7987/7987/81 7988/7988/81 7989/7989/81
f 7989/7989/81 7990/7990/81 7987/7987/81
f 7991/7991/82 7992/7992/82 7993/7993/82
f 7993/7993/82 7994/7994/82 7991/7991/82
f 7995/7995/83 7996/7996/83 7997/7997/83
f 7997/7997/83 7998/7998/83 7995/7995/83
f 7999/7999/84 8000/8000/84 8001/8001/84
f 8001/8001/84 8002/8002/84 7999/7999/84
f 8003/8003/14 8004/8004/14 8005/8005/14
f 8005/8005/14 8006/8006/14 8003/8003/14
f 8007/8007/81 8008/8008/81 8009/8009/81
f 8009/8009/81 8010/8010/81 8007/8007/81
f 8011/8011/82 8012/8012/82 8013/8013/82
f 8013/8013/82 8014/8014/82 8011/8011/82
f 8015/8015/88 8016/8016/83 8017/8017/83
f 8017/8017/83 8018/8018/88 8015/8015/88
f 8019/8019/84 8020/8020/84 8021/8021/84
f 8021/8021/84 8022/8022/84 8019/8019/84
f 8023/8023/14 8024/8024/14 8025/8025/14
f 8025/8025/14 8026/8026/14 8023/8023/14
f 8027/8027/81 8028/8028/81 8029/8029/81
f 8029/8029/81 8030/8030/81 8027/8027/81
f 8031/8031/82 8032/8032/82 8033/8033/82
f 8033/8033/82 8034/8034/82 8031/8031/82
f 8035/8035/83 8036/8036/83 8037/8037/83
f 8037/8037/83 8038/8038/83 8035/8035/83
f 8039/8039/84 8040/8040/84 8041/8041/84
f 8041/8041/84 8042/8042/84 8039/8039/84
f 8043/8043/14 8044/8044/14 8045/8045/14
f 8045/8045/14 8046/8046/14 8043/8043/14
f 8047/8047/27 8048/8048/27 8049/8049/27
f 8049/8049/27 8050/8050/27 8047/8047/27
f 8051/8051/31 8052/8052/31 8053/8053/31
f 8053/8053/31 8054/8054/31 8051/8051/31
f 8055/8055/29 8056/8056/29 8057/8057/29
f 8057/8057/29 8058/8058/29 8055/8055/29
f 8059/8059/30 8060/8060/30 8061/8061/30
f 8061/8061/30 8062/8062/30 8059/8059/30
f 8063/8063/14 8064/8064/14 8065/8065/14
f 8065/8065/14 8066/8066/14 8063/8063/14
f 8067/8067/81 8068/8068/81 8069/8069/81
f 8069/8069/81 8070/8070/81 8067/8067/81
f 8071/8071/82 8072/8072/82 8073/8073/82
f 8073/8073/82 8074/8074/82 8071/8071/82
f 8075/8075/83 8076/8076/83 8077/8077/83
f 8077/8077/83 8078/8078/83 8075/8075/83
f 8079/8079/84 8080/8080/84 8081/8081/84
f 8081/8081/84 8082/8082/84 8079/8079/84
f 8083/8083/14 8084/8084/14 8085/8085/14
f 8085/8085/14 8086/8086/14 8083/8083/14
f 8087/8087/27 8088/8088/27 8089/8089/27
f 8089/8089/27 8090/8090/27 8087/8087/27
f 8091/8091/31 8092/8092/31 8093/8093/31
f 8093/8093/31 8094/8094/31 8091/8091/31
f 8095/8095/29 8096/8096/29 8097/8097/29
f 8097/8097/29 8098/8098/29 8095/8095/29
f 8099/8099/30 8100/8100/30 8101/8101/30
f 8101/8101/30 8102/8102/30 8099/8099/30
f 8103/8103/14 8104/8104/14 8105/8105/14
f 8105/8105/14 8106/8106/14 8103/8103/14
f 8107/8107/81 8108/8108/81 8109/8109/81
f 8109/8109/81 8110/8110/81 8107/8107/81
f 8111/8111/82 8112/8112/82 8113/8113/82
f 8113/8113/82 8114/8114/82 8111/8111/82
f 8115/8115/83 8116/8116/83 8117/8117/83
f 8117/8117/83 8118/8118/88 8115/8115/83
f 8119/8119/84 8120/8120/84 8121/8121/84
f 8121/8121/84 8122/8122/84 8119/8119/84
f 8123/8123/14 8124/8124/14 8125/8125/14
f 8125/8125/14 8126/8126/14 8123/8123/14
f 8127/8127/27 8128/8128/27 8129/8129/27
f 8129/8129/27 8130/8130/27 8127/8127/27
f 8131/8131/31 8132/8132/31 8133/8133/31
f 8133/8133/31 8134/8134/31 8131/8131/31
f 8135/8135/29 8136/8136/29 8137/8137/29
f 8137/8137/29 8138/8138/29 8135/8135/29
f 8139/8139/30 8140/8140/30 8141/8141/30
f 8141/8141/30 8142/8142/30 8139/8139/30
f 8143/8143/14 8144/8144/14 8145/8145/14
f 8145/8145/14 8146/8146/14 8143/8143/14
f 8147/8147/27 8148/8148/27 8149/8149/27
f 8149/8149/27 8150/8150/27 8147/8147/27
f 8151/8151/31 8152/8152/31 8153/8153/31
f 8153/8153/31 8154/8154/31 8151/8151/31
f 8155/8155/29 8156/8156/29 8157/8157/29
f 8157/8157/29 8158/8158/29 8155/8155/29
f 8159/8159/30 8160/8160/30 8161/8161/30
f 8161/8161/30 8162/8162/30 8159/8159/30
f 8163/8163/14 8164/8164/14 8165/8165/14
f 8165/8165/14 8166/8166/14 8163/8163/14
f 8167/8167/27 8168/8168/27 8169/8169/27
f 8169/8169/27 8170/8170/27 8167/8167/27
f 8171/8171/31 8172/8172/31 8173/8173/31
f 8173/8173/31 8174/8174/31 8171/8171/31
f 8175/8175/29 8176/8176/29 8177/8177/29
f 8177/8177/29 8178/8178/29 8175/8175/29
f 8179/8179/30 8180/8180/30 8181/8181/30
f 8181/8181/30 8182/8182/30 8179/8179/30
f 8183/8183/14 8184/8184/14 8185/8185/14
f 8185/8185/14 8186/8186/14 8183/8183/14
f 8187/8187/81 8188/8188/81 8189/8189/81
f 8189/8189/81 8190/8190/81 8187/8187/81
f 8191/8191/82 8192/8192/82 8193/8193/82
f 8193/8193/82 8194/8194/82 8191/8191/82
f 8195/8195/83 8196/8196/83 8197/8197/83
f 8197/8197/83 8198/8198/83 8195/8195/83
f 8199/8199/84 8200/8200/84 8201/8201/84
f 8201/8201/84 8202/8202/84 8199/8199/84
f 8203/8203/14 8204/8204/14 8205/8205/14
f 8205/8205/14 8206/8206/14 8203/8203/14
f 8207/8207/81 8208/8208/81 8209/8209/81
f 8209/8209/81 8210/8210/81 8207/8207/81
f 8211/8211/82 8212/8212/82 8213/8213/82
f 8213/8213/82 8214/8214/82 8211/8211/82
f 8215/8215/83 8216/8216/83 8217/8217/83
f 8217/8217/83 8218/8218/83 8215/8215/83
f 8219/8219/84 8220/8220/84 8221/8221/84
f 8221/8221/84 8222/8222/84 8219/8219/84
f 8223/8223/14 8224/8224/14 8225/8225/14
f 8225/8225/14 8226/8226/14 8223/8223/14
f 8227/8227/81 8228/8228/81 8229/8229/81
f 8229/8229/81 8230/8230/81 8227/8227/81
f 8231/8231/82 8232/8232/82 8233/8233/82
f 8233/8233/82 8234/8234/82 8231/8231/82
f 8235/8235/83 8236/8236/83 8237/8237/83
f 8237/8237/83 8238/8238/83 8235/8235/83
f 8239/8239/84 8240/8240/84 8241/8241/84
f 8241/8241/84 8242/8242/84 8239/8239/84
f 8243/8243/14 8244/8244/14 8245/8245/14
f 8245/8245/14 8246/8246/14 8243/8243/14
f 8247/8247/27 8248/8248/27 8249/8249/27
f 8249/8249/27 8250/8250/27 8247/8247/27
f 8251/8251/31 8252/8252/31 8253/8253/31
f 8253/8253/31 8254/8254/31 8251/8251/31
f 8255/8255/29 8256/8256/29 8257/8257/29
f 8257/8257/29 8258/8258/29 8255/8255/29
f 8259/8259/30 8260/8260/30 8261/8261/30
f 8261/8261/30 8262/8262/30 8259/8259/30
f 8263/8263/14 8264/8264/14 8265/8265/14
f 8265/8265/14 8266/8266/14 8263/8263/14
f 8267/8267/27 8268/8268/27 8269/8269/27
f 8269/8269/27 8270/8270/27 8267/8267/27
f 8271/8271/31 8272/8272/31 8273/8273/31
f 8273/8273/31 8274/8274/31 8271/8271/31
f 8275/8275/29 8276/8276/29 8277/8277/29
f 8277/8277/29 8278/8278/29 8275/8275/29
f 8279/8279/30 8280/8280/30 8281/8281/30
f 8281/8281/30 8282/8282/30 8279/8279/30
f 8283/8283/14 8284/8284/14 8285/8285/14
f 8285/8285/14 8286/8286/14 8283/8283/14
f 8287/8287/27 8288/8288/27 8289/8289/27
f 8289/8289/27 8290/8290/27 8287/8287/27
f 8291/8291/31 8292/8292/31 8293/8293/31
f 8293/8293/31 8294/8294/31 8291/8291/31
f 8295/8295/29 8296/8296/29 8297/8297/29
f 8297/8297/29 8298/8298/29 8295/8295/29
f 8299/8299/30 8300/8300/30 8301/8301/30
f 8301/8301/30 8302/8302/30 8299/8299/30
f 8303/8303/14 8304/8304/14 8305/8305/14
f 8305/8305/14 8306/8306/14 8303/8303/14
f 8307/8307/81 8308/8308/81 8309/8309/81
f 8309/8309/81 8310/8310/81 8307/8307/81
f 8311/8311/82 8312/8312/82 8313/8313/82
f 8313/8313/82 8314/8314/82 8311/8311/82
f 8315/8315/83 8316/8316/83 8317/8317/83
f 8317/8317/83 8318/8318/83 8315/8315/83
f 8319/8319/84 8320/8320/84 8321/8321/84
f 8321/8321/84 8322/8322/84 8319/8319/84
f 8323/8323/14 8324/8324/14 8325/8325/14
f 8325/8325/14 8326/8326/14 8323/8323/14
f 8327/8327/30 8328/8328/30 8329/8329/30
f 8329/8329/30 8330/8330/30 8327/8327/30
f 8331/8331/27 8332/8332/27 8333/8333/27
f 8333/8333/27 8334/8334/27 8331/8331/27
f 8335/8335/31 8336/8336/31 8337/8337/31
f 8337/8337/31 8338/8338/31 8335/8335/31
f 8339/8339/29 8340/8340/29 8341/8341/29
f 8341/8341/29 8342/8342/29 8339/8339/29
f 8343/8343/14 8344/8344/14 8345/8345/14
f 8345/8345/14 8346/8346/14 8343/8343/14
f 8347/8347/89 8348/8348/89 8349/8349/89
f 8349/8349/89 8350/8350/89 8347/8347/89
f 8351/8351/90 8352/8352/90 8353/8353/90
f 8353/8353/90 8354/8354/90 8351/8351/90
f 8355/8355/91 8356/8356/91 8357/8357/91
f 8357/8357/91 8358/8358/91 8355/8355/91
f 8359/8359/92 8360/8360/92 8361/8361/92
f 8361/8361/92 8362/8362/92 8359/8359/92
f 8363/8363/14 8364/8364/14 8365/8365/14
f 8365/8365/14 8366/8366/14 8363/8363/14
f 8367/8367/89 8368/8368/89 8369/8369/89
f 8369/8369/89 8370/8370/89 8367/8367/89
f 8371/8371/90 8372/8372/90 8373/8373/90
f 8373/8373/90 8374/8374/90 8371/8371/90
f 8375/8375/93 8376/8376/91 8377/8377/93
f 8377/8377/93 8378/8378/93 8375/8375/93
f 8379/8379/92 8380/8380/92 8381/8381/92
f 8381/8381/92 8382/8382/92 8379/8379/92
f 8383/8383/14 8384/8384/14 8385/8385/14
f 8385/8385/14 8386/8386/14 8383/8383/14
f 8387/8387/89 8388/8388/89 8389/8389/89
f 8389/8389/89 8390/8390/89 8387/8387/89
f 8391/8391/90 8392/8392/90 8393/8393/90
f 8393/8393/90 8394/8394/90 8391/8391/90
f 8395/8395/93 8396/8396/91 8397/8397/93
f 8397/8397/93 8398/8398/93 8395/8395/93
f 8399/8399/92 8400/8400/92 8401/8401/92
f 8401/8401/92 8402/8402/92 8399/8399/92
f 8403/8403/14 8404/8404/14 8405/8405/14
f 8405/8405/14 8406/8406/14 8403/8403/14
f 8407/8407/30 8408/8408/30 8409/8409/30
f 8409/8409/30 8410/8410/30 8407/8407/30
f 8411/8411/27 8412/8412/27 8413/8413/27
f 8413/8413/27 8414/8414/27 8411/8411/27
f 8415/8415/31 8416/8416/31 8417/8417/31
f 8417/8417/31 8418/8418/31 8415/8415/31
f 8419/8419/29 8420/8420/29 8421/8421/29
f 8421/8421/29 8422/8422/29 8419/8419/29
f 8423/8423/14 8424/8424/14 8425/8425/14
f 8425/8425/14 8426/8426/14 8423/8423/14
f 8427/8427/89 8428/8428/94 8429/8429/89
f 8429/8429/89 8430/8430/89 8427/8427/89
f 8431/8431/90 8432/8432/90 8433/8433/90
f 8433/8433/90 8434/8434/90 8431/8431/90
f 8435/8435/91 8436/8436/91 8437/8437/91
f 8437/8437/91 8438/8438/93 8435/8435/91
f 8439/8439/92 8440/8440/92 8441/8441/92
f 8441/8441/92 8442/8442/92 8439/8439/92
f 8443/8443/14 8444/8444/14 8445/8445/14
f 8445/8445/14 8446/8446/14 8443/8443/14
f 8447/8447/30 8448/8448/30 8449/8449/30
f 8449/8449/30 8450/8450/30 8447/8447/30
f 8451/8451/27 8452/8452/27 8453/8453/27
f 8453/8453/27 8454/8454/27 8451/8451/27
f 8455/8455/31 8456/8456/31 8457/8457/31
f 8457/8457/31 8458/8458/31 8455/8455/31
f 8459/8459/29 8460/8460/29 8461/8461/29
f 8461/8461/29 8462/8462/29 8459/8459/29
f 8463/8463/14 8464/8464/14 8465/8465/14
f 8465/8465/14 8466/8466/14 8463/8463/14
f 8467/8467/89 8468/8468/94 8469/8469/89
f 8469/8469/89 8470/8470/89 8467/8467/89
f 8471/8471/90 8472/8472/90 8473/8473/90
f 8473/8473/90 8474/8474/90 8471/8471/90
f 8475/8475/93 8476/8476/91 8477/8477/91
f 8477/8477/91 8478/8478/93 8475/8475/93
f 8479/8479/92 8480/8480/92 8481/8481/92
f 8481/8481/92 8482/8482/92 8479/8479/92
f 8483/8483/14 8484/8484/14 8485/8485/14
f 8485/8485/14 8486/8486/14 8483/8483/14
f 8487/8487/30 8488/8488/30 8489/8489/30
f 8489/8489/30 8490/8490/30 8487/8487/30
f 8491/8491/27 8492/8492/27 8493/8493/27
f 8493/8493/27 8494/8494/27 8491/8491/27
f 8495/8495/31 8496/8496/31 8497/8497/31
f 8497/8497/31 8498/8498/31 8495/8495/31
f 8499/8499/29 8500/8500/29 8501/8501/29
f 8501/8501/29 8502/8502/29 8499/8499/29
f 8503/8503/14 8504/8504/14 8505/8505/14
f 8505/8505/14 8506/8506/14 8503/8503/14
f 8507/8507/30 8508/8508/30 8509/8509/30
f 8509/8509/30 8510/8510/30 8507/8507/30
f 8511/8511/27 8512/8512/27 8513/8513/27
f 8513/8513/27 8514/8514/27 8511/8511/27
f 8515/8515/31 8516/8516/31 8517/8517/31
f 8517/8517/31 8518/8518/31 8515/8515/31
f 8519/8519/29 8520/8520/29 8521/8521/29
f 8521/8521/29 8522/8522/29 8519/8519/29
f 8523/8523/14 8524/8524/14 8525/8525/14
f 8525/8525/14 8526/8526/14 8523/8523/14
f 8527/8527/30 8528/8528/30 8529/8529/30
f 8529/8529/30 8530/8530/30 8527/8527/30
f 8531/8531/27 8532/8532/27 8533/8533/27
f 8533/8533/27 8534/8534/27 8531/8531/27
f 8535/8535/31 8536/8536/31 8537/8537/31
f 8537/8537/31 8538/8538/31 8535/8535/31
f 8539/8539/29 8540/8540/29 8541/8541/29
f 8541/8541/29 8542/8542/29 8539/8539/29
f 8543/8543/14 8544/8544/14 8545/8545/14
f 8545/8545/14 8546/8546/14 8543/8543/14
f 8547/8547/89 8548/8548/94 8549/8549/89
f 8549/8549/89 8550/8550/89 8547/8547/89
f 8551/8551/90 8552/8552/90 8553/8553/90
f 8553/8553/90 8554/8554/90 8551/8551/90
f 8555/8555/91 8556/8556/91 8557/8557/91
f 8557/8557/91 8558/8558/93 8555/8555/91
f 8559/8559/92 8560/8560/92 8561/8561/92
f 8561/8561/92 8562/8562/92 8559/8559/92
f 8563/8563/14 8564/8564/14 8565/8565/14
f 8565/8565/14 8566/8566/14 8563/8563/14
f 8567/8567/89 8568/8568/94 8569/8569/89
f 8569/8569/89 8570/8570/89 8567/8567/89
f 8571/8571/90 8572/8572/90 8573/8573/90
f 8573/8573/90 8574/8574/90 8571/8571/90
f 8575/8575/91 8576/8576/91 8577/8577/91
f 8577/8577/91 8578/8578/93 8575/8575/91
f 8579/8579/92 8580/8580/92 8581/8581/92
f 8581/8581/92 8582/8582/92 8579/8579/92
f 8583/8583/14 8584/8584/14 8585/8585/14
f 8585/8585/14 8586/8586/14 8583/8583/14
f 8587/8587/30 8588/8588/30 8589/8589/30
f 8589/8589/30 8590/8590/30 8587/8587/30
f 8591/8591/27 8592/8592/27 8593/8593/27
f 8593/8593/27 8594/8594/27 8591/8591/27
f 8595/8595/31 8596/8596/31 8597/8597/31
f 8597/8597/31 8598/8598/31 8595/8595/31
f 8599/8599/29 8600/8600/29 8601/8601/29
f 8601/8601/29 8602/8602/29 8599/8599/29
f 8603/8603/14 8604/8604/14 8605/8605/14
f 8605/8605/14 8606/8606/14 8603/8603/14
f 8607/8607/89 8608/8608/94 8609/8609/89
f 8609/8609/89 8610/8610/89 8607/8607/89
f 8611/8611/90 8612/8612/90 8613/8613/90
f 8613/8613/90 8614/8614/90 8611/8611/90
f 8615/8615/91 8616/8616/91 8617/8617/91
f 8617/8617/91 8618/8618/93 8615/8615/91
f 8619/8619/92 8620/8620/92 8621/8621/92
f 8621/8621/92 8622/8622/92 8619/8619/92
f 8623/8623/14 8624/8624/14 8625/8625/14
f 8625/8625/14 8626/8626/14 8623/8623/14
f 8627/8627/29 8628/8628/29 8629/8629/29
f 8629/8629/29 8630/8630/29 8627/8627/29
f 8631/8631/30 8632/8632/30 8633/8633/30
f 8633/8633/30 8634/8634/30 8631/8631/30
f 8635/8635/27 8636/8636/27 8637/8637/27
f 8637/8637/27 8638/8638/27 8635/8635/27
f 8639/8639/31 8640/8640/31 8641/8641/31
f 8641/8641/31 8642/8642/31 8639/8639/31
f 8643/8643/14 8644/8644/14 8645/8645/14
f 8645/8645/14 8646/8646/14 8643/8643/14
f 8647/8647/95 8648/8648/95 8649/8649/95
f 8649/8649/95 8650/8650/95 8647/8647/95
f 8651/8651/84 8652/8652/84 8653/8653/84
f 8653/8653/84 8654/8654/84 8651/8651/84
f 8655/8655/96 8656/8656/96 8657/8657/96
f 8657/8657/96 8658/8658/96 8655/8655/96
f 8659/8659/82 8660/8660/82 8661/8661/82
f 8661/8661/82 8662/8662/82 8659/8659/82
f 8663/8663/14 8664/8664/14 8665/8665/14
f 8665/8665/14 8666/8666/14 8663/8663/14
f 8667/8667/95 8668/8668/95 8669/8669/95
f 8669/8669/95 8670/8670/95 8667/8667/95
f 8671/8671/84 8672/8672/84 8673/8673/84
f 8673/8673/84 8674/8674/84 8671/8671/84
f 8675/8675/96 8676/8676/96 8677/8677/96
f 8677/8677/96 8678/8678/97 8675/8675/96
f 8679/8679/82 8680/8680/82 8681/8681/82
f 8681/8681/82 8682/8682/82 8679/8679/82
f 8683/8683/14 8684/8684/14 8685/8685/14
f 8685/8685/14 8686/8686/14 8683/8683/14
f 8687/8687/95 8688/8688/95 8689/8689/95
f 8689/8689/95 8690/8690/95 8687/8687/95
f 8691/8691/84 8692/8692/84 8693/8693/84
f 8693/8693/84 8694/8694/84 8691/8691/84
f 8695/8695/96 8696/8696/96 8697/8697/96
f 8697/8697/96 8698/8698/96 8695/8695/96
f 8699/8699/82 8700/8700/82 8701/8701/82
f 8701/8701/82 8702/8702/82 8699/8699/82
f 8703/8703/14 8704/8704/14 8705/8705/14
f 8705/8705/14 8706/8706/14 8703/8703/14
f 8707/8707/29 8708/8708/29 8709/8709/29
f 8709/8709/29 8710/8710/29 8707/8707/29
f 8711/8711/30 8712/8712/30 8713/8713/30
f 8713/8713/30 8714/8714/30 8711/8711/30
f 8715/8715/27 8716/8716/27 8717/8717/27
f 8717/8717/27 8718/8718/27 8715/8715/27
f 8719/8719/31 8720/8720/31 8721/8721/31
f 8721/8721/31 8722/8722/31 8719/8719/31
f 8723/8723/14 8724/8724/14 8725/8725/14
f 8725/8725/14 8726/8726/14 8723/8723/14
f 8727/8727/95 8728/8728/95 8729/8729/95
f 8729/8729/95 8730/8730/95 8727/8727/95
f 8731/8731/84 8732/8732/84 8733/8733/84
f 8733/8733/84 8734/8734/84 8731/8731/84
f 8735/8735/96 8736/8736/96 8737/8737/96
f 8737/8737/96 8738/8738/96 8735/8735/96
f 8739/8739/82 8740/8740/82 8741/8741/82
f 8741/8741/82 8742/8742/82 8739/8739/82
f 8743/8743/14 8744/8744/14 8745/8745/14
f 8745/8745/14 8746/8746/14 8743/8743/14
f 8747/8747/29 8748/8748/29 8749/8749/29
f 8749/8749/29 8750/8750/29 8747/8747/29
f 8751/8751/30 8752/8752/30 8753/8753/30
f 8753/8753/30 8754/8754/30 8751/8751/30
f 8755/8755/27 8756/8756/27 8757/8757/27
f 8757/8757/27 8758/8758/27 8755/8755/27
f 8759/8759/31 8760/8760/31 8761/8761/31
f 8761/8761/31 8762/8762/31 8759/8759/31
f 8763/8763/14 8764/8764/14 8765/8765/14
f 8765/8765/14 8766/8766/14 8763/8763/14
f 8767/8767/95 8768/8768/95 8769/8769/95
f 8769/8769/95 8770/8770/95 8767/8767/95
f 8771/8771/84 8772/8772/84 8773/8773/84
f 8773/8773/84 8774/8774/84 8771/8771/84
f 8775/8775/96 8776/8776/96 8777/8777/96
f 8777/8777/96 8778/8778/96 8775/8775/96
f 8779/8779/82 8780/8780/82 8781/8781/82
f 8781/8781/82 8782/8782/82 8779/8779/82
f 8783/8783/14 8784/8784/14 8785/8785/14
f 8785/8785/14 8786/8786/14 8783/8783/14
f 8787/8787/29 8788/8788/29 8789/8789/29
f 8789/8789/29 8790/8790/29 8787/8787/29
f 8791/8791/30 8792/8792/30 8793/8793/30
f 8793/8793/30 8794/8794/30 8791/8791/30
f 8795/8795/27 8796/8796/27 8797/8797/27
f 8797/8797/27 8798/8798/27 8795/8795/27
f 8799/8799/31 8800/8800/31 8801/8801/31
f 8801/8801/31 8802/8802/31 8799/8799/31
f 8803/8803/14 8804/8804/14 8805/8805/14
f 8805/8805/14 8806/8806/14 8803/8803/14
f 8807/8807/29 8808/8808/29 8809/8809/29
f 8809/8809/29 8810/8810/29 8807/8807/29
f 8811/8811/30 8812/8812/30 8813/8813/30
f 8813/8813/30 8814/8814/30 8811/8811/30
f 8815/8815/27 8816/8816/27 8817/8817/27
f 8817/8817/27 8818/8818/27 8815/8815/27
f 8819/8819/31 8820/8820/31 8821/8821/31
f 8821/8821/31 8822/8822/31 8819/8819/31
f 8823/8823/14 8824/8824/14 8825/8825/14
f 8825/8825/14 8826/8826/14 8823/8823/14
f 8827/8827/29 8828/8828/29 8829/8829/29
f 8829/8829/29 8830/8830/29 8827/8827/29
f 8831/8831/30 8832/8832/30 8833/8833/30
f 8833/8833/30 8834/8834/30 8831/8831/30
f 8835/8835/27 8836/8836/27 8837/8837/27
f 8837/8837/27 8838/8838/27 8835/8835/27
f 8839/8839/31 8840/8840/31 8841/8841/31
f 8841/8841/31 8842/8842/31 8839/8839/31
f 8843/8843/14 8844/8844/14 8845/8845/14
f 8845/8845/14 8846/8846/14 8843/8843/14
f 8847/8847/95 8848/8848/95 8849/8849/95
f 8849/8849/95 8850/8850/95 8847/8847/95
f 8851/8851/84 8852/8852/84 8853/8853/84
f 8853/8853/84 8854/8854/84 8851/8851/84
f 8855/8855/96 8856/8856/96 8857/8857/96
f 8857/8857/96 8858/8858/97 8855/8855/96
f 8859/8859/82 8860/8860/82 8861/8861/82
f 8861/8861/82 8862/8862/82 8859/8859/82
f 8863/8863/14 8864/8864/14 8865/8865/14
f 8865/8865/14 8866/8866/14 8863/8863/14
f 8867/8867/29 8868/8868/29 8869/8869/29
f 8869/8869/29 8870/8870/29 8867/8867/29
f 8871/8871/30 8872/8872/30 8873/8873/30
f 8873/8873/30 8874/8874/30 8871/8871/30
f 8875/8875/27 8876/8876/27 8877/8877/27
f 8877/8877/27 8878/8878/27 8875/8875/27
f 8879/8879/31 8880/8880/31 8881/8881/31
f 8881/8881/31 8882/8882/31 8879/8879/31
f 8883/8883/14 8884/8884/14 8885/8885/14
f 8885/8885/14 8886/8886/14 8883/8883/14
f 8887/8887/95 8888/8888/95 8889/8889/95
f 8889/8889/95 8890/8890/95 8887/8887/95
f 8891/8891/84 8892/8892/84 8893/8893/84
f 8893/8893/84 8894/8894/84 8891/8891/84
f 8895/8895/96 8896/8896/96 8897/8897/96
f 8897/8897/96 8898/8898/96 8895/8895/96
f 8899/8899/82 8900/8900/82 8901/8901/82
f 8901/8901/82 8902/8902/82 8899/8899/82
f 8903/8903/14 8904/8904/14 8905/8905/14
f 8905/8905/14 8906/8906/14 8903/8903/14
f 8907/8907/95 8908/8908/95 8909/8909/95
f 8909/8909/95 8910/8910/95 8907/8907/95
f 8911/8911/84 8912/8912/84 8913/8913/84
f 8913/8913/84 8914/8914/84 8911/8911/84
f 8915/8915/97 8916/8916/96 8917/8917/96
f 8917/8917/96 8918/8918/97 8915/8915/97
f 8919/8919/82 8920/8920/82 8921/8921/82
f 8921/8921/82 8922/8922/82 8919/8919/82
f 8923/8923/14 8924/8924/14 8925/8925/14
f 8925/8925/14 8926/8926/14 8923/8923/14
f 8927/8927/95 8928/8928/95 8929/8929/95
f 8929/8929/95 8930/8930/95 8927/8927/95
f 8931/8931/84 8932/8932/84 8933/8933/84
f 8933/8933/84 8934/8934/84 8931/8931/84
f 8935/8935/96 8936/8936/96 8937/8937/96
f 8937/8937/96 8938/8938/96 8935/8935/96
f 8939/8939/82 8940/8940/82 8941/8941/82
f 8941/8941/82 8942/8942/82 8939/8939/82
f 8943/8943/14 8944/8944/14 8945/8945/14
f 8945/8945/14 8946/8946/14 8943/8943/14
f 8947/8947/29 8948/8948/29 8949/8949/29
f 8949/8949/29 8950/8950/29 8947/8947/29
f 8951/8951/30 8952/8952/30 8953/8953/30
f 8953/8953/30 8954/8954/30 8951/8951/30
f 8955/8955/27 8956/8956/27 8957/8957/27
f 8957/8957/27 8958/8958/27 8955/8955/27
f 8959/8959/31 8960/8960/31 8961/8961/31
f 8961/8961/31 8962/8962/31 8959/8959/31
f 8963/8963/14 8964/8964/14 8965/8965/14
f 8965/8965/14 8966/8966/14 8963/8963/14
f 8967/8967/95 8968/8968/95 8969/8969/95
f 8969/8969/95 8970/8970/95 8967/8967/95
f 8971/8971/84 8972/8972/84 8973/8973/84
f 8973/8973/84 8974/8974/84 8971/8971/84
f 8975/8975/96 8976/8976/96 8977/8977/96
f 8977/8977/96 8978/8978/96 8975/8975/96
f 8979/8979/82 8980/8980/82 8981/8981/82
f 8981/8981/82 8982/8982/82 8979/8979/82
f 8983/8983/14 8984/8984/14 8985/8985/14
f 8985/8985/14 8986/8986/14 8983/8983/14
f 8987/8987/29 8988/8988/29 8989/8989/29
f 8989/8989/29 8990/8990/29 8987/8987/29
f 8991/8991/30 8992/8992/30 8993/8993/30
f 8993/8993/30 8994/8994/30 8991/8991/30
f 8995/8995/27 8996/8996/27 8997/8997/27
f 8997/8997/27 8998/8998/27 8995/8995/27
f 8999/8999/31 9000/9000/31 9001/9001/31
f 9001/9001/31 9002/9002/31 8999/8999/31
f 9003/9003/14 9004/9004/14 9005/9005/14
f 9005/9005/14 9006/9006/14 9003/9003/14
f 9007/9007/95 9008/9008/95 9009/9009/95
f 9009/9009/95 9010/9010/95 9007/9007/95
f 9011/9011/84 9012/9012/84 9013/9013/84
f 9013/9013/84 9014/9014/84 9011/9011/84
f 9015/9015/96 9016/9016/96 9017/9017/96
f 9017/9017/96 9018/9018/96 9015/9015/96
f 9019/9019/82 9020/9020/82 9021/9021/82
f 9021/9021/82 9022/9022/82 9019/9019/82
f 9023/9023/14 9024/9024/14 9025/9025/14
f 9025/9025/14 9026/9026/14 9023/9023/14
f 9027/9027/29 9028/9028/29 9029/9029/29
f 9029/9029/29 9030/9030/29 9027/9027/29
f 9031/9031/30 9032/9032/30 9033/9033/30
f 9033/9033/30 9034/9034/30 9031/9031/30
f 9035/9035/27 9036/9036/27 9037/9037/27
f 9037/9037/27 9038/9038/27 9035/9035/27
f 9039/9039/31 9040/9040/31 9041/9041/31
f 9041/9041/31 9042/9042/31 9039/9039/31
f 9043/9043/14 9044/9044/14 9045/9045/14
f 9045/9045/14 9046/9046/14 9043/9043/14
f 9047/9047/29 9048/9048/29 9049/9049/29
f 9049/9049/29 9050/9050/29 9047/9047/29
f 9051/9051/30 9052/9052/30 9053/9053/30
f 9053/9053/30 9054/9054/30 9051/9051/30
f 9055/9055/27 9056/9056/27 9057/9057/27
f 9057/9057/27 9058/9058/27 9055/9055/27
f 9059/9059/31 9060/9060/31 9061/9061/31
f 9061/9061/31 9062/9062/31 9059/9059/31
f 9063/9063/14 9064/9064/14 9065/9065/14
f 9065/9065/14 9066/9066/14 9063/9063/14
f 9067/9067/29 9068/9068/29 9069/9069/29
f 9069/9069/29 9070/9070/29 9067/9067/29
f 9071/9071/30 9072/9072/30 9073/9073/30
f 9073/9073/30 9074/9074/30 9071/9071/30
f 9075/9075/27 9076/9076/27 9077/9077/27
f 9077/9077/27 9078/9078/27 9075/9075/27
f 9079/9079/31 9080/9080/31 9081/9081/31
f 9081/9081/31 9082/9082/31 9079/9079/31
f 9083/9083/14 9084/9084/14 9085/9085/14
f 9085/9085/14 9086/9086/14 9083/9083/14
f 9087/9087/95 9088/9088/95 9089/9089/95
f 9089/9089/95 9090/9090/95 9087/9087/95
f 9091/9091/84 9092/9092/84 9093/9093/84
f 9093/9093/84 9094/9094/84 9091/9091/84
f 9095/9095/96 9096/9096/96 9097/9097/96
f 9097/9097/96 9098/9098/96 9095/9095/96
f 9099/9099/82 9100/9100/82 9101/9101/82
f 9101/9101/82 9102/9102/82 9099/9099/82
f 9103/9103/14 9104/9104/14 9105/9105/14
f 9105/9105/14 9106/9106/14 9103/9103/14
f 9107/9107/29 9108/9108/29 9109/9109/29
f 9109/9109/29 9110/9110/29 9107/9107/29
f 9111/9111/30 9112/9112/30 9113/9113/30
f 9113/9113/30 9114/9114/30 9111/9111/30
f 9115/9115/27 9116/9116/27 9117/9117/27
f 9117/9117/27 9118/9118/27 9115/9115/27
f 9119/9119/31 9120/9120/31 9121/9121/31
f 9121/9121/31 9122/9122/31 9119/9119/31
f 9123/9123/14 9124/9124/14 9125/9125/14
f 9125/9125/14 9126/9126/14 9123/9123/14
f 9127/9127/95 9128/9128/95 9129/9129/95
f 9129/9129/95 9130/9130/95 9127/9127/95
f 9131/9131/84 9132/9132/84 9133/9133/84
f 9133/9133/84 9134/9134/84 9131/9131/84
f 9135/9135/96 9136/9136/96 9137/9137/96
f 9137/9137/96 9138/9138/96 9135/9135/96
f 9139/9139/82 9140/9140/82 9141/9141/82
f 9141/9141/82 9142/9142/82 9139/9139/82
f 9143/9143/14 9144/9144/14 9145/9145/14
f 9145/9145/14 9146/9146/14 9143/9143/14
f 9147/9147/95 9148/9148/95 9149/9149/95
f 9149/9149/95 9150/9150/95 9147/9147/95
f 9151/9151/84 9152/9152/84 9153/9153/84
f 9153/9153/84 9154/9154/84 9151/9151/84
f 9155/9155/96 9156/9156/96 9157/9157/96
f 9157/9157/96 9158/9158/96 9155/9155/96
f 9159/9159/82 9160/9160/82 9161/9161/82
f 9161/9161/82 9162/9162/82 9159/9159/82
f 9163/9163/14 9164/9164/14 9165/9165/14
f 9165/9165/14 9166/9166/14 9163/9163/14
f 9167/9167/95 9168/9168/95 9169/9169/95
f 9169/9169/95 9170/9170/95 9167/9167/95
f 9171/9171/84 9172/9172/84 9173/9173/84
f 9173/9173/84 9174/9174/84 9171/9171/84
f 9175/9175/96 9176/9176/96 9177/9177/96
f 9177/9177/96 9178/9178/96 9175/9175/96
f 9179/9179/82 9180/9180/82 9181/9181/82
f 9181/9181/82 9182/9182/82 9179/9179/82
f 9183/9183/14 9184/9184/14 9185/9185/14
f 9185/9185/14 9186/9186/14 9183/9183/14
f 9187/9187/29 9188/9188/29 9189/9189/29
f 9189/9189/29 9190/9190/29 9187/9187/29
f 9191/9191/30 9192/9192/30 9193/9193/30
f 9193/9193/30 9194/9194/30 9191/9191/30
f 9195/9195/27 9196/9196/27 9197/9197/27
f 9197/9197/27 9198/9198/27 9195/9195/27
f 9199/9199/31 9200/9200/31 9201/9201/31
f 9201/9201/31 9202/9202/31 9199/9199/31
f 9203/9203/14 9204/9204/14 9205/9205/14
f 9205/9205/14 9206/9206/14 9203/9203/14
f 9207/9207/95 9208/9208/95 9209/9209/95
f 9209/9209/95 9210/9210/95 9207/9207/95
f 9211/9211/84 9212/9212/84 9213/9213/84
f 9213/9213/84 9214/9214/84 9211/9211/84
f 9215/9215/96 9216/9216/96 9217/9217/96
f 9217/9217/96 9218/9218/96 9215/9215/96
f 9219/9219/82 9220/9220/82 9221/9221/82
f 9221/9221/82 9222/9222/82 9219/9219/82
f 9223/9223/14 9224/9224/14 9225/9225/14
f 9225/9225/14 9226/9226/14 9223/9223/14
f 9227/9227/29 9228/9228/29 9229/9229/29
f 9229/9229/29 9230/9230/29 9227/9227/29
f 9231/9231/30 9232/9232/30 9233/9233/30
f 9233/9233/30 9234/9234/30 9231/9231/30
f 9235/9235/27 9236/9236/27 9237/9237/27
f 9237/9237/27 9238/9238/27 9235/9235/27
f 9239/9239/31 9240/9240/31 9241/9241/31
f 9241/9241/31 9242/9242/31 9239/9239/31
f 9243/9243/14 9244/9244/14 9245/9245/14
f 9245/9245/14 9246/9246/14 9243/9243/14
f 9247/9247/29 9248/9248/29 9249/9249/29
f 9249/9249/29 9250/9250/29 9247/9247/29
f 9251/9251/30 9252/9252/30 9253/9253/30
f 9253/9253/30 9254/9254/30 9251/9251/30
f 9255/9255/27 9256/9256/27 9257/9257/27
f 9257/9257/27 9258/9258/27 9255/9255/27
f 9259/9259/31 9260/9260/31 9261/9261/31
f 9261/9261/31 9262/9262/31 9259/9259/31
f 9263/9263/14 9264/9264/14 9265/9265/14
f 9265/9265/14 9266/9266/14 9263/9263/14
f 9267/9267/31 9268/9268/31 9269/9269/31
f 9269/9269/31 9270/9270/31 9267/9267/31
f 9271/9271/29 9272/9272/29 9273/9273/29
f 9273/9273/29 9274/9274/29 9271/9271/29
f 9275/9275/30 9276/9276/30 9277/9277/30
f 9277/9277/30 9278/9278/30 9275/9275/30
f 9279/9279/27 9280/9280/27 9281/9281/27
f 9281/9281/27 9282/9282/27 9279/9279/27
f 9283/9283/14 9284/9284/14 9285/9285/14
f 9285/9285/14 9286/9286/14 9283/9283/14
f 9287/9287/98 9288/9288/98 9289/9289/98
f 9289/9289/98 9290/9290/98 9287/9287/98
f 9291/9291/92 9292/9292/92 9293/9293/92
f 9293/9293/92 9294/9294/92 9291/9291/92
f 9295/9295/99 9296/9296/100 9297/9297/99
f 9297/9297/99 9298/9298/99 9295/9295/99
f 9299/9299/90 9300/9300/90 9301/9301/90
f 9301/9301/90 9302/9302/90 9299/9299/90
f 9303/9303/14 9304/9304/14 9305/9305/14
f 9305/9305/14 9306/9306/14 9303/9303/14
f 9307/9307/98 9308/9308/98 9309/9309/98
f 9309/9309/98 9310/9310/98 9307/9307/98
f 9311/9311/92 9312/9312/92 9313/9313/92
f 9313/9313/92 9314/9314/92 9311/9311/92
f 9315/9315/99 9316/9316/100 9317/9317/99
f 9317/9317/99 9318/9318/99 9315/9315/99
f 9319/9319/90 9320/9320/90 9321/9321/90
f 9321/9321/90 9322/9322/90 9319/9319/90
f 9323/9323/14 9324/9324/14 9325/9325/14
f 9325/9325/14 9326/9326/14 9323/9323/14
f 9327/9327/98 9328/9328/98 9329/9329/98
f 9329/9329/98 9330/9330/98 9327/9327/98
f 9331/9331/92 9332/9332/92 9333/9333/92
f 9333/9333/92 9334/9334/92 9331/9331/92
f 9335/9335/99 9336/9336/100 9337/9337/99
f 9337/9337/99 9338/9338/99 9335/9335/99
f 9339/9339/90 9340/9340/90 9341/9341/90
f 9341/9341/90 9342/9342/90 9339/9339/90
f 9343/9343/14 9344/9344/14 9345/9345/14
f 9345/9345/14 9346/9346/14 9343/9343/14
f 9347/9347/31 9348/9348/31 9349/9349/31
f 9349/9349/31 9350/9350/31 9347/9347/31
f 9351/9351/29 9352/9352/29 9353/9353/29
f 9353/9353/29 9354/9354/29 9351/9351/29
f 9355/9355/30 9356/9356/30 9357/9357/30
f 9357/9357/30 9358/9358/30 9355/9355/30
f 9359/9359/27 9360/9360/27 9361/9361/27
f 9361/9361/27 9362/9362/27 9359/9359/27
f 9363/9363/14 9364/9364/14 9365/9365/14
f 9365/9365/14 9366/9366/14 9363/9363/14
f 9367/9367/98 9368/9368/98 9369/9369/98
f 9369/9369/98 9370/9370/98 9367/9367/98
f 9371/9371/92 9372/9372/92 9373/9373/92
f 9373/9373/92 9374/9374/92 9371/9371/92
f 9375/9375/99 9376/9376/100 9377/9377/99
f 9377/9377/99 9378/9378/99 9375/9375/99
f 9379/9379/90 9380/9380/90 9381/9381/90
f 9381/9381/90 9382/9382/90 9379/9379/90
f 9383/9383/14 9384/9384/14 9385/9385/14
f 9385/9385/14 9386/9386/14 9383/9383/14
f 9387/9387/31 9388/9388/31 9389/9389/31
f 9389/9389/31 9390/9390/31 9387/9387/31
f 9391/9391/29 9392/9392/29 9393/9393/29
f 9393/9393/29 9394/9394/29 9391/9391/29
f 9395/9395/30 9396/9396/30 9397/9397/30
f 9397/9397/30 9398/9398/30 9395/9395/30
f 9399/9399/27 9400/9400/27 9401/9401/27
f 9401/9401/27 9402/9402/27 9399/9399/27
f 9403/9403/14 9404/9404/14 9405/9405/14
f 9405/9405/14 9406/9406/14 9403/9403/14
f 9407/9407/98 9408/9408/98 9409/9409/98
f 9409/9409/98 9410/9410/98 9407/9407/98
f 9411/9411/92 9412/9412/92 9413/9413/92
f 9413/9413/92 9414/9414/92 9411/9411/92
f 9415/9415/99 9416/9416/100 9417/9417/99
f 9417/9417/99 9418/9418/99 9415/9415/99
f 9419/9419/90 9420/9420/90 9421/9421/90
f 9421/9421/90 9422/9422/90 9419/9419/90
f 9423/9423/14 9424/9424/14 9425/9425/14
f 9425/9425/14 9426/9426/14 9423/9423/14
f 9427/9427/31 9428/9428/31 9429/9429/31
f 9429/9429/31 9430/9430/31 9427/9427/31
f 9431/9431/29 9432/9432/29 9433/9433/29
f 9433/9433/29 9434/9434/29 9431/9431/29
f 9435/9435/30 9436/9436/30 9437/9437/30
f 9437/9437/30 9438/9438/30 9435/9435/30
f 9439/9439/27 9440/9440/27 9441/9441/27
f 9441/9441/27 9442/9442/27 9439/9439/27
f 9443/9443/14 9444/9444/14 9445/9445/14
f 9445/9445/14 9446/9446/14 9443/9443/14
f 9447/9447/31 9448/9448/31 9449/9449/31
f 9449/9449/31 9450/9450/31 9447/9447/31
f 9451/9451/29 9452/9452/29 9453/9453/29
f 9453/9453/29 9454/9454/29 9451/9451/29
f 9455/9455/30 9456/9456/30 9457/9457/30
f 9457/9457/30 9458/9458/30 9455/9455/30
f 9459/9459/27 9460/9460/27 9461/9461/27
f 9461/9461/27 9462/9462/27 9459/9459/27
f 9463/9463/14 9464/9464/14 9465/9465/14
f 9465/9465/14 9466/9466/14 9463/9463/14
f 9467/9467/31 9468/9468/31 9469/9469/31
f 9469/9469/31 9470/9470/31 9467/9467/31
f 9471/9471/29 9472/9472/29 9473/9473/29
f 9473/9473/29 9474/9474/29 9471/9471/29
f 9475/9475/30 9476/9476/30 9477/9477/30
f 9477/9477/30 9478/9478/30 9475/9475/30
f 9479/9479/27 9480/9480/27 9481/9481/27
f 9481/9481/27 9482/9482/27 9479/9479/27
f 9483/9483/14 9484/9484/14 9485/9485/14
f 9485/9485/14 9486/9486/14 9483/9483/14
f 9487/9487/98 9488/9488/98 9489/9489/98
f 9489/9489/98 9490/9490/98 9487/9487/98
f 9491/9491/92 9492/9492/92 9493/9493/92
f 9493/9493/92 9494/9494/92 9491/9491/92
f 9495/9495/99 9496/9496/100 9497/9497/99
f 9497/9497/99 9498/9498/99 9495/9495/99
f 9499/9499/90 9500/9500/90 9501/9501/90
f 9501/9501/90 9502/9502/90 9499/9499/90
f 9503/9503/14 9504/9504/14 9505/9505/14
f 9505/9505/14 9506/9506/14 9503/9503/14
f 9507/9507/31 9508/9508/31 9509/9509/31
f 9509/9509/31 9510/9510/31 9507/9507/31
f 9511/9511/29 9512/9512/29 9513/9513/29
f 9513/9513/29 9514/9514/29 9511/9511/29
f 9515/9515/30 9516/9516/30 9517/9517/30
f 9517/9517/30 9518/9518/30 9515/9515/30
f 9519/9519/27 9520/9520/27 9521/9521/27
f 9521/9521/27 9522/9522/27 9519/9519/27
f 9523/9523/14 9524/9524/14 9525/9525/14
f 9525/9525/14 9526/9526/14 9523/9523/14
f 9527/9527/98 9528/9528/98 9529/9529/98
f 9529/9529/98 9530/9530/98 9527/9527/98
f 9531/9531/92 9532/9532/92 9533/9533/92
f 9533/9533/92 9534/9534/92 9531/9531/92
f 9535/9535/99 9536/9536/100 9537/9537/99
f 9537/9537/99 9538/9538/99 9535/9535/99
f 9539/9539/90 9540/9540/90 9541/9541/90
f 9541/9541/90 9542/9542/90 9539/9539/90
f 9543/9543/14 9544/9544/14 9545/9545/14
f 9545/9545/14 9546/9546/14 9543/9543/14
f 9547/9547/98 9548/9548/98 9549/9549/98
f 9549/9549/98 9550/9550/98 9547/9547/98
f 9551/9551/92 9552/9552/92 9553/9553/92
f 9553/9553/92 9554/9554/92 9551/9551/92
f 9555/9555/99 9556/9556/100 9557/9557/99
f 9557/9557/99 9558/9558/99 9555/9555/99
f 9559/9559/90 9560/9560/90 9561/9561/90
f 9561/9561/90 9562/9562/90 9559/9559/90
f 9563/9563/14 9564/9564/14 9565/9565/14
f 9565/9565/14 9566/9566/14 9563/9563/14
f 9567/9567/31 9568/9568/31 9569/9569/31
f 9569/9569/31 9570/9570/31 9567/9567/31
f 9571/9571/29 9572/9572/29 9573/9573/29
f 9573/9573/29 9574/9574/29 9571/9571/29
f 9575/9575/30 9576/9576/30 9577/9577/30
f 9577/9577/30 9578/9578/30 9575/9575/30
f 9579/9579/27 9580/9580/27 9581/9581/27
f 9581/9581/27 9582/9582/27 9579/9579/27
f 9583/9583/14 9584/9584/14 9585/9585/14
f 9585/9585/14 9586/9586/14 9583/9583/14
f 9587/9587/31 9588/9588/31 9589/9589/31
f 9589/9589/31 9590/9590/31 9587/9587/31
f 9591/9591/29 9592/9592/29 9593/9593/29
f 9593/9593/29 9594/9594/29 9591/9591/29
f 9595/9595/30 9596/9596/30 9597/9597/30
f 9597/9597/30 9598/9598/30 9595/9595/30
f 9599/9599/27 9600/9600/27 9601/9601/27
f 9601/9601/27 9602/9602/27 9599/9599/27
